vibration_x,vibration_y,vibration_z,vibration_axial,noise_level,temp_bearing_1,temp_bearing_2,temp_motor,temp_gearbox,temp_housing,current_phase_a,current_phase_b,current_phase_c,voltage_a,voltage_b,voltage_c,pressure_inlet,pressure_outlet,pressure_mid,rotation_speed,humidity,operating_hours,oil_quality_index,equipment_age_years,outdoor_installed,status
7.123,6.652,6.929,6.496,7.026,70.01,63.38,67.0,60.78,64.56,20.703,20.78,21.761,21.299,19.861,20.217,4.734,4.48,4.674,1385.0,59.8,3019.8,90.45,13.98,Yes,Warning
5.896,5.402,5.41,5.547,5.955,69.37,63.55,67.57,68.94,67.28,23.142,23.619,22.932,23.6,22.451,23.268,4.606,4.282,4.404,1570.6,50.0,2210.2,72.0,0.58,No,Warning
5.467,4.831,4.879,5.387,5.392,77.81,72.99,73.75,68.76,73.36,21.44,21.226,21.375,20.562,20.306,21.849,4.709,4.47,4.885,1445.5,50.0,5447.8,96.38,10.47,Yes,Normal
4.963,5.303,5.796,5.451,4.637,77.1,72.35,70.66,75.3,76.93,23.401,,22.676,23.814,24.112,23.744,4.932,4.641,4.718,1719.3,62.1,5209.7,80.67,12.65,No,Warning
5.469,5.368,5.637,5.929,5.157,71.02,75.6,73.67,78.9,71.75,20.52,21.077,21.796,21.093,21.061,19.515,4.677,4.461,4.266,1502.8,47.2,4959.9,87.11,10.76,No,Normal
6.834,6.517,6.825,5.851,6.246,65.83,62.69,65.03,66.62,57.28,21.284,20.714,21.147,21.708,20.747,20.388,4.343,4.602,4.666,1451.5,41.1,6459.3,90.74,6.73,No,Normal
5.503,5.251,6.6,5.025,4.985,73.48,71.98,71.98,67.58,74.59,20.919,19.923,20.738,21.369,20.522,21.021,4.617,4.519,4.97,1444.8,38.6,4399.0,88.29,4.48,Yes,Normal
7.784,7.196,7.949,7.726,7.592,64.39,66.79,59.66,62.31,64.39,22.601,23.14,21.79,23.046,22.787,22.495,4.806,4.905,4.59,1645.2,40.2,6423.0,83.24,12.54,Yes,Failure
7.317,6.327,6.307,6.888,6.086,72.92,76.02,76.25,75.08,74.36,21.47,21.327,22.339,21.24,21.784,21.86,4.848,4.769,4.999,1366.8,51.9,6488.3,73.63,10.96,No,Warning
5.993,5.446,6.575,6.065,6.075,67.42,69.4,67.48,70.55,70.74,23.184,22.745,22.801,22.781,22.755,22.463,4.791,4.512,4.521,1450.4,,1666.8,78.31,1.58,Yes,Warning
6.238,7.646,7.468,7.463,7.755,69.19,68.86,69.41,69.3,68.86,23.342,22.48,23.518,23.502,22.886,23.231,4.547,4.947,5.065,1405.2,48.4,9678.6,82.12,1.46,No,Failure
5.373,6.734,5.053,5.199,6.357,57.61,60.9,59.34,60.35,64.68,23.854,24.888,23.038,24.121,24.437,23.877,4.185,4.152,4.152,1486.4,53.0,2785.7,78.58,10.59,No,Normal
7.528,7.957,7.033,7.161,7.042,63.82,62.88,65.23,65.8,62.44,20.715,22.054,21.624,21.58,21.701,21.594,4.743,4.853,4.726,1296.7,48.9,1074.1,87.02,11.4,Yes,Failure
8.169,8.075,7.694,8.01,6.803,71.82,70.23,71.06,69.62,72.15,23.819,23.073,23.478,22.441,23.243,23.11,5.076,5.0,4.629,1341.3,22.4,1747.0,59.77,11.61,No,Failure
5.134,5.682,6.497,6.184,5.338,68.47,66.17,64.42,70.81,71.02,20.118,20.39,20.686,21.377,19.775,21.245,4.679,4.829,4.338,1643.0,29.5,9227.3,98.72,5.65,,Normal
6.462,5.632,5.603,6.459,7.263,63.2,59.94,55.41,60.4,63.81,21.541,21.244,22.244,22.241,21.585,22.296,4.454,4.297,4.507,1426.8,37.3,5118.9,98.97,0.79,No,Normal
7.266,6.308,7.113,6.679,7.093,74.49,74.88,74.32,76.57,74.68,22.511,23.038,23.573,22.747,22.509,23.04,5.419,4.921,5.065,1474.0,43.3,2142.4,79.23,14.77,No,Failure
6.131,5.124,5.647,5.622,6.168,62.17,57.83,61.04,61.73,60.72,21.981,21.363,21.225,21.371,20.14,21.302,3.989,4.332,4.487,1512.9,45.6,2455.9,87.72,10.95,No,Normal
7.321,7.62,6.989,8.115,7.99,68.26,,71.3,73.87,73.57,24.089,23.283,24.66,22.296,23.771,24.258,4.814,5.126,5.034,1453.1,40.7,4388.0,64.31,4.56,No,Failure
6.362,6.181,5.875,6.328,6.795,69.56,72.88,74.14,68.88,72.84,23.757,22.346,23.657,22.637,23.156,23.963,4.833,5.075,4.783,1609.2,57.6,1041.0,84.35,9.1,No,Warning
6.014,5.341,5.209,4.748,4.777,67.87,70.13,68.71,69.26,65.68,21.379,21.172,22.435,21.702,21.273,21.855,4.416,4.089,4.391,1470.2,54.3,6818.0,91.24,13.43,No,Normal
5.408,5.802,5.14,7.076,5.826,64.64,63.86,63.45,64.49,64.35,22.228,20.653,22.517,22.385,22.232,22.177,4.664,4.104,4.158,1557.7,38.3,877.0,77.96,3.39,,Warning
5.04,5.804,6.059,5.247,5.566,62.65,63.79,62.83,63.9,63.08,20.16,19.78,21.494,22.337,21.978,20.494,4.004,4.054,4.084,1841.3,,633.3,98.85,11.45,No,Normal
6.8,6.509,6.664,7.28,6.479,71.06,67.02,68.64,70.76,69.43,24.059,23.329,22.882,22.786,23.449,24.915,4.846,4.477,5.071,1495.3,54.3,2180.0,,7.29,No,Warning
6.669,6.941,7.124,6.517,7.273,64.45,67.68,64.52,66.58,64.36,22.676,22.751,22.149,21.93,21.831,23.653,4.517,4.689,4.359,1428.7,64.1,3859.9,80.57,9.19,No,Warning
6.824,6.133,6.878,7.638,6.462,74.93,72.88,70.62,70.32,68.8,20.632,20.453,22.035,20.674,22.085,21.118,5.068,4.996,4.765,1525.5,23.4,2566.1,102.84,14.16,No,Warning
5.704,6.296,6.418,5.595,5.688,72.68,71.5,72.99,75.71,68.73,24.181,23.165,22.943,23.85,22.848,21.801,4.485,4.592,4.661,1461.7,54.0,1141.7,62.05,7.34,Yes,Warning
8.107,6.95,8.466,8.076,7.082,70.41,70.69,69.57,73.41,63.84,20.68,21.172,21.333,20.73,20.657,20.72,4.755,4.824,5.302,1422.1,27.6,2947.3,74.3,10.59,No,Warning
7.944,7.701,7.577,7.965,7.078,75.7,73.2,73.91,75.43,70.96,22.782,22.72,21.921,23.136,21.866,23.962,5.017,4.824,5.099,1420.2,50.5,7091.1,67.04,14.62,No,Failure
7.017,8.183,7.594,7.641,8.42,60.66,60.29,63.94,59.55,62.29,23.319,,21.894,23.149,20.926,21.37,4.577,4.27,4.732,1270.6,40.7,11776.9,66.54,10.77,No,Warning
5.71,6.113,6.113,6.211,6.407,72.31,70.26,68.29,72.52,68.74,21.339,21.428,20.978,21.541,22.218,22.169,4.872,4.723,4.836,1642.2,37.8,778.5,91.45,2.22,No,Normal
5.725,6.461,6.528,5.663,6.241,67.65,65.68,62.83,62.95,64.91,22.914,22.98,22.48,22.718,22.631,22.028,4.561,4.675,4.464,1469.9,34.8,837.2,73.31,13.94,No,Warning
6.176,6.512,41.98094647599757,6.667,6.832,70.53,66.82,67.81,73.01,69.78,23.672,24.639,23.347,23.515,23.579,23.856,4.3,4.507,4.491,1441.6,46.0,5229.7,73.67,6.1,No,Warning
6.429,7.157,6.185,5.605,6.049,66.5,64.37,64.0,64.59,64.93,21.678,21.097,19.993,22.03,21.416,20.654,4.629,4.287,4.429,1442.7,40.3,4527.2,87.41,14.66,No,Normal
7.941,8.127,7.899,8.585,8.518,75.19,71.08,71.77,73.37,66.81,22.24,23.575,22.198,23.789,23.613,23.25,5.364,4.928,5.121,1528.5,55.8,6191.1,82.32,1.94,,Failure
7.586,7.04,8.265,6.815,7.415,69.44,67.01,67.95,70.7,70.08,22.88,21.494,23.558,22.357,21.622,22.454,4.827,4.888,4.997,1477.9,43.2,4289.7,84.47,1.26,No,Warning
5.463,5.472,6.406,6.436,5.867,60.18,57.85,66.37,61.54,64.18,23.372,20.887,21.393,22.491,22.559,22.432,4.24,4.166,4.253,1592.9,28.7,430.3,76.02,0.59,Yes,Normal
7.17,6.554,6.934,6.591,7.104,65.23,65.28,67.08,64.23,68.54,23.219,24.092,22.956,24.027,24.108,23.407,4.596,4.231,4.704,1452.0,55.0,1648.0,63.2,10.3,Yes,Failure
6.967,6.367,43.21780765647163,7.044,7.381,63.64,65.31,59.77,64.86,64.89,22.798,23.378,22.416,22.154,22.851,22.602,4.276,4.713,4.577,1475.4,50.1,1941.9,82.76,14.61,Yes,Warning
5.488,4.911,6.053,5.238,5.507,70.1,73.72,71.63,70.54,72.53,20.163,21.598,20.014,20.237,19.993,19.545,4.737,4.451,4.482,1420.5,37.5,5647.3,91.68,5.35,Yes,Normal
7.516,5.506,6.515,6.82,7.141,75.04,74.17,73.36,77.2,72.35,21.268,20.877,21.314,21.571,22.682,21.448,5.033,5.121,4.957,1498.4,65.1,4129.2,88.31,3.21,No,Warning
6.823,6.592,6.303,6.531,7.214,70.91,68.03,72.8,70.68,68.52,20.401,21.621,20.656,20.505,20.165,19.667,4.679,4.821,4.702,1412.5,31.9,8472.1,99.7,4.15,Yes,Normal
8.769,7.077,7.764,7.97,7.739,66.42,67.83,66.55,67.25,66.77,23.545,23.542,23.886,22.488,23.045,24.197,4.846,5.088,4.793,1611.6,53.0,1739.8,88.64,6.74,No,Failure
7.238,6.812,6.0,6.386,6.304,60.57,,58.35,58.78,60.07,23.247,23.385,22.289,21.539,21.395,21.972,4.32,4.281,4.444,1622.8,53.0,5795.4,81.56,7.19,No,Warning
6.496,6.452,5.625,4.528,5.833,70.33,67.23,64.47,69.59,67.97,22.982,24.548,22.946,22.443,100.07539195409903,23.398,4.316,4.155,4.34,1387.3,33.4,1545.1,74.22,9.87,No,Warning
4.119,5.827,5.156,4.617,6.939,75.28,77.27,75.29,73.62,73.46,23.395,23.57,23.004,23.615,22.97,23.492,4.195,4.6,4.326,1513.4,41.9,664.0,71.4,13.47,No,Warning
6.305,6.94,7.267,6.126,6.149,64.99,64.22,65.79,62.31,62.23,19.706,20.48,20.431,21.68,19.149,20.1,4.333,4.53,4.399,1312.9,45.1,916.3,105.74,6.0,No,Normal
7.303,7.041,6.666,7.335,7.566,68.85,65.66,63.53,67.2,70.66,24.628,23.647,23.459,23.662,23.654,22.925,4.804,4.969,4.99,1416.9,69.1,2891.7,69.55,3.36,No,Failure
5.718,5.557,6.374,6.584,5.641,60.27,61.02,63.49,63.51,64.02,19.766,20.884,20.867,20.298,19.237,20.085,4.4,4.334,4.341,1369.6,40.6,2068.1,99.17,12.34,No,Normal
5.687,5.628,4.308,5.727,5.43,69.11,69.95,73.39,73.59,69.74,20.796,21.067,21.149,22.088,21.661,20.445,4.569,4.456,4.794,1384.2,48.7,6315.5,80.88,7.24,Yes,Normal
4.342,4.455,5.391,5.085,4.261,75.2,72.78,75.38,74.37,74.93,24.234,23.508,22.927,22.692,23.63,24.032,4.501,4.812,4.723,1369.5,44.6,2570.8,71.19,6.36,Yes,Warning
5.966,7.901,6.021,6.788,5.471,77.56,74.07,71.93,74.95,70.12,24.088,22.711,23.529,23.959,25.0,23.799,4.599,4.77,4.698,1402.9,43.4,987.5,68.78,12.01,No,Warning
7.404,7.624,7.534,6.27,7.483,75.58,77.43,71.44,69.81,70.89,19.329,19.997,19.96,20.021,20.923,19.181,5.2,4.777,4.95,1657.8,40.6,1952.6,103.8,2.72,No,Warning
5.898,4.876,5.801,5.804,6.677,74.54,74.97,73.01,70.65,75.24,23.319,23.429,23.46,23.565,24.036,23.414,4.728,5.059,4.941,1616.3,25.1,1813.9,63.62,9.53,No,Warning
6.613,6.535,6.935,6.605,6.402,72.38,74.11,69.86,69.01,75.19,22.863,23.811,22.363,22.733,22.22,23.566,5.103,5.185,4.862,1388.0,40.6,5417.0,66.41,12.34,No,Failure
7.662,7.598,5.784,6.76,6.542,58.95,63.28,61.89,57.8,54.55,22.019,23.338,22.531,24.271,23.145,22.373,4.19,4.372,4.304,1358.5,57.6,1341.5,68.6,10.79,No,Warning
7.301,7.895,8.368,7.82,7.575,67.94,64.34,67.32,69.4,67.89,22.69,23.651,23.506,23.229,23.176,21.892,5.061,4.797,4.911,1414.9,32.3,2682.3,69.82,13.69,No,Failure
8.049,6.577,6.457,6.168,7.084,70.56,75.59,75.17,70.33,71.87,22.898,21.668,22.147,21.338,21.769,22.48,4.955,4.791,4.887,1569.3,43.9,3569.0,91.83,3.35,No,Warning
8.548,7.141,8.49,7.245,6.261,66.89,66.2,66.85,61.78,65.57,21.183,21.794,21.805,21.149,22.08,21.877,4.672,5.066,4.861,1608.7,58.3,9301.8,99.66,6.59,No,Warning
5.666,7.019,5.726,5.816,6.441,75.3,,72.9,71.37,68.63,22.234,21.385,21.987,21.396,21.024,20.376,5.07,4.563,5.21,1562.5,59.7,11539.6,100.7,3.03,Yes,Warning
6.958,6.662,6.733,7.696,6.576,60.86,63.19,60.92,59.54,59.92,19.423,19.564,19.496,20.641,19.71,19.505,4.485,4.667,4.456,1464.1,57.3,1623.1,99.67,6.23,Yes,Normal
7.576,8.295,8.021,8.81,6.905,76.46,78.37,70.73,78.59,72.54,23.097,21.596,22.737,21.866,22.22,21.054,4.983,4.963,5.079,1280.2,45.0,7305.2,94.14,1.79,No,Failure
6.325,7.135,7.222,5.824,7.519,75.95,74.12,72.88,70.94,77.53,19.656,20.585,20.625,20.27,21.01,19.592,4.937,4.985,4.962,1577.7,56.9,3929.0,80.64,6.49,No,Warning
5.211,5.549,5.019,5.582,5.512,56.47,61.17,59.78,61.43,63.46,20.528,20.116,20.858,19.996,20.926,22.107,4.103,4.056,4.523,1226.0,53.8,4084.6,105.93,14.06,No,Normal
5.65,5.229,5.647,6.034,5.425,73.18,75.28,69.74,75.1,73.74,20.241,20.634,19.709,19.267,20.325,20.096,4.69,4.453,4.544,1265.3,37.6,2105.8,88.57,4.07,No,Normal
7.534,7.245,9.046,7.109,7.827,62.57,63.36,64.76,63.37,62.27,23.301,23.593,23.46,22.335,23.571,23.298,4.75,4.524,4.716,1355.6,21.0,3798.4,61.1,13.81,Yes,Failure
5.357,6.755,5.672,5.787,5.994,74.52,73.84,72.78,72.45,70.51,21.076,,22.282,22.938,23.416,21.403,4.753,4.745,4.337,1443.1,31.1,1077.7,86.36,2.87,No,Warning
5.937,6.312,6.211,5.749,6.708,73.24,71.11,74.19,71.42,71.75,21.621,21.391,21.644,21.012,23.056,22.443,4.883,4.583,4.792,1545.3,54.5,1198.1,85.26,5.3,No,Warning
6.907,7.582,7.871,7.612,6.935,70.6,68.65,67.74,69.92,73.2,21.922,22.645,22.417,21.979,22.627,22.056,5.275,5.016,4.867,1498.9,45.0,10746.1,81.34,11.25,Yes,Failure
6.154,7.4,6.965,6.39,6.61,68.59,78.06,75.44,71.68,72.99,23.058,23.301,24.268,23.646,23.389,22.676,4.848,4.931,4.915,1512.2,42.9,1820.5,86.38,5.21,Yes,Failure
7.56,7.441,7.27,6.843,6.706,61.33,66.86,61.83,64.48,61.48,19.837,20.938,20.748,21.149,19.573,20.719,4.133,4.53,4.533,1589.5,45.5,2761.1,88.34,5.46,No,Normal
5.257,5.123,5.529,4.178,3.801,73.68,76.28,72.65,78.19,73.37,21.318,20.619,21.025,20.602,20.212,22.163,4.065,4.921,4.562,1702.5,66.2,2827.3,85.52,2.87,Yes,Normal
6.255,5.987,5.736,5.988,6.064,72.35,73.04,71.03,68.17,72.45,21.156,20.335,20.238,20.207,19.809,20.483,4.882,4.698,4.898,1456.6,58.5,4198.5,114.76,14.69,No,Normal
6.765,5.975,6.192,5.128,5.208,65.17,64.91,62.97,64.32,63.27,21.086,22.409,20.869,21.093,21.061,20.74,4.313,3.992,4.254,1310.3,49.9,3008.3,85.66,5.94,No,Normal
6.608,6.852,8.234,6.658,8.184,59.05,56.65,58.04,62.33,61.83,20.077,19.977,21.13,21.388,19.179,20.93,4.352,4.33,4.145,1286.5,,1646.4,102.93,10.01,No,Normal
8.917,8.32,7.756,7.812,7.427,60.61,64.37,59.18,59.65,62.52,21.894,21.736,22.28,21.892,120.92273965269855,22.061,4.382,4.621,4.687,1176.4,,4186.6,88.27,13.71,No,Warning
4.627,6.112,5.82,6.176,6.013,71.96,72.11,73.34,70.55,71.34,22.207,21.153,23.096,23.384,22.673,22.256,4.647,4.761,4.469,1431.6,46.4,1371.5,98.05,13.32,Yes,Normal
8.015,7.088,8.063,7.221,7.396,61.86,61.52,58.72,59.62,61.52,21.629,22.817,21.099,21.052,21.295,22.085,4.605,4.309,4.199,1627.1,41.3,2192.7,100.19,5.36,Yes,Warning
8.067,7.333,8.348,8.476,8.004,64.43,66.55,67.8,68.15,67.02,21.34,22.934,22.575,21.669,21.067,22.237,4.336,4.762,4.934,1324.4,38.9,8452.6,93.4,2.39,Yes,Warning
6.821,7.129,6.896,7.845,6.703,67.29,59.9,62.09,61.96,60.89,23.631,23.838,22.772,24.252,23.491,23.652,4.47,4.573,4.355,1572.3,54.0,4174.4,72.34,4.62,No,Warning
7.553,8.35,7.822,7.298,7.31,65.14,61.74,64.22,67.81,62.8,22.69,22.242,21.53,22.441,22.132,21.662,4.633,4.58,4.352,1380.1,53.8,5709.9,76.5,0.84,Yes,Warning
5.5,6.164,5.791,7.165,5.401,67.57,62.72,69.48,65.95,63.45,20.908,21.572,20.321,21.15,20.649,21.498,4.099,4.336,4.275,1518.4,27.2,12392.6,88.32,3.33,No,Normal
7.314,7.804,7.349,7.18,6.743,64.79,62.13,62.15,57.45,61.75,21.236,,20.617,20.45,20.829,20.628,4.504,4.539,4.396,1227.1,46.1,8119.3,96.44,0.67,No,Normal
7.779,8.507,7.619,7.657,7.425,72.46,73.31,71.21,75.56,72.01,21.672,21.222,20.672,21.595,22.749,20.533,4.754,5.069,5.146,1548.2,26.9,3258.0,97.69,9.45,Yes,Warning
7.93,6.974,6.75,7.74,6.881,64.17,62.39,64.58,63.5,62.27,24.249,23.274,23.229,24.26,24.054,23.866,4.595,4.199,4.903,1361.2,49.4,3009.2,68.32,10.62,No,Failure
6.607,6.022,6.044,6.625,6.174,71.92,74.6,69.08,70.9,75.58,20.698,20.561,21.558,21.207,20.67,21.705,4.787,4.948,4.788,1493.0,64.1,2755.4,76.51,3.18,Yes,Warning
5.74,5.342,5.914,5.084,6.183,66.57,67.32,67.03,66.94,71.97,23.456,24.415,24.136,23.729,24.119,23.756,4.76,4.253,4.474,1527.2,57.1,4104.5,63.2,5.63,,Warning
4.48,5.744,5.198,6.675,4.771,72.62,69.68,71.83,66.67,69.19,22.489,23.18,22.743,24.454,23.5,22.563,4.615,4.649,4.246,1656.6,45.3,1900.0,79.73,10.64,No,Warning
5.445,5.342,6.309,4.881,5.668,67.99,72.88,65.33,71.82,68.21,20.986,21.14,21.079,21.208,22.142,21.349,4.668,4.402,4.928,1441.5,,1545.0,96.06,13.06,No,Warning
4.112,4.641,5.239,5.001,5.077,67.17,63.67,61.22,59.92,64.66,23.278,23.609,23.828,24.224,23.535,24.041,4.213,4.055,4.104,1592.1,42.6,3155.5,80.32,3.95,No,Normal
7.04,8.13,7.465,7.59,6.707,66.04,64.47,63.08,69.13,61.13,22.667,23.625,23.058,23.455,23.364,23.713,4.614,4.742,4.524,1607.2,,2653.4,84.6,11.33,No,Failure
6.496,6.452,5.625,4.528,5.833,70.33,67.23,64.47,69.59,67.97,22.982,24.548,22.946,22.443,100.07539195409903,23.398,4.316,4.155,4.34,1387.3,33.4,1545.1,74.22,9.87,No,Warning
5.12,5.925,5.827,6.086,5.507,75.24,69.35,66.74,69.16,65.97,21.39,19.937,22.065,20.491,20.825,21.186,4.191,4.462,4.615,1509.5,43.5,3684.6,101.07,3.5,No,Normal
5.719,7.221,6.502,6.542,7.324,73.47,74.42,71.11,72.53,72.89,20.339,20.649,19.882,21.33,21.435,19.839,5.076,4.956,4.721,1573.2,55.5,1811.8,108.67,10.39,No,Warning
7.831,7.247,8.005,8.156,7.863,72.08,73.72,69.8,74.72,69.36,21.42,21.675,23.144,21.752,22.329,23.343,5.311,4.867,4.937,1346.4,66.8,1948.0,88.74,10.13,Yes,Failure
4.701,5.698,5.74,5.724,5.558,74.83,68.09,71.7,72.82,76.38,22.841,22.499,22.454,23.296,23.335,21.852,4.445,4.551,4.618,1645.8,19.9,1047.0,82.2,9.99,Yes,Normal
5.667,6.024,6.847,5.891,5.835,71.41,72.92,68.04,74.65,75.36,21.075,20.794,20.408,20.134,21.462,21.132,4.46,4.915,4.404,1428.7,46.9,2638.4,108.73,9.72,No,Normal
5.355,4.508,5.138,5.683,4.237,62.8,64.23,65.72,62.9,72.67,23.458,22.254,23.291,21.949,22.387,22.11,4.196,4.701,4.469,1606.1,54.2,1509.2,85.65,3.37,Yes,Normal
5.759,5.52,5.631,5.407,5.766,68.11,71.31,69.32,68.41,68.97,20.593,20.344,19.814,20.758,20.487,20.055,4.602,4.331,4.532,1738.5,43.8,3036.9,105.42,5.61,Yes,Normal
5.411,4.465,5.256,5.544,5.195,65.82,61.21,62.66,59.83,64.54,20.903,22.343,22.117,21.901,20.911,22.037,4.062,4.304,4.026,1536.5,54.1,607.9,79.77,1.06,No,Normal
7.788,7.997,6.834,7.177,7.506,65.36,64.04,62.56,65.88,61.68,20.597,20.141,20.288,21.443,21.87,20.539,4.649,4.549,4.454,1455.3,46.9,1255.8,108.39,9.63,No,Warning
6.522,6.471,6.927,7.518,7.907,65.99,62.38,64.68,64.49,68.05,22.576,22.896,23.442,22.885,22.218,22.24,4.563,4.591,4.536,1395.4,44.7,2221.4,75.85,5.14,No,Warning
5.506,5.037,6.809,6.564,6.049,59.75,,62.74,64.59,60.37,23.888,23.612,23.311,24.182,23.974,23.729,4.207,4.37,4.37,1429.5,55.6,3975.9,80.69,10.78,Yes,Warning
7.192,8.925,49.94399552660425,7.666,8.45,74.72,69.83,70.96,76.89,67.8,22.978,23.441,23.992,24.044,23.403,23.735,5.046,5.032,5.127,1695.3,40.7,4678.4,69.26,7.76,Yes,Failure
6.285,6.326,7.328,7.218,7.16,65.07,64.45,64.4,65.86,63.23,22.521,22.862,24.145,23.3,23.863,23.351,4.611,4.869,4.445,1472.5,40.2,2398.8,79.21,6.39,Yes,Failure
5.424,5.61,5.678,6.939,6.965,72.53,71.59,77.36,72.61,72.24,21.009,21.597,20.81,20.452,20.495,20.605,4.867,4.588,4.869,1458.0,54.8,1221.4,82.02,12.27,No,Normal
8.163,7.093,6.582,7.785,7.912,72.5,70.99,72.31,67.24,70.83,20.812,19.916,20.278,20.2,19.053,19.479,5.209,4.992,5.199,1634.7,51.7,6443.0,103.44,9.44,Yes,Warning
5.714,5.114,6.136,6.018,6.625,61.1,64.77,65.67,63.91,61.84,22.057,20.581,21.088,20.784,20.778,21.253,4.407,4.55,4.542,1644.4,25.6,2524.1,94.29,5.06,No,Normal
6.135,6.856,7.094,6.455,7.033,61.59,61.54,60.84,64.64,61.3,22.927,23.242,22.224,23.321,22.695,22.99,4.196,4.429,4.05,1399.5,34.6,4363.8,81.97,4.22,Yes,Warning
5.795,5.714,6.35,5.385,4.823,77.01,72.0,72.38,74.0,73.38,22.168,22.511,22.861,23.39,23.008,22.41,4.796,4.573,4.798,1686.7,43.0,3936.1,94.36,7.17,Yes,Warning
7.729,8.654,8.056,7.705,7.769,61.56,58.81,60.06,62.0,62.37,22.119,,21.996,22.202,21.632,21.972,4.325,4.711,4.68,1481.7,,3600.6,82.98,7.83,Yes,Warning
5.63,4.982,4.253,5.724,5.12,63.03,58.69,64.04,63.66,58.96,23.262,21.786,22.941,22.383,22.842,23.03,4.357,4.007,4.151,1482.7,46.3,1564.3,81.82,8.77,No,Normal
7.556,7.449,7.453,6.817,8.534,68.23,69.17,68.15,72.69,69.91,21.908,21.102,21.413,21.284,20.302,22.024,4.595,4.954,4.875,1466.2,40.2,13995.4,75.38,11.9,No,Warning
8.32,7.6,7.515,7.527,7.755,74.95,76.02,71.54,73.46,75.08,22.555,22.162,22.815,23.007,22.984,23.23,5.284,5.025,5.329,1278.4,,4302.8,80.28,3.33,No,Failure
7.532,7.65,6.806,8.104,7.595,66.47,63.52,64.33,66.5,65.18,22.873,21.981,23.03,22.916,23.078,23.105,4.991,4.847,4.585,1288.0,39.5,5512.9,76.71,0.64,No,Failure
4.629,6.156,4.424,6.399,4.116,73.4,76.6,71.73,73.55,73.72,22.502,22.536,22.215,21.678,21.508,21.92,4.627,4.892,4.697,1591.1,52.3,11127.6,82.02,11.04,No,Warning
5.737,5.81,6.039,6.443,5.491,59.32,65.07,64.66,65.01,60.17,20.262,19.256,20.494,20.189,19.607,21.557,4.159,4.403,4.385,1670.8,42.1,3974.5,89.59,7.87,Yes,Normal
6.083,7.078,6.41,7.208,7.229,74.12,69.14,73.44,72.47,69.45,23.446,23.249,21.544,23.666,23.758,24.176,4.514,4.781,4.827,1499.4,24.6,4339.0,73.1,9.13,No,Failure
5.587,4.759,5.483,6.42,5.205,74.23,78.47,71.93,74.13,73.62,23.508,23.326,23.459,23.903,23.958,22.916,4.67,4.58,4.887,1340.2,57.0,4137.1,78.04,3.24,Yes,Warning
7.005,6.151,7.042,6.423,6.413,75.53,70.99,75.65,74.83,71.74,19.99,20.803,19.809,20.0,20.351,21.079,4.688,5.143,4.965,1460.6,55.1,5698.5,99.28,2.43,No,Normal
5.686,6.345,5.893,6.18,6.454,70.5,74.98,69.23,72.62,70.02,23.366,22.716,22.429,22.948,22.756,23.899,4.615,4.777,4.341,1542.8,44.7,799.0,81.69,1.98,No,Warning
6.588,6.258,6.836,6.071,7.181,62.01,67.09,60.87,63.72,60.7,21.137,21.965,21.475,21.991,21.444,22.585,4.605,4.25,4.421,1642.3,37.8,881.7,87.93,9.73,No,Warning
6.658,6.484,6.179,5.63,5.875,71.73,70.36,70.39,71.3,75.57,22.501,21.934,22.351,20.72,20.978,21.052,4.616,5.114,4.796,1640.6,42.3,2673.8,95.99,12.79,No,Warning
6.531,5.352,6.067,5.507,6.956,64.01,63.4,64.14,67.5,63.39,21.781,21.546,21.205,20.862,21.175,21.84,4.45,4.343,4.06,1451.9,49.9,2056.4,87.67,9.27,Yes,Normal
7.963,7.616,6.794,7.15,8.146,66.88,67.95,64.38,64.7,62.17,21.473,21.688,20.34,20.191,20.472,21.275,4.979,4.787,4.636,1644.8,48.3,1111.8,105.82,5.86,Yes,Warning
8.658,7.318,7.196,7.715,8.272,66.61,69.03,65.72,71.15,64.42,20.998,22.352,20.883,21.639,19.892,19.168,5.045,4.744,4.835,1559.1,52.3,10786.0,90.6,6.05,Yes,Warning
6.817,6.95,6.251,6.565,6.366,62.12,67.15,70.23,64.91,63.88,21.912,21.175,22.338,21.777,21.037,21.763,4.263,4.76,4.486,1556.3,46.4,2312.8,105.44,13.91,No,Warning
6.042,5.264,5.708,5.412,6.071,61.05,61.35,64.08,62.87,57.19,19.824,22.523,21.288,20.728,21.376,21.202,4.023,4.328,4.35,1640.9,43.0,2409.2,88.01,5.24,No,Normal
7.51,8.588,7.83,7.865,7.029,62.18,60.86,64.49,60.53,59.79,19.09,20.417,20.84,19.875,19.461,19.039,4.621,4.732,4.611,1410.9,29.1,6293.6,104.11,4.31,No,Normal
6.359,6.119,5.653,6.171,6.597,61.66,63.84,63.46,62.99,63.55,21.055,20.332,20.641,21.877,21.708,22.55,3.914,4.301,4.4,1486.6,57.8,7476.3,95.33,1.5,No,Normal
7.229,5.178,6.104,6.578,6.635,62.33,58.06,59.45,63.02,62.68,22.407,22.77,22.828,23.899,22.986,23.177,4.092,4.299,4.505,1512.7,52.9,8994.4,82.43,11.51,No,Warning
7.787,6.068,5.808,6.232,7.135,68.13,68.14,66.18,69.71,70.48,23.91,23.704,22.616,21.893,23.781,23.262,4.641,4.497,4.777,1437.5,46.6,2342.6,79.59,10.49,No,Warning
6.037,5.36,6.313,6.447,6.297,65.97,68.22,70.72,72.16,65.19,19.871,21.161,22.471,21.652,20.514,20.182,4.328,4.517,4.65,1469.3,45.3,961.3,100.27,5.34,No,Normal
6.647,6.315,6.788,7.582,7.364,68.34,66.54,64.19,68.57,70.21,22.057,21.34,21.968,22.413,22.443,23.039,4.486,4.409,4.461,1471.1,25.7,11877.9,98.97,10.02,Yes,Warning
7.538,7.026,7.48,8.276,8.993,73.95,70.18,76.18,73.51,76.74,23.704,23.338,24.013,22.311,24.283,22.413,5.403,5.043,5.42,1780.7,65.2,3859.1,77.49,3.43,Yes,Failure
7.387,7.815,6.539,6.42,7.352,76.14,74.17,69.56,74.02,70.55,23.75,24.49,23.479,23.233,24.537,23.988,4.631,4.653,4.75,1592.5,51.4,3957.8,71.24,0.5,No,Failure
5.33,5.406,4.756,4.807,5.622,70.02,67.82,73.23,69.91,68.63,22.52,22.111,22.649,22.043,22.751,21.714,4.364,4.339,4.586,1478.5,,7414.1,70.69,2.2,Yes,Warning
7.055,6.492,5.173,5.514,5.007,73.94,82.13,72.98,72.0,73.7,23.861,24.139,24.302,24.229,23.035,24.289,4.592,4.72,4.656,1607.1,,2033.2,68.2,1.18,No,Warning
6.964,6.17,7.056,6.881,7.497,67.77,70.09,67.17,67.26,67.89,23.229,23.605,23.417,24.13,24.93,23.925,4.353,4.541,4.46,1500.1,25.0,1653.0,69.86,8.92,Yes,Failure
7.66,6.466,6.65,7.088,6.142,70.12,69.4,70.3,69.96,71.51,21.268,22.504,22.145,21.642,21.899,21.943,4.657,4.691,4.921,1459.8,58.4,3126.5,86.72,13.17,No,Warning
7.667,7.89,8.09,7.728,7.577,65.8,63.86,64.35,68.05,63.59,21.181,21.422,20.939,21.195,20.818,19.947,4.657,5.038,4.84,1526.8,51.9,2237.9,87.76,6.52,No,Warning
6.757,6.437,4.995,6.634,6.298,59.07,58.69,60.15,61.22,62.39,22.066,21.414,22.904,22.357,22.374,22.33,4.295,4.204,4.456,1469.5,68.4,4089.5,97.55,14.98,No,Warning
6.354,5.758,4.778,4.919,4.949,63.12,57.55,64.02,58.18,59.14,23.677,23.648,23.7,22.973,23.756,22.897,3.926,4.147,4.046,1409.2,49.9,3116.1,65.15,0.88,No,Normal
5.908,4.967,4.961,5.504,5.268,73.77,70.46,74.72,74.67,77.92,22.229,21.2,22.895,22.197,22.366,23.378,4.702,4.325,4.662,1358.5,45.7,2051.6,86.05,14.79,No,Warning
5.121,6.168,5.256,6.183,6.192,64.22,61.76,65.62,65.68,62.66,20.407,20.883,21.287,20.93,21.945,21.047,4.419,4.503,4.257,1425.9,45.8,3227.6,93.96,6.24,No,Normal
6.63,6.65,6.444,6.217,7.175,69.59,63.2,61.6,69.2,64.22,21.102,20.679,22.182,21.943,22.387,21.558,4.574,4.381,4.273,1668.9,46.2,2240.7,84.35,13.61,Yes,Normal
6.763,6.025,6.171,6.836,6.941,71.6,69.27,68.88,69.95,71.65,19.517,20.361,21.613,20.365,20.759,19.487,4.471,4.783,4.999,1375.2,48.7,2289.6,92.02,11.82,No,Warning
6.638,5.595,4.497,5.789,5.411,73.7,69.19,70.54,73.81,70.59,20.932,,21.663,19.883,20.728,21.142,4.754,4.409,4.272,1623.7,45.7,3035.2,100.51,1.74,No,Normal
7.954,7.225,7.334,7.266,8.098,63.17,64.35,66.87,65.8,65.98,22.119,19.977,20.091,20.64,21.102,19.475,4.939,4.635,4.433,1603.0,39.5,1863.2,81.79,7.61,No,Warning
6.995,8.032,7.124,7.118,7.289,64.47,66.45,68.43,69.99,71.56,24.038,22.447,23.858,23.52,-44.99909240847471,23.188,4.917,4.543,4.912,1637.4,80.1,10070.7,74.14,4.44,No,Warning
7.421,6.716,7.239,7.314,6.747,64.68,67.46,67.96,64.53,65.58,23.411,22.936,23.321,22.528,22.963,22.531,5.154,5.02,4.908,1558.2,46.3,4215.7,76.72,11.51,No,Warning
7.789,6.761,7.948,7.153,7.358,62.04,61.19,61.12,58.61,64.1,21.981,23.304,22.074,23.518,21.913,21.927,4.264,4.518,4.54,1679.3,53.5,6549.1,73.52,6.08,Yes,Warning
5.723,5.511,7.101,5.696,4.888,62.21,59.65,62.17,60.84,62.76,22.577,,21.992,21.612,23.354,22.281,4.068,4.256,4.307,1583.6,41.5,3046.9,78.7,0.6,No,Warning
4.806,5.625,5.476,5.305,4.492,74.21,71.4,75.78,74.34,73.38,22.938,24.43,23.631,22.931,23.779,23.422,4.525,4.541,4.582,1511.4,45.2,2101.8,73.04,9.14,Yes,Warning
7.574,7.651,8.738,8.743,7.388,71.19,68.95,68.86,73.46,68.39,24.147,23.292,23.843,22.991,24.018,23.798,4.858,5.074,5.375,1356.5,39.3,5705.0,69.99,11.27,No,Failure
5.651,6.063,7.298,6.386,6.558,71.39,68.84,65.94,67.44,67.82,23.717,,21.908,22.554,22.095,22.773,4.658,4.843,4.475,1444.6,48.2,4320.0,86.05,10.68,Yes,Warning
6.114,4.973,5.561,6.391,5.463,62.33,68.78,64.82,67.38,65.57,24.017,23.52,24.105,23.956,23.737,24.17,4.346,4.274,4.317,1402.3,51.6,8509.1,68.64,13.23,No,Warning
5.402,6.455,6.201,5.491,6.363,72.69,71.18,65.55,74.67,74.33,24.142,22.738,22.578,22.733,22.743,22.492,4.563,5.153,5.068,1336.7,39.3,6949.3,81.49,5.94,No,Warning
6.592,6.344,6.246,6.52,5.779,65.06,69.11,68.97,64.67,67.63,20.176,21.297,20.296,21.53,21.044,20.042,4.488,4.613,4.552,1494.3,44.0,2667.7,96.67,5.43,Yes,Normal
4.119,5.827,5.156,4.617,6.939,75.28,77.27,75.29,73.62,73.46,23.395,23.57,23.004,23.615,22.97,23.492,4.195,4.6,4.326,1513.4,41.9,664.0,71.4,13.47,No,Warning
4.195,5.974,5.067,5.431,4.302,73.01,,71.95,74.0,69.68,20.004,22.0,20.796,20.12,20.263,20.518,4.425,4.524,4.571,1462.3,33.8,1524.7,91.79,6.71,Yes,Normal
6.825,7.968,7.518,7.837,8.197,65.84,67.82,65.8,65.17,66.96,18.428,18.677,19.693,20.524,19.748,19.154,4.634,4.627,4.827,1365.5,55.1,1557.0,109.21,2.87,No,Normal
6.696,5.909,6.891,6.35,6.493,62.96,64.2,64.17,67.84,65.36,20.448,20.224,20.067,20.44,21.194,20.195,4.436,4.452,4.61,1408.4,55.5,1934.4,104.75,3.28,No,Normal
7.396,7.52,8.078,7.67,7.737,67.69,70.73,66.27,69.2,72.29,20.089,20.38,21.899,19.851,21.364,20.861,4.91,5.043,5.095,1408.2,48.4,2644.6,96.47,10.12,Yes,Warning
8.139,7.813,7.785,7.804,7.951,77.49,72.98,70.63,73.65,75.16,23.392,22.996,23.317,23.684,24.103,23.059,5.041,4.879,5.177,1498.3,36.8,4681.8,82.71,13.07,Yes,Failure
7.055,7.363,7.962,8.118,8.32,74.7,63.83,68.03,69.4,71.62,22.871,23.96,23.329,23.104,23.461,21.616,5.053,5.169,5.042,1470.5,55.1,1348.6,54.64,7.23,No,Failure
5.872,5.5,5.193,5.011,5.888,65.28,70.8,66.61,67.87,69.86,22.481,21.889,20.774,21.23,21.165,21.371,4.445,4.548,4.186,1617.0,60.4,1873.9,86.54,2.65,No,Normal
5.502,5.375,6.954,6.672,6.338,69.15,64.62,67.82,67.72,67.14,21.448,20.609,21.881,20.275,21.546,21.946,4.589,4.59,4.599,1399.0,45.8,2827.3,94.93,10.89,No,Normal
5.081,7.094,6.416,6.563,6.444,66.69,71.06,67.25,75.15,68.17,20.924,21.088,21.526,19.995,20.083,19.506,4.563,4.577,4.379,1706.4,31.4,2940.9,105.2,11.11,No,Normal
8.599,7.784,8.106,7.595,7.605,58.99,57.58,62.18,59.68,60.5,22.126,21.708,22.136,21.341,22.187,21.431,4.293,4.377,4.656,1582.6,43.0,1207.6,75.51,1.84,No,Warning
6.751,6.15,7.781,7.053,7.073,72.23,70.16,73.69,70.06,70.79,23.146,22.629,23.313,21.818,-47.830454953659,24.577,4.649,4.704,4.794,1453.1,35.0,5553.5,80.39,8.62,No,Failure
4.913,5.104,4.806,4.815,4.933,74.47,72.19,72.85,68.73,72.22,20.778,19.977,20.564,20.609,20.771,19.875,4.475,4.503,4.339,1577.2,58.0,1128.1,105.45,12.78,No,Normal
6.344,5.733,6.204,5.874,6.338,64.49,65.92,66.89,64.68,67.4,22.905,22.839,21.627,21.631,22.035,22.706,4.618,4.595,4.558,1368.1,42.8,7817.6,82.62,12.3,No,Warning
6.937,7.117,7.749,6.48,7.744,65.04,64.52,69.93,67.24,66.41,21.908,22.18,22.617,22.443,21.255,21.913,5.061,4.948,4.71,1278.8,53.5,5295.8,81.68,4.49,No,Warning
5.036,4.701,5.946,4.483,4.285,79.34,73.7,74.57,73.68,73.98,21.944,22.65,22.639,21.547,22.713,22.381,4.719,4.605,4.507,1331.0,44.4,3323.5,94.89,7.19,Yes,Normal
7.175,7.458,6.975,6.712,6.677,63.39,61.64,64.06,62.49,68.24,23.029,,22.27,22.695,22.964,22.403,4.709,4.741,4.374,1491.5,43.1,2600.1,64.8,8.14,Yes,Warning
5.604,6.031,5.811,5.344,6.414,70.25,69.32,64.27,67.73,65.07,20.66,20.952,20.465,21.122,20.666,20.633,4.514,4.131,4.241,1563.7,48.3,2765.4,82.23,6.24,No,Normal
6.944,7.384,7.396,6.995,7.827,59.55,63.2,65.17,63.04,64.88,21.148,22.455,22.023,21.236,21.565,22.129,4.512,4.91,4.531,1504.5,55.6,3067.7,86.62,13.55,Yes,Warning
6.33,7.049,6.13,6.46,5.778,70.81,66.75,69.9,70.75,67.32,21.308,20.559,20.069,21.438,20.742,20.948,4.473,4.248,4.393,1448.6,51.4,7228.2,98.1,11.76,No,Normal
7.898,7.976,7.767,7.003,8.065,69.72,64.89,68.58,68.13,70.54,20.867,22.094,21.829,21.6,22.644,21.97,4.653,4.515,4.959,1358.3,36.3,7288.1,95.93,8.78,Yes,Warning
7.936,7.054,6.804,6.416,7.573,63.89,62.67,63.48,62.52,63.97,20.771,20.591,20.003,20.422,20.369,21.682,4.366,3.976,4.761,1519.4,46.6,668.7,91.01,12.76,No,Normal
6.776,6.584,6.851,7.057,6.793,63.65,66.15,60.88,64.64,63.07,22.193,23.689,22.823,22.769,23.607,22.823,4.256,4.317,4.409,1425.8,34.3,1168.9,71.2,11.24,No,Warning
6.86,6.59,6.085,6.352,7.222,63.17,62.41,56.56,60.68,60.36,21.69,21.512,21.013,21.245,22.735,22.569,4.147,4.584,4.367,1285.4,35.9,1518.5,86.39,9.98,Yes,Warning
4.489,5.272,4.504,3.861,5.318,69.08,64.06,65.04,61.05,66.07,20.41,20.06,20.168,20.326,20.895,21.237,4.618,4.079,4.161,1411.1,41.4,603.7,89.55,11.02,No,Normal
5.229,6.121,6.054,5.822,5.797,63.03,66.36,61.81,64.51,62.89,22.819,22.824,23.351,23.726,22.544,22.85,4.4,4.256,4.302,1388.8,54.1,669.8,85.3,3.04,Yes,Normal
5.427,7.283,6.643,6.447,6.474,61.8,62.5,64.53,63.54,61.28,23.225,22.421,24.795,24.831,23.861,23.901,4.5,4.403,4.168,1568.5,44.5,7444.8,53.16,13.57,No,Warning
6.7,6.378,4.599,5.199,5.018,67.14,66.71,61.66,67.15,64.73,20.052,19.34,20.912,20.78,20.63,20.496,4.44,4.214,4.175,1509.7,31.6,3754.1,99.14,11.62,No,Normal
7.517,8.172,8.798,8.647,6.813,67.76,68.62,67.37,70.79,64.75,23.581,22.18,22.666,22.795,22.756,22.542,4.885,5.232,5.051,1455.3,37.0,7980.4,88.77,4.3,Yes,Warning
7.735,7.371,7.681,7.331,7.668,62.52,61.62,63.29,67.35,62.7,20.684,20.528,20.743,21.018,20.576,20.676,4.347,4.933,4.925,1543.4,39.6,1120.6,98.67,1.73,No,Warning
7.432,8.552,8.135,8.58,7.027,65.41,69.65,67.36,65.97,65.11,23.319,23.034,23.981,23.457,22.67,22.676,4.717,4.846,4.827,1436.5,33.9,3111.7,75.79,11.88,No,Failure
7.942,7.537,8.196,7.403,7.628,70.33,66.94,64.78,65.35,69.55,21.832,21.923,22.154,21.506,20.677,21.29,4.88,4.521,4.822,1530.7,36.4,3371.3,86.39,12.78,No,Warning
4.607,5.626,5.156,5.872,6.301,61.31,56.54,60.42,60.84,56.87,21.655,21.996,21.569,22.207,20.903,21.222,4.047,3.956,4.35,1407.4,35.4,3220.6,85.56,10.01,No,Normal
8.104,7.054,6.231,6.877,6.553,74.14,73.78,68.83,73.05,74.18,21.362,20.31,20.346,19.081,20.856,20.328,4.971,4.907,4.938,1267.2,40.2,6465.8,88.45,10.67,Yes,Warning
7.16,5.722,5.499,5.288,6.496,70.4,69.71,72.39,72.39,74.59,21.883,22.468,21.507,21.547,21.848,22.253,4.873,4.527,4.886,1655.6,40.4,7957.0,,1.26,No,Warning
6.335,6.068,5.699,6.495,5.863,64.72,62.12,56.79,57.78,62.03,23.792,23.6,23.473,23.233,23.593,23.202,3.965,4.013,4.095,1522.1,36.4,2261.6,81.58,7.66,Yes,Warning
7.757,6.727,6.782,7.22,7.408,60.3,59.61,59.07,62.29,62.0,23.226,23.08,24.423,24.832,23.402,23.987,4.384,4.377,4.827,1496.1,65.7,4157.1,72.7,8.1,No,Warning
7.011,5.771,7.067,6.828,7.545,62.93,61.59,60.26,61.81,59.76,22.975,24.078,24.142,23.858,24.239,24.001,4.289,4.176,4.307,1297.1,39.1,737.9,60.26,7.99,No,Warning
6.396,5.736,6.579,5.975,6.164,69.25,68.66,68.85,73.88,73.56,20.993,20.176,20.37,20.357,20.108,19.878,4.396,4.552,4.338,1637.2,62.9,1199.4,97.79,6.58,Yes,Normal
8.097,7.825,7.449,7.331,7.389,66.38,69.52,71.88,69.85,70.26,21.297,19.985,20.812,19.48,19.489,20.743,4.982,4.857,4.915,1547.8,38.5,3715.5,107.7,12.94,No,Warning
7.539,7.184,6.996,7.837,7.887,72.2,74.3,71.66,71.19,74.07,21.702,21.976,22.271,21.649,22.063,21.824,4.918,5.029,4.739,1474.5,45.6,5416.4,80.4,9.33,Yes,Warning
5.845,5.91,4.936,5.351,5.497,65.88,70.42,68.14,68.62,69.86,22.419,22.856,22.875,23.18,23.237,23.185,4.363,4.487,4.063,1289.2,54.2,1132.9,77.6,13.56,Yes,Normal
6.458,6.213,7.675,7.682,7.718,63.07,61.71,62.76,63.87,61.63,24.206,23.027,24.064,23.505,-41.324891524065265,23.456,4.161,4.774,4.419,1529.4,34.5,2221.4,79.42,4.43,No,Failure
7.727,6.784,7.158,6.945,7.08,61.68,59.63,62.63,64.05,61.7,20.245,20.67,20.938,19.87,20.107,21.316,4.682,4.84,4.391,1452.5,44.5,1697.2,103.62,11.84,Yes,Normal
6.183,6.276,6.687,6.249,6.139,72.5,72.27,73.12,72.1,66.72,23.403,22.932,23.24,23.903,23.435,22.622,4.689,4.894,4.988,1678.2,,4021.8,70.93,14.37,No,Failure
6.488,6.052,5.631,6.353,5.455,75.08,73.03,73.77,74.11,74.91,23.603,24.42,23.275,24.328,23.62,23.133,4.871,4.648,4.762,1590.3,33.7,2185.4,69.9,10.47,No,Failure
5.887,6.002,5.522,5.88,5.724,68.02,65.79,66.77,67.61,67.69,22.837,24.442,24.196,23.709,24.263,23.794,4.838,4.555,4.443,1541.0,49.3,6773.7,77.88,7.73,No,Warning
7.226,7.637,7.217,7.373,7.119,59.81,62.73,57.78,63.04,64.73,21.445,21.337,22.296,20.281,20.09,21.555,4.256,4.146,4.477,1442.9,,5918.4,80.87,13.94,No,Warning
5.436,4.842,4.923,5.272,5.716,62.58,,61.8,65.46,63.39,20.507,20.426,19.472,20.601,20.747,21.073,4.193,4.407,4.4,1490.3,45.6,4704.3,108.02,4.33,Yes,Normal
6.947,5.706,7.106,6.794,6.289,70.02,66.0,64.79,62.24,64.79,23.237,22.808,22.835,22.703,22.936,21.912,4.632,4.742,3.983,1594.2,38.0,1076.9,74.08,2.09,Yes,Warning
8.282,7.844,6.364,6.386,6.576,67.02,68.48,67.55,67.43,67.28,22.102,20.868,21.111,21.313,21.111,20.285,4.802,4.603,4.818,1672.7,38.2,875.8,96.99,4.64,No,Warning
7.833,7.231,7.278,7.116,6.645,72.89,,76.55,75.28,68.04,22.301,23.385,23.289,22.846,22.259,22.565,4.72,5.289,4.778,1725.2,46.8,3248.8,75.56,9.95,No,Failure
7.321,7.496,6.49,7.214,7.403,61.52,64.11,64.47,66.01,62.1,20.142,21.066,21.754,20.629,21.692,21.705,4.8,4.508,4.901,1395.8,46.5,5039.4,104.81,7.14,No,Warning
6.347,6.195,6.967,5.126,6.247,73.27,68.91,77.94,70.38,69.51,23.384,23.515,22.117,24.461,23.385,23.034,4.546,4.415,4.854,1397.1,37.5,1926.2,75.17,3.8,Yes,Failure
6.786,6.835,6.709,7.306,7.673,64.11,66.5,61.24,62.95,68.43,22.33,22.897,21.735,21.88,22.479,21.815,4.742,4.383,4.593,1603.5,58.9,4385.5,84.33,14.63,No,Warning
4.928,4.669,4.817,5.324,5.633,75.4,73.37,75.15,75.08,73.6,20.202,20.989,20.149,21.671,20.926,20.793,4.281,4.522,4.566,1393.6,48.6,7621.3,96.4,4.32,No,Normal
4.966,5.854,5.786,5.718,5.525,66.12,64.99,69.9,67.22,70.45,19.417,20.466,19.596,19.856,19.857,20.196,4.429,4.382,4.365,1337.8,39.9,762.4,103.16,5.7,No,Normal
5.512,4.05,5.851,5.516,5.491,71.46,74.44,74.07,63.99,69.44,23.403,24.216,24.545,23.585,24.603,23.507,4.55,4.603,4.475,1677.6,47.3,2617.7,50.64,5.79,Yes,Warning
5.412,5.144,4.741,5.334,4.898,67.99,64.88,67.66,62.52,69.39,22.059,22.801,22.306,21.485,21.307,22.561,4.462,4.586,4.21,1539.4,76.6,1825.7,80.28,1.27,No,Normal
6.37,5.657,5.23,5.531,5.886,69.0,65.74,67.56,67.48,71.49,22.269,23.073,22.357,21.806,21.691,22.588,4.408,4.744,4.44,1539.8,40.5,3941.3,89.25,3.33,Yes,Warning
5.92,5.296,5.832,5.873,5.527,67.93,65.18,63.84,65.97,65.76,24.228,23.026,23.847,23.184,23.546,24.268,4.827,4.349,4.364,1658.6,36.2,2584.9,67.05,6.3,Yes,Warning
7.261,6.884,7.403,7.395,6.763,60.67,62.16,65.09,61.78,64.87,22.265,21.629,21.077,21.105,20.866,20.854,4.688,4.635,4.347,1459.4,54.6,1934.4,96.91,4.08,No,Warning
7.006,6.75,6.347,6.654,6.211,59.28,62.71,65.25,59.84,66.15,23.459,22.802,22.465,22.698,23.077,23.127,4.689,4.437,4.382,1572.3,62.5,2373.0,78.52,4.48,No,Warning
7.344,7.634,7.372,7.265,7.826,63.51,59.81,57.05,61.29,61.21,22.877,23.218,23.935,21.954,23.018,23.578,4.496,4.226,4.403,1406.7,56.5,2343.0,75.55,9.1,No,Warning
5.713,4.146,4.876,4.464,4.44,71.09,70.82,70.7,68.54,71.18,20.395,20.293,19.664,19.773,20.445,20.982,4.281,4.532,4.383,1700.0,38.3,1118.5,108.31,4.24,Yes,Normal
7.81,8.443,6.727,7.644,7.563,65.74,69.77,69.37,70.78,68.03,22.288,22.37,21.876,22.981,21.603,20.998,5.032,4.959,4.783,1450.0,46.4,1667.7,85.13,1.72,Yes,Warning
7.93,7.873,7.661,8.404,7.602,61.78,62.0,61.88,57.97,59.99,21.687,19.94,19.831,21.214,20.481,20.732,4.571,4.676,4.727,1461.0,41.8,3451.4,91.66,7.76,Yes,Normal
4.971,5.384,4.927,4.4,5.081,59.72,,59.14,65.41,60.16,24.26,23.804,23.567,24.776,23.766,23.321,4.316,3.928,3.997,1446.5,34.8,492.9,77.12,5.54,Yes,Normal
6.401,6.56,5.99,5.209,6.31,66.35,61.96,66.48,64.0,67.37,22.062,21.898,22.799,21.318,22.726,21.769,4.222,4.276,4.041,1436.6,45.2,3443.5,80.64,12.55,No,Normal
5.122,4.606,5.79,4.941,5.333,66.88,67.85,66.97,68.36,68.27,22.25,22.652,21.737,22.524,22.174,21.548,4.262,4.39,4.429,1475.1,38.9,1706.2,79.28,10.74,No,Warning
5.914,6.887,7.133,7.127,6.426,63.39,64.5,64.47,66.72,64.76,20.634,21.473,22.346,21.745,21.297,21.469,4.381,4.14,4.28,1273.0,41.1,728.9,94.79,14.98,No,Normal
5.356,5.66,6.356,5.641,5.663,70.57,70.55,69.91,69.41,71.24,20.845,20.964,20.469,20.55,21.281,20.161,4.326,4.382,4.265,1471.8,49.6,4600.7,97.97,10.87,No,Normal
6.402,5.396,6.36,6.41,5.64,67.53,70.03,68.59,69.86,70.0,21.608,21.357,20.203,20.471,19.354,20.616,4.539,4.549,4.701,1781.8,47.5,2583.5,104.93,9.74,Yes,Normal
4.643,5.284,5.061,4.535,4.259,61.94,65.62,63.09,60.13,61.35,23.154,24.661,24.432,23.333,23.243,24.104,4.099,4.213,3.897,1551.0,25.5,5639.9,64.35,12.29,Yes,Normal
6.311,6.936,7.024,6.727,6.483,76.06,73.84,77.54,69.97,73.65,21.33,20.268,21.819,20.706,20.358,20.638,4.781,4.643,4.851,1086.0,44.2,3086.7,92.72,6.25,No,Warning
5.341,3.814,4.144,5.104,4.081,67.76,67.0,68.59,67.4,72.78,21.516,19.964,21.28,19.559,19.845,20.405,4.59,4.396,4.322,1535.6,67.2,1155.0,82.6,7.42,Yes,Normal
5.844,5.651,5.722,5.242,5.804,68.33,68.45,72.1,68.43,65.03,23.174,23.208,23.781,23.578,24.853,23.069,4.22,4.527,4.372,1418.0,37.4,5076.6,75.48,1.99,No,Warning
8.567,7.728,42.289057803981954,7.342,7.773,70.97,67.28,69.49,67.55,67.08,22.225,22.435,22.313,21.578,22.378,22.142,5.053,4.585,4.803,1306.0,36.6,2376.3,85.25,11.72,No,Warning
7.85,8.323,7.936,8.195,7.795,68.04,70.33,71.52,68.09,74.02,24.409,24.658,23.719,22.818,24.154,24.435,4.986,4.877,4.987,1451.5,39.5,1400.9,77.11,12.63,No,Failure
7.653,6.704,7.449,7.611,7.915,74.2,,69.84,73.33,73.26,20.757,21.125,21.661,21.034,21.365,21.149,4.733,4.889,5.141,1237.4,59.4,4954.4,89.44,1.78,Yes,Warning
6.375,7.726,6.031,6.824,5.899,72.41,69.03,67.4,67.9,68.63,20.73,20.141,20.286,19.279,20.381,21.067,4.767,5.041,4.407,1582.3,53.8,3718.6,95.25,14.69,Yes,Normal
5.852,5.246,5.797,5.145,5.847,71.53,74.53,69.98,70.33,75.54,22.484,22.708,21.688,22.76,21.646,22.432,5.127,4.553,4.462,1489.6,49.4,22678.5,87.39,1.54,Yes,Warning
6.684,7.014,7.009,6.604,5.947,67.68,69.45,67.39,69.97,68.82,18.893,19.32,20.164,18.994,19.788,19.985,4.852,4.249,5.468,1505.5,27.7,4449.6,91.98,6.14,Yes,Warning
6.695,7.085,6.929,6.73,7.21,68.15,67.76,68.89,71.5,69.15,20.555,21.107,21.309,20.556,21.331,20.418,4.495,4.501,4.726,1498.2,52.6,6508.5,96.13,12.81,No,Warning
6.795,6.019,6.478,6.036,6.885,70.03,73.55,70.05,69.09,71.4,21.615,,22.043,20.82,21.614,22.312,4.955,4.636,4.802,1668.2,41.2,12491.2,95.89,5.51,Yes,Warning
6.422,6.835,6.521,7.098,6.861,72.78,72.86,71.4,71.2,71.6,21.62,21.49,21.721,22.651,21.584,22.923,4.812,4.958,4.664,1349.5,27.1,2294.7,75.78,1.34,No,Warning
7.131,6.338,7.048,6.804,7.66,68.26,68.79,68.95,69.22,69.03,20.242,19.811,20.481,20.555,20.731,19.978,4.543,4.465,4.85,1375.7,50.0,5201.5,96.04,12.01,No,Warning
5.103,5.755,4.993,5.993,5.412,62.07,65.79,65.01,66.29,66.13,23.963,22.192,24.11,22.784,22.921,22.338,4.574,4.207,4.327,1577.2,36.9,2200.0,78.91,9.6,No,Normal
7.551,7.441,7.636,7.09,7.591,63.01,63.6,64.78,65.54,65.65,24.036,22.079,22.391,22.388,22.949,22.223,4.912,4.668,5.014,1617.7,42.0,3552.5,96.88,8.0,No,Failure
6.264,6.936,7.262,7.52,6.458,66.27,67.01,70.58,67.61,67.9,20.737,21.456,22.011,22.07,21.933,20.792,4.947,4.674,4.95,1344.5,43.8,7028.4,81.23,7.65,Yes,Warning
6.945,7.15,6.182,7.333,6.206,68.58,70.21,67.97,69.67,67.4,23.697,22.404,22.491,22.328,104.78513737488518,23.33,4.623,4.991,4.56,1409.4,38.5,3598.7,98.06,6.39,Yes,Warning
7.654,6.696,7.02,6.927,7.343,66.38,71.3,70.28,70.67,69.04,22.481,22.588,22.675,22.552,23.45,22.197,4.844,4.631,4.846,1503.5,53.9,3377.1,73.7,2.63,No,Warning
6.121,7.0,7.008,5.64,6.65,73.24,71.22,73.58,71.02,68.22,20.706,21.305,20.953,20.534,21.698,21.193,5.014,4.717,4.759,1741.2,37.5,4371.8,108.9,4.09,Yes,Warning
8.137,8.352,7.013,8.261,7.884,68.6,65.07,67.09,68.34,66.35,24.383,23.529,24.894,22.579,23.025,23.316,4.7,4.642,4.941,1484.2,,6499.5,70.58,12.84,No,Failure
5.351,5.069,6.055,5.559,5.957,74.5,65.74,71.04,73.76,71.79,23.404,23.716,23.575,24.147,24.413,24.744,4.397,4.664,4.378,1407.0,46.5,4068.7,83.13,9.67,No,Warning
5.062,5.483,6.415,6.531,5.998,59.16,64.26,67.68,61.44,65.54,22.354,23.844,23.239,23.434,23.48,23.6,4.394,4.295,4.488,1288.1,51.1,1769.2,71.55,7.98,No,Normal
6.583,5.937,6.804,6.249,6.152,71.59,75.5,77.83,74.62,72.72,20.532,20.946,19.405,20.028,20.674,20.995,4.914,4.761,4.92,1436.3,25.6,4066.3,,12.58,No,Warning
6.671,6.069,6.257,4.525,6.895,64.85,67.58,65.09,65.6,67.1,21.11,18.963,21.322,20.189,20.205,20.935,4.572,4.878,4.681,1403.9,31.6,2049.2,105.29,12.16,No,Normal
7.7,7.64,7.159,7.109,6.915,60.27,66.16,68.63,61.9,62.57,23.085,23.105,23.492,22.123,20.797,22.583,4.578,4.67,4.499,1316.5,50.8,2385.7,73.62,12.19,Yes,Warning
6.465,6.028,5.572,5.915,6.585,65.54,69.42,66.02,64.57,64.98,23.778,23.221,22.771,23.169,23.606,23.197,4.568,4.501,4.563,1458.2,48.0,5674.8,73.95,0.55,Yes,Warning
6.198,7.17,6.522,6.729,6.828,67.39,65.65,65.57,65.76,68.03,19.951,19.961,18.682,19.74,20.127,19.701,4.466,4.326,4.509,1500.5,49.4,2083.5,100.07,11.56,No,Normal
4.896,5.719,5.251,5.277,5.699,63.5,65.08,63.91,68.16,68.45,22.703,23.01,23.267,22.395,23.054,22.7,4.306,4.361,4.113,1419.1,36.7,1289.8,78.1,13.19,Yes,Normal
5.493,6.653,7.235,6.401,7.318,72.2,74.71,76.14,77.76,75.67,21.816,21.38,22.821,22.646,22.152,21.995,5.17,4.678,5.102,1548.4,17.8,2898.4,76.74,6.82,No,Warning
8.107,8.19,7.24,7.679,7.245,64.05,64.89,62.91,69.24,63.0,22.568,21.89,21.163,22.135,23.259,23.001,4.827,4.933,4.737,1282.6,30.7,1345.5,88.21,8.56,No,Warning
5.231,6.513,7.021,5.715,6.169,71.72,72.34,69.59,75.21,77.12,19.629,21.123,20.411,19.655,19.479,19.681,4.746,4.644,4.682,1629.6,32.0,1259.7,91.78,11.01,No,Normal
4.603,5.077,4.191,5.717,5.132,74.1,72.13,75.43,78.33,74.38,22.678,24.07,23.837,21.965,23.141,23.117,4.362,4.764,4.933,1574.4,47.7,1153.0,53.09,4.19,,Warning
7.024,6.83,7.356,5.524,7.005,71.68,72.48,72.85,69.86,71.2,22.777,21.667,23.284,21.258,23.225,22.882,4.881,4.911,4.895,1459.7,29.2,4380.4,89.03,7.67,No,Warning
7.951,7.803,8.596,7.983,8.536,65.92,63.98,68.27,65.0,67.86,20.65,21.27,20.521,21.468,21.936,21.127,4.99,5.084,4.948,1202.0,35.1,2326.9,91.78,9.32,Yes,Warning
4.827,7.563,5.3,5.048,4.771,71.49,74.06,73.77,70.94,76.25,22.666,22.663,23.279,22.818,23.116,22.028,4.758,4.527,4.494,1617.8,58.9,2209.6,85.28,3.57,No,Warning
6.831,6.626,31.438672192726052,9.122,6.904,72.64,68.41,66.66,68.51,65.24,22.442,22.738,22.697,22.38,21.883,23.491,4.722,4.879,4.665,1505.2,53.9,2460.4,74.64,1.29,No,Failure
7.278,7.784,8.559,7.836,7.527,71.85,69.25,67.83,68.76,65.94,22.407,21.952,21.456,21.692,22.644,23.631,4.902,4.842,4.582,1577.7,60.5,1813.9,80.62,1.5,Yes,Warning
5.931,5.929,7.184,6.359,6.644,62.75,65.9,67.28,65.56,61.95,22.533,23.07,22.381,21.973,22.554,23.719,4.462,4.497,4.27,1623.3,42.9,885.5,75.66,7.25,No,Warning
6.888,6.222,7.241,6.392,7.151,58.28,62.9,60.33,64.92,63.66,21.953,21.868,21.351,21.585,22.558,21.509,4.421,4.357,4.247,1469.6,49.9,455.6,88.58,4.74,No,Normal
4.75,4.698,4.332,4.515,5.78,60.26,61.73,61.46,60.2,60.42,23.46,24.239,24.286,23.266,24.5,23.852,4.035,4.012,4.008,1407.6,46.6,576.2,64.39,4.67,Yes,Warning
4.561,4.568,5.463,5.18,4.606,70.08,69.75,69.57,70.56,74.14,20.294,20.805,20.007,20.241,19.305,20.874,4.433,4.644,4.382,1628.9,34.0,7498.9,111.78,8.49,Yes,Normal
7.367,7.74,7.282,8.178,7.967,67.38,68.08,65.84,68.51,64.02,23.927,23.759,23.496,23.508,23.324,23.936,4.692,4.781,4.84,1343.0,50.7,2817.4,83.05,7.22,No,Failure
6.746,6.934,7.576,7.551,7.151,76.56,73.85,70.71,72.56,76.01,23.774,23.253,23.397,24.116,23.497,23.137,5.415,5.067,4.72,1731.3,54.7,3385.6,80.9,10.85,,Failure
5.4,5.593,5.326,5.435,5.263,79.37,72.87,69.08,68.49,72.35,23.922,24.162,23.977,23.748,23.1,22.869,4.635,4.47,4.993,1424.4,40.4,1072.3,82.3,5.54,,Warning
5.267,6.421,5.086,5.263,5.253,70.75,76.82,71.64,71.91,71.34,22.615,,22.54,23.183,22.29,22.589,4.741,4.569,4.592,1372.9,25.5,6431.8,83.31,2.55,Yes,Warning
7.482,7.677,6.073,6.717,7.108,63.49,65.74,64.01,63.86,66.58,20.907,20.347,21.084,20.512,21.061,20.086,4.53,4.653,4.445,1316.0,48.8,1038.1,90.39,0.86,Yes,Normal
6.316,6.667,6.461,6.095,6.435,64.11,62.7,61.82,65.61,65.39,20.29,19.782,19.293,19.655,20.953,20.872,4.564,4.403,4.188,1524.5,61.0,7208.1,96.57,6.76,Yes,Normal
7.539,7.214,7.088,7.276,7.054,59.01,54.29,61.24,59.32,60.0,23.41,23.932,22.701,23.39,22.913,23.698,4.388,4.642,4.581,1391.8,39.1,839.8,64.06,10.22,No,Warning
7.149,7.053,7.188,6.802,6.914,60.66,61.92,60.77,61.57,55.7,22.34,22.065,22.8,21.066,21.042,22.0,4.402,4.561,4.279,1579.2,51.0,699.6,81.2,12.79,No,Normal
5.701,5.758,6.06,6.503,5.969,75.56,67.6,68.16,68.89,68.29,20.401,20.21,19.855,20.07,19.849,20.217,4.62,4.977,4.889,1567.4,48.7,2472.2,101.79,13.72,No,Normal
6.208,6.185,5.6,5.389,6.826,72.01,77.01,70.56,72.65,75.27,20.803,21.426,21.036,20.835,20.67,20.56,4.804,4.87,5.175,1680.6,56.8,2055.4,93.7,5.53,No,Warning
8.049,7.834,8.231,7.676,8.666,68.54,68.02,63.44,70.04,68.53,23.95,23.216,22.917,23.044,22.874,23.442,5.158,4.768,5.151,1512.0,,3492.8,71.95,4.59,Yes,Failure
4.664,5.152,5.921,5.617,5.173,72.03,76.5,72.21,72.46,74.37,22.226,23.176,23.08,23.38,23.216,22.07,4.618,4.627,4.717,1623.3,50.4,2793.6,72.34,9.82,No,Warning
8.055,7.341,6.928,8.139,7.347,67.17,71.4,69.95,70.85,68.23,19.624,19.564,20.209,19.905,21.327,19.944,5.042,4.88,4.94,1593.3,41.5,1194.2,98.83,13.05,No,Warning
6.67,7.344,6.15,6.726,7.029,69.3,67.72,71.99,69.96,70.16,23.432,23.374,22.924,22.832,23.465,22.857,4.829,4.899,4.951,1417.1,42.6,1934.8,80.5,3.26,No,Failure
5.698,4.521,4.91,6.793,5.76,60.11,61.31,60.33,62.11,62.31,23.054,20.782,22.843,22.683,22.598,22.939,4.243,4.15,4.282,1489.1,46.5,1217.1,91.91,8.94,Yes,Normal
7.398,8.11,7.652,8.303,7.73,56.76,61.21,58.89,60.79,63.79,21.45,21.512,21.86,21.678,21.955,21.778,4.522,4.406,4.246,1565.2,57.5,6942.1,74.42,12.22,No,Warning
6.162,7.212,7.854,6.744,7.594,76.51,75.21,73.85,71.71,77.48,23.389,22.755,23.142,23.586,22.627,22.135,4.792,5.337,5.117,1413.7,71.1,6557.8,81.34,6.22,No,Failure
6.134,6.935,5.86,4.835,6.234,56.5,62.06,60.74,61.78,63.72,20.368,19.609,19.617,20.389,19.516,20.093,4.254,4.223,4.414,1493.0,41.2,491.9,104.03,2.69,Yes,Normal
6.007,6.798,6.089,6.385,5.47,66.98,63.75,64.93,62.26,64.95,23.744,22.935,24.232,23.333,22.918,23.546,4.256,4.297,4.298,1502.5,,6949.2,76.81,9.86,No,Warning
5.894,6.965,6.842,6.031,7.757,69.57,67.75,64.26,69.55,66.64,22.318,23.209,22.865,21.293,22.214,21.846,4.643,4.512,4.21,1616.2,42.0,1492.0,77.18,11.2,No,Warning
7.262,7.338,6.909,8.625,8.413,71.87,72.73,75.58,71.53,74.95,21.4,21.527,20.648,21.508,21.303,22.467,5.079,5.051,5.207,1549.2,56.7,7391.3,82.8,1.02,Yes,Failure
6.174,7.132,7.068,6.524,7.746,68.52,69.98,70.15,69.22,71.52,20.37,22.137,22.144,21.634,22.417,23.327,4.778,4.425,4.593,1540.9,38.2,2753.1,74.17,4.52,Yes,Warning
6.205,6.548,5.963,6.493,4.836,63.5,61.44,63.71,61.94,61.16,22.694,23.341,22.782,23.666,23.39,23.291,4.11,4.202,4.211,1289.4,46.3,1407.2,80.39,5.42,No,Warning
5.557,5.662,5.955,5.383,6.277,66.55,64.51,65.0,65.05,63.0,20.216,19.409,19.65,19.656,18.699,20.726,4.174,4.771,4.148,1459.4,41.0,995.5,104.46,7.03,Yes,Normal
7.63,8.379,7.944,7.642,7.137,62.19,63.5,62.31,66.98,67.23,23.118,23.758,23.337,23.051,23.143,24.374,4.973,5.022,4.714,1495.7,44.8,4523.0,97.06,1.56,No,Failure
7.744,6.631,6.579,7.597,7.547,67.4,66.56,67.02,65.87,65.65,21.363,21.029,20.996,21.103,21.849,22.612,4.826,4.444,4.677,1650.7,46.9,7494.7,98.37,12.7,Yes,Warning
5.313,5.836,4.627,4.713,4.889,67.36,64.2,65.41,68.43,68.35,22.398,21.207,21.271,21.786,21.595,22.677,4.144,4.409,4.316,1331.7,47.4,6395.1,82.79,8.88,Yes,Normal
8.218,7.301,8.445,8.696,6.856,63.07,65.21,66.14,66.67,64.64,20.364,20.678,20.848,20.811,21.43,22.087,4.762,4.958,4.505,1661.7,46.5,5265.3,93.58,5.88,No,Warning
6.268,5.879,6.327,6.009,6.842,59.37,62.36,61.75,64.63,62.45,22.413,22.171,23.414,23.46,23.475,22.211,4.206,4.218,4.255,1295.1,32.0,10256.5,71.98,8.5,,Normal
6.262,6.688,6.064,6.718,6.23,74.19,74.21,73.98,78.41,74.6,22.575,21.386,21.696,20.849,20.688,21.511,4.932,4.717,4.939,1405.4,26.3,4379.0,87.31,4.57,No,Warning
7.905,6.251,6.98,7.014,6.378,70.87,74.11,75.98,68.6,71.19,23.015,22.154,22.637,22.299,22.902,23.494,4.879,4.795,4.541,1608.9,43.7,1479.8,80.71,7.54,No,Warning
4.863,5.348,5.853,6.059,5.046,65.21,67.04,69.01,69.77,69.83,22.206,22.306,22.047,22.245,21.327,22.014,4.581,4.318,4.444,1420.8,49.0,11991.8,84.14,11.76,No,Warning
6.92,6.804,6.774,7.021,6.386,72.72,79.07,73.36,69.85,73.21,21.782,21.244,21.201,22.882,21.261,21.461,4.868,4.842,5.117,1450.8,41.3,5045.3,90.96,13.75,Yes,Warning
5.712,6.203,6.584,5.238,5.823,59.62,65.96,62.4,65.78,66.99,23.361,22.939,22.953,23.142,22.443,23.189,4.443,4.747,4.441,1549.8,40.2,4651.5,76.24,2.56,No,Normal
5.666,5.793,6.081,5.853,5.587,73.02,,76.08,73.05,69.03,20.516,20.132,20.665,20.927,20.679,19.712,4.327,4.709,4.492,1338.7,39.8,3305.6,105.3,1.31,Yes,Warning
5.512,5.731,4.579,6.005,4.274,69.56,72.9,70.86,75.83,74.35,23.003,22.83,22.383,22.498,21.364,22.275,4.642,4.429,4.924,1449.3,45.3,4570.8,86.38,14.02,No,Warning
6.514,6.127,4.979,5.999,6.083,67.46,63.39,66.07,63.25,66.66,20.546,21.449,21.074,21.667,22.052,21.499,4.593,4.426,4.175,1467.3,48.5,3447.2,64.62,6.5,Yes,Normal
4.617,5.442,4.822,4.23,4.578,59.09,59.38,59.15,56.09,61.95,19.031,21.322,21.278,20.863,20.53,20.677,4.357,4.104,4.021,1505.0,49.1,10744.5,97.63,7.99,No,Normal
7.271,7.509,7.945,6.421,6.335,70.13,65.15,72.09,66.87,66.39,23.721,23.953,23.089,24.559,23.645,23.8,4.724,4.197,4.676,1726.6,64.2,5493.1,72.85,13.33,Yes,Warning
5.519,5.273,6.78,5.079,6.249,66.25,63.88,65.87,67.21,62.79,23.338,23.234,24.043,22.743,23.097,23.056,4.58,4.339,4.404,1424.3,35.6,7541.7,79.95,6.83,No,Warning
6.861,6.583,6.271,6.454,5.782,72.33,68.91,70.71,75.8,72.17,21.559,21.858,20.906,22.93,22.7,22.361,4.722,4.797,4.796,1409.5,40.2,1545.4,83.5,9.55,No,Warning
6.226,6.012,5.923,6.095,6.154,74.79,77.12,77.24,75.01,76.4,21.232,21.156,20.652,21.169,20.39,19.615,4.52,4.629,4.789,1525.3,56.6,4444.8,93.78,2.33,No,Warning
7.513,5.803,7.007,6.157,6.463,74.55,70.64,71.05,77.49,74.61,23.395,23.709,24.041,23.63,23.587,23.648,4.905,4.519,4.778,1700.5,37.7,2650.5,85.44,3.7,,Failure
5.905,6.233,6.038,5.78,6.842,68.96,66.08,67.48,66.5,64.08,22.592,21.712,22.019,22.841,22.418,23.502,4.505,4.516,4.837,1414.9,,6071.4,85.15,12.26,No,Warning
7.224,7.821,8.088,7.449,6.83,62.9,65.54,61.16,63.46,61.95,23.586,22.262,22.002,22.896,22.692,21.62,4.585,4.593,4.76,1584.7,55.8,3954.9,84.96,2.23,Yes,Warning
8.413,7.534,8.004,7.586,8.588,56.22,58.49,61.82,58.16,63.85,20.87,20.275,20.616,20.714,21.492,21.065,4.453,4.487,4.722,1711.0,37.6,852.9,89.22,9.07,Yes,Warning
5.419,5.023,5.477,4.474,5.639,66.06,61.44,63.96,64.51,62.26,20.724,20.157,20.43,20.213,20.728,20.474,4.416,4.215,4.089,1527.2,52.5,1140.5,104.05,6.48,Yes,Normal
6.255,5.789,6.227,6.269,5.52,64.79,66.76,63.48,69.13,65.11,24.018,24.442,23.323,24.601,23.821,24.042,4.295,4.356,4.62,1644.5,49.9,1533.0,70.87,4.67,No,Warning
5.317,5.55,6.367,4.867,5.257,60.11,61.7,59.35,61.82,59.68,21.853,21.508,20.485,20.33,20.116,21.009,4.235,4.204,4.02,1405.8,46.1,1060.3,81.15,8.18,Yes,Normal
6.749,7.218,6.957,7.308,7.346,64.42,68.43,63.32,67.31,69.21,22.055,21.333,22.138,21.95,22.099,22.326,4.552,4.799,4.724,1446.4,38.9,9805.1,76.68,9.28,,Warning
6.367,6.274,6.809,6.288,5.96,69.71,,73.99,76.58,71.43,21.012,,21.216,20.81,20.474,21.117,5.107,4.692,4.85,1596.2,46.7,12659.4,82.94,12.21,No,Warning
4.665,4.559,5.397,6.343,4.524,62.25,60.34,57.83,60.88,60.04,20.394,21.5,21.108,21.267,19.969,20.38,4.076,3.971,4.271,1415.0,28.2,5171.7,106.4,13.38,No,Normal
8.116,8.31,7.16,6.735,6.946,60.93,62.95,63.23,62.47,67.26,21.64,22.134,21.106,21.421,22.145,21.749,4.573,4.511,4.586,1610.2,39.5,1684.2,97.04,11.23,No,Warning
8.073,7.823,6.868,7.865,6.634,58.79,63.63,64.45,60.56,66.37,21.607,23.501,22.968,20.698,21.556,20.975,4.404,4.295,4.877,1452.4,51.7,2556.3,87.19,0.85,No,Normal
6.88,7.32,7.331,6.928,6.939,72.22,73.63,78.8,73.0,76.32,20.95,21.877,22.038,21.44,21.625,21.536,4.801,4.91,5.114,1380.0,50.8,1409.9,98.98,2.61,No,Warning
5.563,6.958,5.656,6.584,5.783,74.0,73.89,71.0,70.64,73.32,23.916,23.715,24.467,22.668,23.747,23.934,5.041,4.694,4.769,1379.6,47.3,2176.2,64.69,8.7,No,Warning
5.469,6.16,5.364,6.337,5.536,64.05,60.99,63.58,59.62,61.87,22.701,23.412,24.469,23.553,24.576,23.547,3.922,4.34,4.347,1254.5,31.5,12820.1,77.47,10.58,Yes,Warning
7.153,5.641,6.344,6.172,6.59,68.72,68.0,63.84,69.52,67.08,21.101,21.115,22.312,22.894,21.294,21.991,4.618,4.846,4.474,1551.8,55.6,5027.9,81.69,1.0,Yes,Warning
7.133,6.683,7.007,6.9,6.428,74.11,75.12,73.39,80.28,71.27,23.607,22.763,23.067,23.561,23.51,23.174,5.087,4.658,4.81,1361.2,45.9,1312.6,91.78,11.0,Yes,Failure
7.103,6.407,7.527,7.402,7.054,64.64,63.3,66.14,65.42,68.07,21.669,22.156,22.708,21.845,21.271,22.277,4.583,4.756,4.355,1593.0,49.1,3774.3,99.97,1.36,No,Warning
6.725,6.874,6.519,6.943,6.853,67.97,69.69,68.32,65.3,70.77,21.768,20.689,20.162,19.967,20.122,20.852,4.936,4.543,4.681,1315.6,27.8,6314.4,81.24,13.37,No,Warning
5.735,6.366,32.41965116063817,6.606,5.79,69.21,69.98,70.21,72.38,72.81,22.471,22.838,23.154,22.101,21.552,22.725,4.879,4.921,4.802,1451.9,46.6,1050.0,,2.43,No,Warning
5.972,5.918,5.796,5.834,6.131,67.04,63.24,66.46,68.68,67.97,21.135,20.247,19.835,19.386,20.967,21.196,4.628,4.355,4.399,1371.1,42.2,3971.9,84.92,3.71,No,Warning
7.017,8.608,7.458,8.028,7.997,76.41,73.19,71.53,76.06,72.3,22.121,21.961,21.532,20.318,21.432,20.762,4.954,4.961,4.88,1427.7,46.4,3063.9,95.82,13.12,No,Warning
5.596,5.61,5.673,6.238,6.826,60.61,59.45,63.47,61.47,64.33,22.414,22.286,21.645,22.285,22.274,23.165,4.344,4.501,4.228,1689.6,55.3,1917.7,80.15,1.05,No,Normal
4.877,6.0,5.795,6.135,5.2,62.7,65.18,60.27,68.79,62.57,22.07,21.539,20.645,22.211,21.342,21.475,4.151,4.321,4.481,1426.6,56.5,1200.3,78.53,14.6,Yes,Normal
5.111,5.317,4.592,5.848,4.609,74.94,71.94,72.28,70.8,72.5,20.564,20.722,21.378,20.686,21.605,20.601,4.305,4.505,4.56,1593.2,,6279.0,89.35,9.34,No,Normal
7.279,6.789,7.04,6.645,6.716,73.9,71.08,67.62,71.24,67.79,20.484,21.26,20.642,20.696,21.328,20.423,4.864,4.703,4.842,1582.1,54.5,2023.3,95.77,0.85,No,Normal
6.24,5.386,6.231,5.628,5.98,67.42,66.64,63.94,68.31,70.58,21.818,22.226,21.796,21.262,21.444,21.538,4.226,4.302,4.64,1400.4,49.4,986.6,101.91,1.2,No,Warning
7.668,7.593,7.833,7.107,7.884,68.55,67.34,69.1,67.78,70.17,23.031,22.84,23.314,23.188,22.453,23.053,4.64,4.692,4.808,1662.8,56.9,1319.4,76.73,1.46,Yes,Warning
6.173,4.89,4.905,4.649,5.223,68.16,71.48,68.44,67.97,62.63,21.828,21.99,21.341,21.397,21.814,21.95,4.618,4.536,4.478,1421.6,54.3,2360.2,,13.55,No,Normal
7.024,7.428,6.676,7.67,7.111,71.97,70.9,74.88,70.32,70.84,22.324,23.508,22.929,23.144,22.064,22.559,5.217,5.06,4.826,1549.4,,10109.3,69.49,8.06,No,Failure
5.016,5.943,5.74,6.807,6.161,67.09,65.26,64.2,72.7,65.14,24.949,24.619,23.583,24.576,23.606,24.458,4.527,4.462,4.771,1436.8,41.8,5919.7,73.98,8.07,No,Warning
5.982,5.328,5.584,6.109,5.583,63.35,70.08,65.49,65.43,66.91,21.879,21.631,22.597,21.017,22.518,21.526,4.64,4.519,4.422,1500.4,23.2,5530.0,64.82,10.41,No,Warning
5.87,5.46,34.508909298054604,5.368,4.861,62.06,59.35,58.33,62.81,65.56,21.974,21.978,21.975,21.871,22.171,22.375,4.112,4.26,4.041,1575.9,64.4,2688.7,88.31,7.41,Yes,Normal
6.871,7.864,6.954,6.271,7.539,78.41,70.06,76.88,73.06,75.51,20.894,19.961,20.823,21.771,20.088,20.669,4.92,4.604,5.151,1528.7,58.8,6977.0,91.21,13.26,Yes,Warning
5.904,4.761,4.783,6.496,5.877,63.47,62.76,64.8,61.54,63.54,21.5,22.083,21.392,20.442,20.994,21.41,4.391,4.301,4.559,1646.3,31.2,1654.5,104.07,11.03,No,Normal
6.258,6.457,6.864,6.825,7.457,67.49,65.12,63.54,62.02,62.06,23.276,23.062,22.624,22.874,23.994,24.244,4.53,4.516,4.43,1606.9,44.0,6963.6,70.21,10.41,No,Failure
7.453,8.257,49.56497213999673,7.412,8.311,65.21,65.63,57.74,65.55,63.45,22.493,21.507,21.247,21.258,21.868,21.262,4.798,4.897,4.695,1624.5,41.9,4421.7,89.63,9.16,No,Warning
6.616,7.392,6.737,6.095,7.179,71.48,72.43,68.55,69.86,71.08,20.907,22.329,21.947,20.7,21.751,22.123,4.774,4.845,4.877,1478.3,35.6,3667.0,86.71,9.77,Yes,Warning
6.213,7.02,6.148,6.587,6.74,72.59,67.66,73.39,74.08,73.1,22.255,22.47,21.847,22.391,22.35,22.893,5.111,5.032,4.902,1532.9,37.9,2359.0,76.1,2.63,No,Warning
7.099,7.104,7.031,6.707,6.473,67.16,67.76,66.98,65.47,68.54,20.342,19.52,20.155,19.043,20.299,20.032,4.555,4.857,4.68,1435.8,42.3,1290.4,79.5,13.96,No,Normal
6.692,5.53,6.286,5.945,5.684,66.36,67.7,66.93,65.51,66.71,20.352,20.479,20.7,18.943,20.56,20.897,4.5,4.311,4.633,1574.1,44.7,2380.4,83.95,13.51,Yes,Normal
5.599,4.877,4.334,4.635,5.61,60.52,62.69,64.45,65.4,65.39,21.332,21.719,22.082,20.902,22.667,21.586,4.31,4.296,4.484,1488.3,71.2,4626.8,88.38,9.96,Yes,Normal
5.83,6.523,6.108,5.869,5.642,77.17,75.88,70.72,76.76,75.0,19.895,20.904,20.219,21.044,20.925,22.091,4.628,5.01,4.979,1595.9,62.8,3091.8,99.62,10.63,No,Warning
7.164,8.114,6.815,6.632,6.492,72.37,74.6,71.38,75.46,70.01,24.065,24.303,23.914,24.438,24.667,24.164,4.882,4.874,4.981,1534.7,53.9,3821.6,69.57,4.24,No,Failure
6.642,6.99,5.813,7.097,6.945,62.94,60.88,68.96,69.27,58.48,21.366,21.271,20.871,20.635,20.166,20.472,4.512,4.445,4.4,1441.0,55.2,9276.5,106.02,3.03,No,Normal
7.398,7.81,7.162,6.875,6.996,62.82,63.1,67.57,63.92,63.58,20.61,20.544,20.651,21.178,20.501,20.907,4.594,4.432,4.462,1368.4,31.4,2740.0,95.23,13.06,Yes,Normal
6.478,6.327,6.674,6.703,6.55,66.84,67.46,62.63,68.49,67.13,23.38,23.191,22.429,22.842,22.61,24.069,4.692,4.659,4.196,1465.6,45.2,5400.7,79.58,10.58,No,Warning
5.953,7.936,8.536,6.934,7.788,66.41,73.18,71.66,66.56,72.16,21.881,22.276,22.421,23.211,22.825,23.343,4.87,4.69,4.813,1464.9,42.7,1352.0,79.89,8.56,No,Failure
6.973,6.369,5.543,5.918,7.228,65.91,64.72,73.88,67.02,68.51,23.281,22.034,22.884,21.957,23.327,23.438,4.579,4.815,4.713,1339.2,28.7,4391.2,90.08,12.92,Yes,Warning
5.272,5.738,5.543,5.175,5.485,74.59,70.0,75.19,70.31,71.65,23.66,23.039,23.975,23.56,23.756,23.108,4.554,4.461,4.531,1277.8,48.8,1343.2,81.45,13.58,No,Warning
6.328,6.332,4.805,6.26,6.163,71.05,68.14,67.69,72.58,68.34,20.83,23.291,22.053,22.014,22.017,21.488,4.391,4.361,4.72,1415.6,60.7,2170.4,89.03,11.54,No,Warning
7.617,7.166,41.73424980077687,7.383,6.775,68.46,67.37,63.54,66.92,67.8,23.795,24.302,24.029,23.473,22.529,24.668,5.025,4.706,5.035,1541.6,53.8,1596.4,84.31,14.42,No,Failure
7.102,8.417,7.84,7.686,7.694,66.55,64.04,61.42,65.34,63.97,20.299,22.506,22.182,21.583,21.447,20.944,4.839,4.743,4.896,1586.0,55.3,1055.6,87.64,6.35,No,Warning
5.989,5.485,6.345,5.099,5.623,69.01,74.44,70.74,73.04,72.89,21.308,19.028,20.437,20.657,19.176,20.671,4.714,4.682,4.464,1387.3,42.1,1425.8,98.61,0.84,No,Normal
5.965,4.947,6.081,5.42,5.088,71.76,73.17,72.5,69.09,69.34,21.287,22.116,22.442,22.281,21.335,21.936,4.613,4.803,4.725,1479.4,56.7,4952.4,82.59,2.73,No,Warning
6.518,6.168,6.717,6.865,6.813,75.66,78.4,70.49,75.14,72.72,20.346,20.596,19.369,19.681,19.399,19.421,4.826,5.061,5.047,1409.6,43.1,6671.9,105.14,7.48,No,Warning
7.067,7.127,6.994,6.97,6.175,60.46,58.8,58.41,61.24,61.65,24.008,24.463,22.815,24.211,23.671,23.456,4.508,4.109,4.562,1270.1,38.5,2153.6,59.96,1.16,No,Warning
5.949,5.46,5.521,5.303,4.681,68.55,68.47,68.34,68.42,71.57,23.225,22.856,24.109,24.781,23.93,23.15,4.291,4.601,4.29,1717.8,51.0,778.9,76.8,2.46,No,Warning
5.458,5.484,5.423,5.92,5.912,62.04,64.52,60.67,64.12,63.56,19.785,19.979,20.726,19.42,21.021,20.365,4.028,4.289,4.07,1518.7,33.5,589.6,93.98,2.64,No,Normal
5.962,4.972,5.431,4.904,5.904,62.02,61.28,61.14,67.65,62.0,21.938,22.186,22.161,22.561,22.671,21.847,4.044,4.192,4.606,1465.8,43.4,5224.5,74.07,9.65,No,Normal
6.964,6.554,5.873,5.941,6.121,74.11,73.36,76.05,72.9,74.18,21.489,21.292,21.404,21.437,20.871,21.155,4.844,5.339,4.231,1383.8,52.8,2818.0,84.67,6.44,No,Warning
7.377,7.302,8.082,7.638,6.845,69.85,72.46,74.01,72.49,72.22,23.196,24.371,22.317,24.108,24.234,23.669,5.083,4.926,4.597,1633.1,43.9,4684.5,68.72,9.77,No,Failure
6.151,5.835,5.637,6.537,5.817,66.58,67.1,63.14,66.62,65.18,21.804,20.902,20.266,21.071,21.149,20.966,4.539,4.406,4.168,1588.9,50.7,1125.7,88.84,11.72,No,Normal
5.17,5.602,5.086,6.335,6.442,65.41,64.6,58.16,59.45,58.94,22.341,22.168,22.778,21.701,22.882,23.034,4.553,4.315,4.353,1422.1,38.3,1081.5,91.9,3.75,No,Normal
7.967,7.831,8.318,8.053,7.645,66.74,,63.69,65.17,65.67,21.215,21.207,22.214,21.226,21.998,21.803,4.723,4.721,4.353,1399.1,38.4,1152.3,101.09,5.04,No,Warning
5.173,4.613,4.632,4.931,5.319,66.27,72.06,72.22,69.14,71.78,23.35,23.54,23.98,24.277,23.74,23.568,4.628,4.485,4.668,1636.4,48.4,7375.5,71.13,12.03,No,Warning
5.291,5.835,5.797,5.108,5.491,59.44,58.81,62.47,62.8,60.02,22.204,21.202,22.696,21.126,22.171,21.35,3.779,4.009,4.176,1476.5,54.0,1067.0,,8.01,Yes,Normal
4.483,5.146,5.821,5.26,5.925,73.25,72.2,77.24,70.45,70.31,22.223,22.397,21.733,23.581,22.782,22.253,4.47,4.63,4.729,1371.4,41.6,717.9,77.13,3.44,Yes,Normal
8.011,7.693,6.861,7.245,8.12,72.9,79.08,73.54,73.6,72.03,24.21,,22.332,23.754,22.555,22.893,5.269,4.702,5.356,1736.7,37.8,4908.1,77.25,12.96,No,Failure
6.358,6.097,5.627,6.306,7.01,70.18,64.87,71.6,69.81,69.55,22.663,22.301,22.676,22.04,21.021,22.494,4.697,4.554,4.456,1440.8,38.7,3479.5,78.35,1.49,No,Warning
6.445,6.502,46.69786121786343,7.614,6.79,71.29,70.57,70.62,72.62,69.77,23.578,23.365,23.748,24.369,23.871,23.746,4.672,5.067,4.181,1130.3,57.5,4307.0,75.11,14.62,No,Failure
5.535,6.17,6.074,6.107,6.504,61.69,62.51,59.21,59.5,59.42,21.859,22.896,20.699,23.083,21.43,21.407,4.043,4.317,4.34,1363.5,30.1,376.0,79.03,2.71,No,Normal
6.715,6.631,6.699,6.075,7.061,60.3,64.39,62.42,63.85,61.46,22.456,,22.79,22.599,22.58,21.738,4.242,3.844,4.442,1356.1,39.5,4293.4,79.49,5.5,No,Warning
8.599,7.391,7.154,7.14,8.016,63.87,63.99,60.85,64.87,58.04,23.401,21.123,22.943,21.943,22.536,22.133,4.792,4.712,4.665,1489.5,37.9,4169.2,75.12,3.17,No,Warning
6.222,6.441,7.098,5.663,6.076,66.32,69.11,64.29,66.98,62.17,21.56,22.155,22.515,21.941,21.851,21.192,4.473,4.316,4.567,1526.6,37.9,6879.3,87.73,10.48,No,Normal
7.608,7.729,8.259,7.191,7.481,79.43,75.47,73.88,75.48,77.85,20.489,19.729,20.908,21.029,20.455,20.137,5.157,5.279,4.987,1420.4,45.5,5638.2,104.24,9.11,Yes,Warning
6.097,6.985,6.452,5.853,6.913,76.12,77.03,70.82,75.01,73.92,22.081,20.833,21.102,21.654,22.181,22.448,4.856,4.835,5.188,1419.7,53.1,7376.3,77.39,10.82,No,Warning
5.715,6.465,6.191,5.479,7.141,78.06,74.25,71.95,73.49,69.55,20.83,21.414,21.345,21.651,22.435,22.519,4.756,4.555,4.853,1418.6,56.0,1341.8,84.13,13.88,No,Warning
5.161,5.212,5.41,4.506,6.818,64.98,68.72,68.5,67.73,68.78,23.001,22.333,22.513,22.757,22.088,22.644,4.386,4.296,4.171,1269.7,26.6,7141.1,78.61,5.38,No,Normal
7.81,7.181,8.102,8.949,7.45,58.73,61.46,60.23,59.17,61.88,21.695,21.11,20.862,20.378,21.002,21.303,4.456,4.827,4.879,1534.3,24.5,956.1,93.8,2.28,Yes,Normal
8.098,7.605,6.755,7.083,8.008,65.96,66.98,61.34,64.72,65.45,23.943,23.924,24.786,23.526,23.597,22.74,4.582,5.191,4.628,1328.8,31.9,927.1,88.32,0.74,Yes,Failure
7.381,6.507,7.595,7.114,7.28,70.46,68.34,69.33,67.23,68.94,20.874,20.859,21.66,21.55,20.774,22.213,4.904,4.624,4.623,1568.0,56.3,5533.6,80.27,6.27,No,Warning
7.092,6.69,7.83,6.548,8.269,60.11,60.65,57.59,62.02,61.71,20.384,20.911,21.227,21.21,22.989,20.668,4.61,4.454,4.174,1407.1,46.0,1985.6,107.63,11.37,Yes,Normal
6.778,5.814,7.89,7.3,7.004,70.85,70.04,71.49,73.16,69.8,20.781,21.144,19.666,21.105,20.468,19.778,4.633,4.816,4.486,1413.2,49.3,4054.8,106.18,2.34,No,Normal
8.084,7.172,6.315,7.444,8.627,68.07,72.58,69.91,70.51,68.6,21.032,20.01,20.6,21.337,20.491,20.27,4.932,4.911,4.664,1325.9,56.7,4468.0,103.52,4.1,No,Warning
7.076,6.91,7.305,6.129,7.121,76.41,,70.55,76.86,70.79,23.491,23.817,23.25,23.3,24.209,24.422,4.711,5.047,5.195,1309.4,32.7,4867.9,63.95,8.63,Yes,Failure
5.183,4.927,5.336,5.19,5.105,66.17,66.91,69.43,64.96,68.44,23.092,21.272,22.486,21.847,22.317,22.716,4.31,4.228,4.358,1314.8,46.6,6290.8,84.08,13.1,Yes,Normal
6.739,6.709,6.951,7.981,6.606,66.05,58.3,58.07,61.19,65.85,20.324,21.594,21.251,21.567,21.238,21.215,4.955,4.583,4.211,1350.4,56.8,4695.1,91.07,6.74,Yes,Normal
6.337,7.17,41.54630723838645,6.472,7.514,62.56,60.57,63.4,65.38,62.52,24.052,24.43,24.149,23.452,23.992,22.665,4.58,4.266,4.458,1449.0,48.5,1056.0,67.55,8.27,No,Failure
7.356,7.603,7.49,7.513,7.995,67.01,,66.85,66.62,68.95,20.36,20.059,19.81,19.306,21.258,19.352,4.723,4.572,4.757,1600.4,38.7,1587.4,95.78,4.49,No,Warning
6.296,5.712,5.575,5.328,6.277,67.89,73.44,70.04,69.11,72.24,21.31,21.043,22.222,21.318,20.384,20.573,4.802,4.54,4.491,1210.4,56.7,1192.4,,12.88,No,Warning
5.828,6.078,6.228,5.602,5.667,68.08,69.34,63.87,68.62,68.06,21.081,20.974,20.737,20.773,21.016,20.785,4.584,4.538,4.669,1733.4,30.5,3829.5,109.78,13.62,No,Normal
5.634,6.079,4.864,5.704,6.449,62.47,,65.48,66.73,63.33,23.02,22.804,23.235,22.737,22.536,23.419,4.443,4.33,4.115,1502.4,20.3,569.8,79.49,5.55,No,Normal
5.693,4.275,6.128,5.52,4.725,63.05,60.93,57.5,62.44,64.37,20.968,22.865,21.293,23.106,22.102,21.613,4.228,3.971,4.519,1538.7,61.3,454.7,92.94,11.48,No,Normal
6.784,7.032,6.846,6.572,7.037,68.67,64.43,62.25,65.71,67.69,21.286,21.416,21.48,21.394,21.946,20.411,4.636,4.552,4.709,1511.5,42.2,3655.2,92.31,11.03,No,Normal
6.694,6.61,7.766,6.838,7.921,71.93,72.15,75.63,69.01,75.74,21.274,20.323,21.123,21.071,21.396,20.941,5.086,4.704,4.79,1913.1,34.9,4691.8,89.54,12.55,No,Warning
4.874,4.607,5.313,4.772,5.11,65.17,70.42,72.13,72.31,76.05,22.702,24.648,23.127,23.59,23.697,23.628,4.495,4.499,4.793,1552.2,47.7,5726.1,67.5,11.66,Yes,Warning
5.573,5.941,5.182,4.494,5.472,71.79,69.44,71.09,74.2,69.53,23.0,23.858,22.879,22.568,22.595,22.475,4.688,4.282,4.496,1523.2,51.9,872.0,86.21,11.17,No,Warning
5.689,5.531,6.277,5.258,5.31,64.37,61.52,60.92,62.36,60.98,22.732,22.305,22.811,23.238,23.154,23.698,4.031,3.635,4.14,1714.1,63.6,161.1,72.62,1.0,No,Normal
5.129,5.265,4.541,5.592,5.431,66.19,71.12,70.19,69.52,68.73,22.57,23.42,23.343,23.052,24.326,24.107,4.299,4.416,4.662,1595.5,34.2,2373.3,80.21,5.97,No,Warning
5.108,4.85,5.293,5.708,5.347,70.18,73.27,74.53,73.78,69.75,22.603,23.693,23.257,22.868,-42.731840153050165,22.788,4.417,4.366,4.425,1627.9,53.4,957.5,60.92,11.97,No,Warning
7.562,7.635,6.58,8.018,6.538,62.14,58.34,63.9,55.35,59.83,23.425,22.07,22.239,22.081,23.089,22.028,4.618,4.573,4.389,1390.3,59.7,3027.8,90.0,5.08,No,Warning
4.372,4.563,5.073,4.709,4.467,63.52,59.75,60.76,63.29,59.73,19.227,19.475,20.479,19.34,19.738,19.837,4.292,3.949,4.125,1490.8,42.3,2444.7,103.26,11.19,No,Normal
5.343,6.488,4.678,5.252,4.949,62.98,60.85,63.23,61.43,64.23,23.6,23.329,23.791,23.642,23.803,24.079,4.118,4.272,3.968,1419.4,31.1,3565.5,82.64,4.64,No,Normal
7.127,7.191,7.894,7.94,7.854,68.72,65.17,63.76,66.83,64.97,21.174,22.261,21.578,22.45,21.699,21.388,4.791,4.672,4.819,1481.7,32.4,2346.2,74.53,12.08,No,Warning
6.113,7.068,7.062,6.89,7.041,68.82,70.6,67.76,69.46,70.1,22.854,22.375,22.941,23.068,23.723,23.352,4.598,4.606,4.4,1538.5,53.1,5090.2,71.1,10.85,No,Warning
7.799,6.97,7.132,6.993,6.91,70.59,70.57,66.81,66.87,68.16,20.881,20.634,19.159,21.19,20.933,21.384,4.888,4.802,4.534,1449.3,62.1,1422.5,96.42,14.26,No,Warning
6.487,7.792,7.019,7.079,6.939,65.22,66.16,68.86,67.44,68.15,23.469,22.242,22.124,22.089,22.468,21.185,4.599,4.777,4.945,1625.8,43.4,2537.0,77.96,7.07,No,Warning
5.948,6.493,4.406,5.646,5.135,63.95,65.67,64.53,62.39,68.66,23.268,22.627,22.975,22.011,23.057,22.848,4.399,4.156,4.276,1630.6,,1840.6,83.76,3.74,Yes,Warning
5.196,5.794,5.034,4.428,4.867,69.63,70.1,71.26,72.44,72.56,23.611,21.537,22.64,22.894,21.76,21.801,4.605,4.214,4.447,1508.7,,6026.3,83.89,0.96,No,Normal
6.438,7.871,7.875,6.962,7.87,59.7,63.81,61.74,58.75,58.03,22.571,,22.352,22.937,23.057,22.174,4.551,4.393,4.737,1709.4,33.0,2641.3,97.13,12.83,No,Warning
6.588,7.739,6.191,5.946,6.715,70.46,72.24,66.8,71.48,72.3,21.509,20.313,20.55,20.672,20.741,20.086,4.762,5.026,4.803,1621.2,64.3,3619.7,95.23,5.51,No,Warning
5.415,5.721,4.096,6.212,5.359,71.79,69.81,73.68,68.8,64.93,21.63,21.006,22.174,21.708,20.799,21.716,4.531,4.884,4.295,1316.3,50.2,2879.0,88.44,5.71,No,Normal
6.811,6.197,6.416,6.946,7.318,64.61,63.48,61.04,62.13,62.08,22.64,21.11,22.353,22.708,22.183,21.34,4.789,4.752,4.381,1356.7,27.1,9388.4,78.39,10.26,Yes,Warning
7.182,7.043,7.063,6.702,7.796,64.6,70.52,68.71,67.16,62.59,24.109,24.193,24.067,23.468,24.756,23.565,4.164,4.465,4.495,1367.4,39.3,2817.1,64.96,11.7,No,Failure
6.62,6.882,6.238,6.764,6.095,57.08,57.32,65.49,62.52,62.43,19.499,20.793,20.445,20.559,20.841,20.466,4.071,4.349,4.117,1500.7,49.2,964.9,91.4,9.09,No,Normal
6.959,6.359,5.237,6.017,6.514,65.25,66.3,63.06,66.4,65.13,20.922,21.555,21.481,21.461,21.303,21.474,4.472,4.792,4.563,1448.5,39.0,908.2,71.57,3.78,No,Warning
6.834,6.517,6.825,5.851,6.246,65.83,62.69,65.03,66.62,57.28,21.284,20.714,21.147,21.708,20.747,20.388,4.343,4.602,4.666,1451.5,41.1,6459.3,90.74,6.73,No,Normal
5.646,4.391,4.806,5.403,5.256,65.45,67.64,71.7,63.25,68.34,21.091,21.47,21.114,21.744,21.134,22.156,4.492,4.51,4.825,1394.4,42.8,9391.0,93.97,12.08,No,Normal
6.132,4.933,5.078,5.512,6.19,64.55,63.15,63.6,59.23,61.41,20.802,23.064,23.755,22.201,22.29,22.717,4.243,4.152,4.353,1589.5,42.6,3545.3,74.72,11.35,Yes,Normal
6.221,5.872,5.402,5.644,6.089,75.19,72.81,72.38,73.82,74.76,24.297,23.829,23.031,23.109,21.874,23.097,4.578,4.546,4.806,1559.8,27.8,3315.3,72.21,11.18,Yes,Failure
5.922,7.104,7.26,5.67,5.846,78.36,74.36,72.49,77.24,73.81,19.594,,19.265,19.313,20.665,20.458,5.015,4.846,4.553,1562.4,43.6,2591.9,94.09,3.82,No,Warning
7.501,7.637,6.997,7.946,6.648,69.73,71.86,71.47,72.58,70.89,21.569,21.805,21.48,21.454,21.139,20.535,4.904,4.911,4.78,1412.9,43.3,1470.4,101.33,7.61,No,Warning
4.947,5.418,5.522,5.321,5.809,66.72,67.23,71.55,69.26,69.23,20.256,21.058,20.42,21.17,20.105,20.526,4.327,4.277,4.443,1581.9,44.9,3125.0,81.78,8.13,No,Normal
7.889,7.386,7.285,8.384,8.763,60.72,62.44,61.01,64.48,60.59,22.648,22.692,21.864,21.777,22.186,23.565,4.816,4.666,4.729,1620.0,38.6,968.8,69.82,0.89,Yes,Warning
7.975,8.228,9.046,7.568,7.338,60.56,60.38,62.11,62.99,62.89,22.611,22.88,23.495,23.388,23.758,23.195,4.66,4.246,4.665,1535.6,46.3,16777.0,70.84,2.1,No,Failure
5.999,4.777,5.206,5.919,5.839,61.82,58.8,57.55,65.97,56.8,20.73,20.261,20.377,19.935,20.136,21.081,4.171,3.897,4.247,1540.9,28.9,486.6,92.98,13.83,,Normal
5.269,6.052,5.346,5.489,4.906,66.76,60.41,69.03,64.97,65.55,23.336,22.594,23.524,23.842,23.42,22.59,4.285,4.306,4.022,1524.9,40.8,697.9,76.13,8.66,No,Warning
4.676,5.15,5.75,5.557,4.94,70.12,77.76,74.05,75.23,74.82,22.795,23.775,24.683,23.989,23.579,24.704,4.665,4.33,4.541,1513.6,47.9,1068.5,63.79,5.31,No,Warning
8.278,7.684,7.292,7.442,7.339,74.16,72.01,70.31,73.12,71.9,20.613,22.383,22.912,20.97,21.917,21.565,4.962,5.148,5.19,1297.9,42.0,5150.3,83.72,11.11,Yes,Failure
5.144,5.436,5.093,5.926,5.692,69.69,69.97,67.48,68.81,70.82,20.407,20.913,20.603,20.977,21.561,20.75,4.404,4.317,4.662,1584.7,43.8,1038.6,97.82,9.75,No,Normal
5.08,4.949,4.928,4.445,5.107,64.48,63.54,65.47,64.75,64.05,23.279,22.594,22.478,22.369,23.489,21.438,4.326,4.111,4.459,1564.8,46.0,6800.1,93.42,13.18,No,Normal
7.697,7.714,8.612,7.227,7.208,69.32,65.23,68.29,72.82,67.39,21.526,22.062,22.24,21.324,20.964,22.679,4.898,4.935,4.731,1353.3,39.5,1694.7,,13.37,Yes,Failure
5.533,5.737,5.434,5.385,5.013,66.78,63.78,61.89,64.63,63.8,22.6,21.806,22.264,21.557,21.992,22.201,4.473,3.992,4.376,1374.5,36.6,1030.7,73.81,2.32,No,Normal
5.992,6.205,6.124,6.396,4.613,62.75,63.9,64.46,63.49,63.96,22.227,21.888,21.494,21.827,23.025,21.696,4.013,4.583,4.18,1547.4,36.3,1155.9,87.1,12.31,Yes,Normal
7.611,6.806,7.892,8.981,8.523,73.29,72.02,69.27,75.14,75.52,22.685,23.472,22.608,22.782,23.145,23.697,5.315,4.864,4.765,1355.2,,1314.5,68.96,1.98,No,Failure
6.4,7.535,7.121,6.355,5.527,64.61,65.19,64.34,65.35,67.34,23.97,23.665,24.447,23.552,23.479,24.461,4.824,4.576,4.635,1503.1,37.0,2350.5,66.76,12.7,No,Warning
7.851,8.416,7.431,7.726,6.827,66.97,68.1,69.73,67.76,66.09,21.51,,20.471,21.381,20.819,22.036,4.673,5.18,4.74,1618.2,38.0,3576.2,101.39,9.64,No,Warning
6.099,5.712,5.86,5.069,5.64,66.84,62.93,58.56,61.67,64.85,21.561,22.375,23.287,23.218,22.733,22.953,4.213,4.082,4.326,1663.4,49.0,503.7,77.45,9.39,No,Normal
6.606,5.491,5.196,5.399,6.112,76.21,76.44,75.36,72.82,74.23,22.017,22.379,22.124,22.48,21.742,22.117,4.641,5.006,5.058,1425.5,58.9,1357.3,83.87,14.85,Yes,Warning
7.03,7.82,7.725,6.804,7.822,72.28,76.17,72.31,75.65,75.26,23.994,23.561,23.991,23.686,24.05,24.089,5.132,4.827,5.056,1340.5,37.9,4134.7,70.42,13.64,Yes,Failure
5.436,6.288,6.564,6.261,5.696,69.67,64.25,67.6,66.66,71.81,21.458,22.28,22.292,22.406,22.621,21.704,4.719,4.318,4.532,1549.1,33.5,6197.2,89.58,1.67,No,Normal
5.166,5.193,4.727,5.216,6.406,71.86,69.72,72.03,72.75,71.91,22.634,21.516,22.756,22.819,22.039,22.855,4.631,4.513,4.76,1298.3,40.4,1021.1,85.91,5.44,No,Normal
8.252,8.029,6.634,7.618,7.762,64.29,64.65,64.61,64.1,66.9,21.857,19.848,19.997,20.829,20.71,20.784,4.755,4.723,4.682,1334.8,47.5,6759.2,86.66,8.6,No,Warning
5.256,6.102,6.532,5.308,5.866,60.88,60.8,62.09,60.57,58.91,21.991,22.656,22.52,21.061,23.388,20.949,4.262,4.221,4.341,1476.8,52.8,590.1,88.41,13.22,No,Normal
4.874,5.495,5.522,5.551,5.17,64.75,69.7,66.49,67.46,69.98,22.335,23.122,23.522,22.774,23.108,22.916,4.326,4.268,4.46,1697.9,41.4,6036.8,88.16,4.25,No,Normal
7.649,7.448,6.148,6.048,6.918,72.24,71.15,72.48,71.52,74.47,21.872,21.412,21.55,20.552,21.562,21.314,4.622,4.962,4.827,1432.4,39.5,5154.3,88.04,8.5,Yes,Warning
7.236,7.525,8.196,7.776,7.3,69.3,74.05,73.0,73.64,71.85,22.531,22.76,23.138,23.057,22.874,23.519,4.844,4.703,5.073,1563.0,16.0,6075.9,72.14,2.28,Yes,Failure
5.071,4.926,4.667,5.419,4.872,71.23,69.72,69.49,69.33,68.69,23.487,23.344,24.175,24.603,23.964,23.118,4.385,4.494,4.369,1458.6,63.7,987.6,70.25,13.99,No,Warning
6.43,8.083,8.678,9.553,7.515,62.77,62.25,59.65,63.11,61.57,20.881,21.556,20.082,20.748,21.541,21.534,4.432,4.846,4.226,1404.3,44.7,800.3,105.29,7.64,No,Warning
7.197,7.743,7.491,8.047,7.695,65.97,,64.08,67.56,60.95,20.452,19.819,20.692,19.901,19.945,20.436,4.602,5.2,4.772,1565.5,,6300.4,87.54,14.93,No,Normal
5.539,4.722,5.613,6.502,4.795,65.46,68.21,65.27,63.99,67.68,23.052,24.265,23.509,22.799,22.878,23.416,4.078,4.361,4.35,1722.7,37.5,1330.1,69.48,9.5,No,Warning
7.653,8.031,7.53,8.015,7.443,66.14,68.55,66.26,68.6,67.63,20.145,20.006,19.841,20.528,19.722,21.448,5.07,4.401,4.986,1517.1,44.9,4334.3,95.16,11.94,No,Warning
7.852,6.506,7.52,7.176,7.678,68.74,74.56,73.6,76.83,73.55,22.658,23.576,24.203,24.085,22.008,24.36,4.893,4.775,5.075,1457.1,49.7,3999.6,76.55,12.83,Yes,Failure
6.487,5.575,5.902,5.898,5.97,62.31,,68.38,67.2,63.08,22.429,23.553,22.7,23.135,23.247,23.716,4.571,3.918,4.52,1513.8,40.2,11842.4,78.13,7.07,No,Normal
7.517,8.197,8.629,6.963,6.697,60.81,65.33,68.13,67.44,68.42,22.81,22.663,22.502,22.761,23.456,24.562,4.823,4.77,4.745,1264.6,29.6,1820.3,64.3,14.68,No,Failure
6.004,6.74,6.954,7.765,6.279,77.84,73.26,75.35,77.76,74.82,22.986,22.923,22.295,23.604,23.077,22.904,4.905,5.227,4.863,1572.3,70.4,1965.6,80.82,4.37,Yes,Failure
7.405,8.017,7.048,6.848,7.709,68.14,65.63,68.98,60.67,63.3,23.539,23.358,23.228,23.929,24.364,24.441,4.756,4.313,4.975,1311.1,48.0,4463.5,73.77,11.41,No,Warning
6.258,6.451,5.791,7.024,6.232,61.8,61.62,61.31,65.62,65.06,21.655,21.092,21.637,21.359,20.814,20.561,4.292,4.671,4.131,1487.4,51.1,2734.7,92.15,1.76,No,Normal
6.366,7.088,6.443,6.935,5.519,67.51,70.59,67.12,68.03,66.81,20.483,20.824,20.65,19.934,20.851,20.427,4.506,4.561,4.74,1419.8,43.5,4909.0,89.71,4.02,No,Normal
6.628,6.614,6.873,6.979,7.222,67.34,62.0,66.72,67.59,63.23,20.256,19.954,19.905,20.217,21.12,21.063,4.452,4.525,4.551,1489.8,54.4,2331.0,106.17,9.95,No,Normal
5.06,4.907,4.528,4.975,5.041,70.3,65.43,62.84,67.85,65.76,23.153,23.799,22.992,23.184,22.388,23.471,4.261,4.236,4.592,1501.2,40.6,3964.3,83.92,14.14,No,Normal
7.522,7.325,7.414,6.987,7.905,73.58,77.7,75.29,70.99,75.24,21.985,20.406,21.85,20.893,22.543,22.225,5.134,5.083,5.293,1321.4,44.7,2871.3,91.78,13.85,No,Failure
5.467,4.888,6.252,5.435,5.625,61.4,61.72,64.75,59.41,57.41,23.515,23.434,24.748,23.798,23.712,24.21,4.421,4.193,3.993,1395.1,62.7,602.8,73.17,4.52,Yes,Normal
6.524,5.659,6.214,5.028,6.058,68.06,63.84,66.71,70.73,67.41,23.371,22.35,23.43,24.237,22.385,23.477,4.555,4.635,4.722,1410.6,53.0,1223.3,69.6,4.52,No,Warning
7.404,7.722,5.553,7.288,7.597,66.37,64.75,68.95,66.59,71.87,21.203,21.989,20.759,20.135,21.855,21.063,5.104,4.798,4.652,1233.5,42.1,2084.9,103.01,4.73,Yes,Warning
7.712,7.111,8.044,7.894,8.304,61.39,60.91,62.83,60.22,63.85,19.587,19.183,19.801,19.911,21.156,20.122,4.71,4.403,5.157,1497.5,62.0,6930.7,95.59,6.59,No,Normal
7.07,7.244,7.77,6.729,7.784,68.1,64.91,69.02,66.86,67.75,20.429,21.241,20.49,21.467,20.031,21.068,4.603,4.713,5.204,1512.4,42.8,3825.6,74.81,11.52,No,Warning
6.307,6.798,6.364,5.816,5.636,63.65,68.22,63.19,66.38,66.78,23.054,22.843,21.766,21.639,21.682,22.241,4.588,4.396,4.482,1359.4,28.1,1338.2,79.32,2.57,Yes,Warning
5.641,6.365,6.541,5.699,6.071,64.08,64.41,64.28,66.03,63.78,21.739,21.772,21.178,21.924,20.955,21.004,4.148,4.551,4.35,1592.4,46.2,6380.4,89.02,5.79,No,Normal
6.998,6.515,6.413,5.506,5.966,66.04,67.37,68.98,66.82,65.51,21.754,20.648,20.509,21.405,20.908,21.001,4.581,4.796,4.132,1360.7,47.2,1053.2,90.03,3.18,Yes,Normal
8.517,7.267,7.628,7.514,7.967,70.58,71.74,66.55,71.35,72.78,22.613,23.512,22.775,23.025,22.652,23.396,5.199,4.84,5.146,1391.7,43.2,4386.4,75.24,8.39,No,Failure
6.94,6.925,7.282,7.862,7.347,60.84,63.36,63.18,67.92,64.96,24.727,23.125,23.606,24.064,24.106,24.197,4.612,4.13,4.703,1411.7,29.1,10280.5,68.53,10.03,No,Failure
5.684,4.515,4.195,4.861,4.907,64.83,61.54,64.73,69.52,63.17,22.927,23.443,23.04,22.554,23.103,23.825,3.858,4.402,4.382,1511.7,35.1,3455.4,89.74,3.49,No,Normal
7.193,6.315,6.174,6.794,6.282,65.23,67.76,63.16,67.91,68.52,19.815,20.381,20.025,20.721,19.995,18.863,4.839,4.492,4.637,1362.8,51.7,1694.6,103.79,11.56,No,Warning
5.759,6.482,6.848,6.744,6.402,62.38,64.62,63.27,64.44,64.26,22.785,22.067,21.609,22.043,22.127,21.912,4.364,4.333,4.493,1310.7,41.6,1102.3,83.45,10.14,Yes,Normal
7.684,7.632,7.297,6.495,6.92,73.57,73.06,76.33,74.34,73.56,23.316,24.52,24.895,24.427,24.061,24.083,5.08,4.96,4.934,1282.6,32.5,4261.0,69.44,9.45,No,Failure
6.604,6.707,5.861,6.604,6.342,76.09,72.22,74.84,72.07,70.74,22.997,22.315,23.24,22.336,23.11,23.398,4.601,4.875,4.825,1264.0,40.4,2178.4,77.37,6.55,Yes,Warning
7.699,7.958,7.897,7.459,6.655,65.24,65.21,66.88,65.78,66.78,19.022,21.068,20.345,20.042,20.358,21.754,4.721,4.669,4.666,1268.0,43.4,5491.2,93.76,11.19,No,Warning
6.276,5.911,5.738,5.128,3.983,71.19,,72.11,70.05,70.66,22.187,22.174,23.16,21.606,21.665,22.03,4.299,4.324,4.852,1547.7,58.4,817.9,82.11,12.79,Yes,Normal
6.684,5.668,5.761,6.514,6.464,77.78,72.95,74.17,77.02,76.41,21.969,22.256,21.831,21.453,23.176,21.452,5.074,4.885,4.848,1371.7,,1183.2,88.41,14.04,No,Warning
6.763,7.316,7.478,7.293,7.489,62.91,64.65,63.09,66.82,62.51,21.864,23.217,20.813,21.606,21.557,21.137,4.574,4.418,4.574,1414.4,59.0,1862.3,94.14,7.17,Yes,Warning
6.408,6.53,7.315,5.183,5.725,59.79,64.86,62.81,62.01,62.42,22.439,23.552,23.034,24.225,23.69,23.201,4.28,4.293,4.196,1467.3,33.7,1289.5,70.26,3.28,Yes,Warning
5.756,5.205,5.56,4.051,6.167,75.9,74.06,72.38,70.47,76.24,23.2,23.983,24.226,23.871,23.809,24.743,4.482,4.45,4.65,1649.4,49.0,1407.6,60.19,10.64,No,Warning
6.825,7.293,7.406,6.413,6.958,68.02,67.85,65.99,70.12,65.79,22.654,22.952,23.041,23.565,23.558,22.962,4.576,4.571,4.63,1453.5,46.1,867.4,69.55,8.67,No,Failure
5.174,5.408,5.755,6.803,6.691,67.8,63.8,66.98,67.41,66.85,19.483,21.592,20.944,21.566,20.341,20.012,4.522,4.471,4.288,1371.4,21.8,9377.5,86.48,12.52,No,Normal
7.004,4.989,7.679,6.341,6.998,58.58,,61.21,61.54,61.26,21.932,22.702,24.11,21.906,23.448,22.959,4.338,4.4,4.416,1506.2,46.9,681.2,79.02,10.15,Yes,Warning
6.691,4.865,5.223,5.845,5.726,74.61,72.46,64.85,74.07,72.9,23.002,24.725,23.597,23.761,23.47,23.373,4.486,4.747,4.732,1557.4,,1098.9,89.07,4.84,Yes,Warning
5.547,6.061,5.795,6.432,6.407,68.68,64.1,63.32,70.43,61.92,23.37,23.231,22.488,23.405,23.076,24.373,4.604,4.48,4.402,1378.5,26.4,1066.8,77.92,14.37,No,Warning
7.949,6.587,7.885,7.189,7.277,69.0,68.31,65.89,67.68,66.67,22.945,23.218,23.081,23.131,23.248,22.961,5.054,4.953,4.605,1562.9,37.9,6655.4,,7.73,No,Failure
7.236,6.996,7.798,7.586,6.467,72.02,71.86,71.23,71.78,72.24,21.881,19.951,20.937,20.405,21.101,22.142,5.054,4.994,5.231,1673.2,34.1,6457.9,97.4,11.12,No,Warning
8.258,7.612,7.888,7.047,7.381,72.42,74.29,71.04,67.34,71.07,23.758,24.036,22.901,24.185,23.597,23.751,4.811,5.312,5.198,1422.8,51.6,5712.3,73.0,0.52,No,Failure
4.786,5.841,5.64,5.978,5.868,63.53,62.98,62.47,60.43,60.02,23.125,22.005,22.528,22.63,23.658,21.864,4.248,3.876,4.422,1505.9,58.7,1369.5,73.45,2.32,No,Normal
6.212,6.69,6.46,6.446,7.147,67.74,73.18,70.47,68.69,67.05,19.727,20.872,20.711,21.444,21.772,21.097,4.727,4.62,4.659,1438.8,56.5,1865.6,104.68,8.63,,Warning
5.045,4.316,4.92,5.471,5.277,75.14,71.46,69.5,68.55,69.35,20.109,20.966,20.615,21.295,20.305,21.447,4.358,4.492,4.543,1666.1,64.3,2586.4,94.65,5.74,No,Normal
7.088,6.627,7.433,6.616,7.696,61.7,64.54,61.37,62.58,66.75,20.506,20.216,21.379,20.835,20.717,20.757,4.334,4.648,4.191,1327.8,40.3,4999.1,95.28,12.12,No,Normal
7.553,8.35,7.822,7.298,7.31,65.14,61.74,64.22,67.81,62.8,22.69,22.242,21.53,22.441,22.132,21.662,4.633,4.58,4.352,1380.1,53.8,5709.9,76.5,0.84,Yes,Warning
7.67,7.388,7.426,7.273,7.195,69.48,68.89,67.94,67.33,64.89,23.879,23.28,23.379,23.617,22.606,23.218,4.688,4.525,4.875,1568.4,51.9,1554.2,84.3,14.92,No,Failure
5.575,6.298,6.959,6.471,6.552,72.74,76.27,73.53,72.33,74.87,20.836,21.29,20.735,21.668,21.581,19.995,4.87,4.893,4.565,1585.1,58.2,9065.7,92.4,5.58,Yes,Warning
7.716,7.223,8.21,7.917,6.448,68.46,74.27,70.71,72.99,72.6,22.315,22.3,21.576,22.038,21.725,21.059,4.879,4.713,4.936,1607.3,53.1,3976.5,80.59,5.5,No,Warning
5.295,5.983,4.94,5.28,4.745,63.8,65.98,70.56,63.16,65.16,23.138,24.635,24.68,23.825,24.268,23.14,4.121,4.234,4.159,1514.0,52.7,2377.3,82.36,10.7,Yes,Normal
6.314,5.987,6.558,6.301,6.901,60.97,64.08,63.72,61.96,61.32,20.113,22.005,21.767,20.525,20.746,19.698,4.492,4.619,4.572,1740.9,47.5,3522.3,96.37,5.98,No,Normal
7.773,7.414,7.862,7.603,7.526,68.67,71.41,73.13,74.25,72.24,23.001,24.484,23.515,24.707,23.999,24.634,4.916,5.15,5.009,1468.2,57.0,2914.9,78.16,8.34,No,Failure
6.366,5.893,6.469,7.202,5.789,66.29,72.54,71.02,75.28,69.74,21.607,22.022,21.832,22.736,22.998,21.729,4.729,4.607,5.133,1499.8,70.9,3646.8,91.04,13.08,No,Warning
6.986,5.769,6.184,6.928,6.616,62.24,64.54,64.53,61.58,62.94,19.545,20.149,19.595,20.57,20.807,19.176,4.22,4.304,4.476,1457.1,38.3,5338.4,99.05,2.99,No,Normal
6.663,6.699,5.927,6.784,5.942,71.52,72.84,69.53,70.59,72.07,23.213,22.723,22.205,21.592,22.445,21.6,4.789,4.465,4.352,1458.2,51.1,961.6,67.11,8.18,Yes,Warning
4.172,5.308,4.767,4.765,4.86,68.56,71.95,70.79,65.71,70.11,19.638,19.616,19.299,18.928,19.629,20.36,4.126,4.495,4.22,1443.7,40.6,760.7,101.63,14.3,Yes,Normal
6.667,4.76,6.51,6.892,5.944,69.15,66.01,62.8,65.05,69.62,20.856,19.816,20.725,20.645,20.96,19.994,4.482,4.479,4.653,1339.8,53.5,3621.9,91.88,13.75,No,Normal
7.342,7.226,6.478,6.798,6.72,72.54,68.94,67.34,70.92,68.58,22.264,22.661,21.892,22.556,22.27,21.217,4.897,4.78,5.065,1487.2,44.6,6105.8,79.41,8.09,Yes,Warning
6.827,6.061,5.258,4.669,6.602,63.94,64.23,65.33,61.05,60.96,22.864,21.959,21.626,23.273,22.936,22.778,4.291,4.229,4.307,1579.0,,8511.6,88.8,14.61,Yes,Normal
6.255,5.552,6.796,6.191,5.932,67.13,68.8,70.87,68.03,67.98,23.646,23.994,22.081,22.48,23.978,23.249,4.765,4.487,4.344,1391.9,58.5,1635.8,69.2,8.8,No,Warning
7.608,7.055,7.893,7.599,8.167,69.86,75.65,71.59,70.44,73.47,22.026,22.844,22.76,22.53,21.516,21.93,4.895,4.983,4.919,1403.3,37.9,2418.3,84.18,11.22,No,Warning
5.685,5.737,5.986,6.166,5.658,72.03,67.7,66.2,66.26,68.08,20.814,20.784,21.199,20.29,19.922,20.665,4.205,4.27,4.441,1483.9,,2407.1,94.68,14.69,Yes,Normal
6.615,5.797,5.62,5.965,4.952,64.53,65.8,64.13,63.54,62.65,22.21,24.314,22.828,21.976,24.239,22.702,4.469,4.568,4.358,1363.2,52.1,6878.7,68.43,8.91,No,Warning
4.344,6.214,5.322,6.519,5.439,64.68,58.95,61.53,61.44,64.6,21.851,21.642,22.326,22.22,21.072,21.852,4.311,4.643,4.141,1327.6,63.6,7481.8,93.11,6.1,No,Normal
5.233,4.572,4.913,5.349,4.6,70.21,69.55,75.55,71.62,68.79,22.445,22.834,23.269,23.566,23.683,23.539,4.484,4.508,4.382,1303.1,42.8,10139.9,86.99,13.02,Yes,Normal
6.809,6.613,6.55,6.748,6.617,72.99,74.95,72.71,72.41,71.67,21.651,20.995,21.226,21.351,19.858,20.854,4.945,4.802,4.906,1283.0,46.2,3394.1,97.15,11.08,Yes,Warning
7.202,7.238,8.361,6.977,9.121,61.26,63.45,61.78,63.86,57.61,21.225,21.748,22.145,22.134,22.32,21.594,4.821,4.947,4.536,1583.9,59.2,1189.2,92.22,7.37,Yes,Warning
6.228,5.844,5.139,6.277,5.373,71.51,68.57,67.25,72.61,70.87,21.152,21.134,21.882,21.069,20.917,21.902,4.664,4.559,4.536,1396.4,55.5,1586.7,86.68,6.31,No,Normal
6.87,6.442,7.296,6.517,7.94,75.73,74.29,71.34,70.28,71.07,23.493,23.744,23.93,23.848,25.249,23.683,5.208,4.8,5.051,1207.2,39.0,5490.7,71.07,14.67,Yes,Failure
5.209,5.763,6.325,6.051,6.968,67.54,69.99,70.75,67.96,71.6,21.083,22.421,20.189,20.968,21.395,21.33,4.484,4.825,4.661,1539.0,40.4,2076.6,84.17,6.4,Yes,Normal
6.04,4.476,4.693,5.147,5.118,73.72,71.16,71.14,75.36,74.63,20.649,19.911,21.079,19.962,19.473,19.939,4.546,4.47,4.484,1411.8,44.0,1854.7,89.91,3.16,Yes,Normal
6.151,6.601,5.763,6.357,5.291,71.02,68.86,72.26,67.47,70.19,23.486,25.018,23.577,23.731,23.289,24.545,4.57,4.747,4.596,1365.5,47.9,6796.6,81.2,9.64,Yes,Warning
6.018,6.145,7.408,6.469,8.013,64.06,55.39,61.29,62.44,60.01,23.799,23.23,24.068,23.499,24.584,23.597,4.424,4.173,4.569,1249.6,36.8,7499.1,66.99,6.4,Yes,Warning
5.274,5.502,6.971,5.907,5.752,67.98,67.28,70.53,70.88,69.17,20.399,20.87,20.221,20.037,19.945,19.847,4.413,4.519,4.674,1574.2,55.2,5741.0,99.5,12.59,No,Normal
5.929,6.381,7.107,6.24,6.605,71.89,68.89,75.75,73.04,69.03,23.133,22.978,22.702,23.194,23.017,22.805,4.885,4.461,4.909,1369.2,46.2,3793.7,65.08,8.68,No,Warning
6.953,6.476,5.824,5.564,5.765,67.29,69.91,74.48,71.1,72.21,21.318,21.561,20.785,20.405,20.072,20.941,4.648,4.73,4.514,1154.9,56.1,5533.0,95.91,2.02,Yes,Warning
4.947,6.598,5.706,5.959,6.414,78.0,73.8,69.2,79.96,69.41,22.942,22.196,22.837,23.106,23.083,22.866,4.878,4.679,5.015,1594.1,23.7,3545.1,88.62,0.57,No,Warning
5.914,6.409,5.348,5.768,5.185,73.33,72.32,69.62,74.87,68.46,20.473,21.769,20.592,20.468,20.506,19.201,4.437,4.322,4.664,1427.4,44.3,3090.5,99.51,12.14,No,Normal
7.225,7.938,6.893,6.623,7.136,55.4,,59.01,65.58,60.51,22.058,22.687,23.355,22.541,23.81,22.762,4.562,4.476,4.489,1476.7,20.4,6277.6,90.28,14.68,Yes,Warning
7.109,8.436,8.276,6.892,8.413,71.61,67.7,72.53,70.65,66.68,20.891,21.875,21.464,21.183,21.22,20.696,4.87,5.135,5.047,1494.9,44.2,1297.0,84.97,8.74,No,Warning
5.393,6.344,5.727,5.106,5.957,59.77,62.63,58.65,62.23,59.57,21.057,21.052,21.308,22.743,22.247,21.158,4.209,4.034,4.337,1527.4,47.0,1396.5,98.31,3.29,Yes,Normal
7.11,7.739,6.808,7.879,7.284,56.06,63.24,56.91,61.88,63.08,21.507,21.678,22.223,22.013,22.55,21.521,4.447,4.406,4.421,1640.2,38.9,4535.6,90.91,10.76,,Warning
4.376,5.414,4.713,4.68,6.151,61.66,,65.59,61.23,69.46,22.29,22.035,21.431,21.54,22.346,22.503,3.793,4.502,4.273,1459.8,37.4,2313.5,88.51,12.69,Yes,Normal
4.517,4.0,4.874,4.932,4.013,59.16,61.99,59.37,61.42,59.16,22.059,22.006,20.908,22.453,21.713,21.987,4.316,4.011,3.74,1619.1,32.5,271.5,74.39,10.94,Yes,Normal
6.451,5.943,6.327,6.915,6.398,59.52,,62.3,62.48,61.1,23.292,22.853,23.148,23.801,22.908,22.956,4.124,4.024,4.138,1494.3,40.4,15845.8,67.79,9.0,No,Warning
7.401,7.974,8.167,7.862,7.652,58.07,59.36,58.43,60.93,58.37,22.636,20.439,21.875,22.96,22.494,21.369,4.567,4.545,4.518,1212.8,54.3,6249.7,86.31,3.72,No,Warning
6.737,7.497,7.741,6.583,7.705,60.92,66.3,63.5,60.8,62.34,20.928,20.703,21.335,21.327,21.466,20.289,4.406,4.666,4.594,1396.1,46.3,4022.1,83.42,12.82,Yes,Warning
7.758,7.063,6.863,6.761,7.631,59.66,55.48,62.6,61.4,59.36,22.075,22.636,23.075,22.024,109.14257054331127,23.53,4.386,4.248,4.425,1605.5,37.4,4696.7,70.88,8.36,Yes,Warning
7.589,8.019,7.22,7.206,6.722,75.14,,71.83,68.1,70.09,21.091,21.749,21.398,21.191,20.503,21.477,5.075,4.97,4.846,1498.5,34.5,2175.9,88.68,9.43,No,Warning
7.472,7.159,6.416,7.302,7.747,68.96,72.35,71.28,69.23,67.25,22.067,22.041,21.095,21.819,20.995,22.132,5.018,4.774,4.639,1471.7,38.0,1641.2,85.78,0.85,No,Warning
5.804,5.741,6.216,5.86,6.114,58.15,58.65,65.03,62.08,59.82,21.809,22.925,22.657,21.899,22.644,20.947,4.299,3.935,3.881,1447.1,35.1,1982.2,94.18,10.83,No,Normal
6.005,6.629,5.816,6.515,5.587,70.02,66.97,71.32,68.11,67.08,23.333,22.691,23.449,23.881,23.488,24.509,4.836,4.843,4.261,1405.0,43.7,930.6,65.18,5.08,No,Warning
8.131,6.94,6.844,7.02,8.338,68.43,62.34,65.16,64.06,64.12,23.786,23.798,24.088,24.127,24.682,23.188,4.877,4.671,4.575,1268.5,,1976.0,81.93,5.56,Yes,Failure
4.877,5.53,3.983,5.387,5.685,79.19,73.41,72.19,74.29,71.52,23.757,23.175,23.172,21.627,22.119,23.976,4.857,4.518,4.561,1446.7,39.7,1069.6,89.12,2.51,Yes,Warning
6.073,7.724,7.404,6.906,6.979,70.83,69.68,65.98,62.05,68.24,22.352,20.82,21.004,21.358,22.752,21.223,4.93,4.601,4.588,1542.4,55.2,882.7,,2.99,No,Warning
5.468,4.83,6.919,6.407,6.659,68.95,72.8,73.0,69.75,74.23,19.724,20.298,19.526,19.858,20.292,19.786,4.888,4.324,5.073,1595.0,30.6,1496.5,99.55,14.25,No,Normal
6.556,5.5,7.461,7.267,6.594,61.26,64.61,63.93,61.52,60.52,23.414,21.921,22.908,21.821,23.325,23.7,4.412,4.482,4.544,1602.0,50.3,1361.0,73.47,5.24,No,Warning
5.327,5.088,5.035,4.711,4.627,74.63,73.09,70.05,70.25,72.47,21.716,22.114,22.938,21.691,22.992,21.973,4.3,4.497,4.301,1337.1,17.4,4162.2,75.37,7.01,Yes,Warning
6.663,6.798,5.795,6.508,6.9,74.29,74.62,74.04,73.0,72.65,20.076,,21.044,18.761,20.084,20.386,5.138,4.641,4.813,1503.5,52.3,1850.7,108.98,8.45,No,Warning
6.326,7.781,7.892,7.019,7.307,73.21,76.07,71.2,67.55,69.84,20.161,20.805,19.875,19.924,19.071,19.223,4.858,4.989,5.16,1518.1,,1536.0,88.94,13.54,Yes,Warning
5.979,6.804,6.433,6.601,6.78,60.62,59.28,61.85,65.15,61.7,20.953,19.697,20.69,20.962,21.191,20.37,4.332,4.339,4.572,1279.1,33.1,2150.3,100.55,5.77,No,Normal
6.701,7.638,7.199,6.982,8.154,64.96,62.7,62.57,62.13,61.58,23.015,23.374,23.039,22.908,21.673,23.282,4.552,4.801,4.376,1573.0,51.8,5553.9,71.47,13.99,No,Warning
7.412,7.411,8.333,8.114,7.042,59.92,61.9,60.31,61.48,60.95,22.458,22.353,22.954,22.791,22.55,22.33,4.799,4.609,4.641,1504.8,48.5,5820.8,78.18,1.94,,Warning
6.053,5.902,6.005,5.832,4.568,65.58,64.53,68.79,63.25,68.56,23.143,21.736,22.932,22.81,22.199,22.261,4.227,4.436,3.96,1674.1,29.9,4258.4,80.57,14.83,Yes,Warning
5.712,6.546,7.111,6.961,6.712,71.24,76.36,73.31,76.21,78.37,21.603,22.314,21.267,20.329,20.703,21.199,4.718,5.154,4.612,1629.2,51.8,8241.6,84.84,10.45,No,Warning
5.65,5.229,5.647,6.034,5.425,73.18,75.28,69.74,75.1,73.74,20.241,20.634,19.709,19.267,20.325,20.096,4.69,4.453,4.544,1265.3,37.6,2105.8,88.57,4.07,No,Normal
8.055,7.341,6.928,8.139,7.347,67.17,71.4,69.95,70.85,68.23,19.624,19.564,20.209,19.905,21.327,19.944,5.042,4.88,4.94,1593.3,41.5,1194.2,98.83,13.05,No,Warning
8.481,7.761,7.41,7.503,8.003,60.79,63.68,59.71,62.82,61.73,23.875,23.817,22.502,23.013,22.745,23.15,4.677,4.807,4.388,1467.5,57.1,8242.7,83.56,13.33,No,Failure
8.467,7.296,7.455,7.157,7.82,70.0,70.37,62.26,68.58,67.16,24.481,24.692,23.773,24.349,24.242,24.333,5.03,5.117,4.965,1388.0,50.0,1718.1,,6.0,No,Failure
5.058,5.432,5.068,5.007,3.865,70.94,71.01,77.33,72.48,73.89,19.875,19.923,19.651,20.112,20.824,18.953,4.868,4.582,4.786,1350.8,47.6,3311.0,109.38,3.29,No,Normal
8.197,7.741,8.335,7.74,7.877,69.84,72.33,70.27,65.82,71.69,20.788,21.307,20.959,21.331,21.291,20.21,4.627,4.659,5.246,1417.7,39.9,4086.0,84.23,11.34,No,Warning
7.013,7.067,6.809,6.618,7.748,63.68,62.39,67.53,66.73,67.93,20.598,21.238,19.914,20.033,-78.0782162190167,20.507,4.633,4.578,4.396,1438.2,29.7,6585.8,84.36,14.89,No,Warning
5.51,4.556,5.917,5.901,5.586,67.08,69.56,66.06,66.41,69.29,20.664,21.081,20.987,21.512,20.982,21.164,4.143,4.253,4.531,1566.9,,2861.6,97.32,14.67,No,Normal
6.149,5.305,6.342,5.599,5.662,70.76,74.31,76.09,71.39,75.95,22.649,23.717,23.971,22.884,23.826,21.763,4.45,4.826,5.041,1105.3,,2499.5,70.63,2.01,No,Warning
5.852,7.106,5.793,6.195,6.051,68.17,64.09,62.35,61.87,63.85,22.219,21.163,21.741,21.933,22.8,22.403,4.908,4.419,4.507,1457.6,55.2,7062.4,90.43,12.94,Yes,Warning
5.232,5.652,5.063,5.313,5.183,68.01,62.9,61.92,63.43,60.99,22.126,21.767,20.909,21.305,21.913,20.421,3.883,4.238,4.155,1515.0,40.1,2267.8,88.71,7.82,Yes,Normal
6.823,8.124,7.26,8.199,6.841,63.57,61.88,60.58,62.39,62.4,19.803,19.794,19.578,18.953,19.609,19.545,4.897,5.03,4.515,1380.2,40.8,1547.7,93.68,2.76,No,Normal
6.525,6.978,7.127,6.525,7.002,62.83,,66.25,63.44,61.0,23.401,23.004,22.991,24.012,22.886,22.701,4.51,4.663,4.296,1418.5,31.1,674.5,69.73,7.6,No,Warning
6.123,6.251,6.142,6.102,6.416,65.94,67.17,62.96,65.7,65.91,21.222,21.516,20.707,20.661,21.513,20.661,4.216,4.668,4.547,1523.3,39.6,2135.1,91.56,3.9,No,Normal
5.992,6.379,4.956,5.861,5.239,60.57,63.61,56.78,59.35,62.74,22.898,22.468,23.12,23.157,23.037,23.11,4.256,3.844,4.172,1250.3,37.4,8581.5,81.32,10.43,Yes,Normal
6.806,7.009,6.382,6.83,6.262,64.08,,64.46,67.94,61.79,22.051,21.765,21.997,21.374,21.36,21.411,4.629,4.34,4.577,1416.2,32.6,4575.6,75.32,7.62,Yes,Normal
5.253,6.497,7.012,6.21,6.424,72.28,76.33,74.37,71.27,78.16,20.891,21.479,21.829,21.642,21.479,21.279,4.956,4.754,4.709,1237.6,46.0,2307.7,87.46,7.15,No,Warning
5.221,5.931,5.417,5.587,5.807,66.72,70.45,67.86,67.63,71.13,22.899,22.508,22.36,22.98,23.143,22.931,4.569,4.533,4.271,1342.5,61.7,735.6,73.62,6.14,No,Warning
6.293,5.876,5.826,5.418,5.164,68.4,70.18,74.45,73.3,69.41,22.922,23.404,22.989,22.863,22.211,23.179,4.535,4.805,4.653,1351.7,51.7,1799.0,71.88,14.32,Yes,Warning
6.405,6.751,7.085,5.612,6.131,69.14,66.53,62.79,66.48,68.09,21.073,21.259,21.052,20.092,20.302,20.086,4.465,4.701,4.516,1626.0,36.3,3850.1,89.02,9.27,Yes,Normal
5.355,5.232,5.354,6.114,4.91,75.29,67.67,74.48,73.56,75.29,23.483,23.86,23.533,22.574,22.427,21.971,4.789,4.402,4.493,1622.1,43.8,13261.0,,3.83,No,Warning
7.089,7.463,6.621,7.126,6.411,63.02,60.75,55.75,61.2,59.7,21.236,21.768,21.512,22.682,21.165,22.282,4.287,4.267,4.056,1268.1,42.7,765.4,80.4,5.81,Yes,Normal
7.154,6.625,6.996,6.117,7.605,66.7,66.96,62.08,65.79,63.36,21.175,21.967,20.67,21.261,20.962,20.883,4.336,4.986,4.575,1496.1,35.4,2087.5,93.03,14.28,No,Warning
7.375,7.724,7.898,8.043,7.495,71.19,70.38,64.68,75.74,67.0,22.711,21.643,21.851,22.441,22.302,22.868,4.912,4.758,4.819,1482.9,45.7,4169.2,71.79,7.9,No,Failure
5.085,4.537,4.964,4.644,5.415,69.17,69.79,66.53,69.06,67.15,23.324,23.288,23.782,22.512,23.188,23.042,4.532,4.503,4.728,1478.2,52.6,2100.8,90.56,2.06,No,Normal
9.248,7.537,7.698,7.928,8.172,62.38,63.02,61.69,64.74,61.51,23.745,22.827,24.21,24.307,23.717,23.399,4.546,4.705,4.729,1427.6,34.3,8477.3,72.28,0.9,No,Failure
7.842,7.13,6.379,7.565,7.01,66.75,63.88,60.04,61.14,60.11,20.978,20.473,20.495,21.561,20.719,20.629,4.285,4.419,4.717,1427.9,45.3,4857.3,93.04,10.17,Yes,Normal
5.434,5.599,5.494,5.577,5.544,66.1,63.48,64.84,64.42,67.87,21.74,20.846,21.532,21.594,22.258,21.513,4.348,4.291,4.014,1307.0,53.3,1256.9,87.23,6.7,No,Normal
6.443,6.199,6.082,5.368,6.171,58.88,59.63,59.58,64.71,60.07,21.605,19.366,20.399,21.392,20.977,20.361,4.116,4.008,3.977,1614.7,30.6,2190.1,107.7,9.31,No,Normal
6.154,5.933,5.698,5.51,6.677,66.89,69.35,71.32,65.34,68.34,22.135,23.682,23.082,22.537,22.565,22.683,4.484,4.619,4.57,1347.2,46.0,2283.4,89.31,6.58,No,Warning
7.317,6.791,7.147,7.767,8.097,72.59,70.89,70.76,73.19,68.88,21.207,20.368,20.591,20.689,20.92,20.602,5.002,5.019,5.196,1368.0,38.6,4379.1,89.63,12.47,No,Warning
6.64,6.656,6.527,6.815,6.472,70.86,66.3,68.38,65.24,63.16,20.266,21.941,21.234,20.714,21.34,19.914,4.745,4.547,4.338,1362.9,32.5,2429.9,85.55,3.63,Yes,Normal
5.826,5.663,6.305,5.849,5.654,71.7,70.21,71.96,71.67,72.39,24.279,22.507,23.0,23.454,23.143,23.39,4.867,4.839,4.847,1438.9,36.1,5291.5,82.89,13.38,No,Warning
7.437,7.786,6.978,6.707,6.645,72.68,74.79,73.7,65.8,72.6,20.377,19.565,19.576,20.91,20.011,20.884,4.813,4.663,4.971,1300.2,44.8,5904.8,92.46,4.57,Yes,Warning
6.408,6.53,7.315,5.183,5.725,59.79,64.86,62.81,62.01,62.42,22.439,23.552,23.034,24.225,23.69,23.201,4.28,4.293,4.196,1467.3,33.7,1289.5,70.26,3.28,Yes,Warning
7.003,6.283,6.688,7.15,7.095,71.84,68.67,71.72,68.68,73.28,23.713,22.893,23.059,23.115,22.962,23.564,4.799,4.457,4.712,1574.3,36.7,3208.9,87.63,2.21,No,Warning
5.109,6.663,6.169,6.326,7.055,63.91,65.14,64.91,63.42,62.46,20.956,22.257,21.973,21.915,22.431,21.775,4.348,4.631,4.399,1629.5,36.1,2571.9,,5.03,No,Normal
6.362,6.181,5.875,6.328,6.795,69.56,72.88,74.14,68.88,72.84,23.757,22.346,23.657,22.637,23.156,23.963,4.833,5.075,4.783,1609.2,57.6,1041.0,84.35,9.1,No,Warning
6.388,6.876,6.763,6.617,7.048,59.86,61.2,61.54,62.66,62.83,22.704,22.569,23.574,24.125,22.989,23.816,4.465,4.514,4.106,1532.6,42.0,2040.1,75.88,4.84,No,Warning
5.494,5.771,6.193,4.745,5.48,63.82,64.56,65.11,65.16,68.35,21.47,21.603,21.104,22.269,22.364,22.672,4.397,4.141,4.114,1430.4,50.6,3794.8,91.98,12.95,No,Normal
7.812,8.157,7.012,7.476,8.964,71.4,74.47,74.51,72.76,74.7,22.011,22.131,21.265,22.562,21.912,21.344,4.889,5.068,5.118,1654.5,45.2,7556.7,77.37,13.55,No,Failure
7.044,7.848,7.918,7.735,7.98,75.74,76.9,78.91,74.3,75.92,21.315,,20.921,21.016,20.181,20.815,5.414,5.377,5.267,1417.0,51.6,3524.1,96.08,6.08,No,Warning
7.601,7.366,7.396,8.347,8.118,69.92,61.17,66.64,64.29,65.98,24.959,23.181,24.213,24.266,24.501,24.895,4.7,4.8,4.349,1574.9,57.7,7863.6,75.11,10.55,Yes,Warning
8.62,8.744,8.658,7.989,7.051,69.49,71.72,71.45,76.13,71.2,23.345,22.64,22.299,22.226,22.297,22.463,5.466,5.006,5.345,1626.4,,2486.4,79.53,6.79,No,Failure
6.462,5.938,5.721,6.044,5.962,62.97,63.58,66.73,66.59,65.04,23.934,24.783,23.592,24.01,23.518,22.751,4.37,4.323,4.563,1461.2,68.5,1011.8,75.39,8.42,,Warning
6.754,6.574,7.17,7.055,6.757,63.53,65.41,62.5,65.6,68.75,21.97,22.962,22.373,21.682,22.586,21.935,4.602,4.424,4.551,1400.1,30.0,8386.6,95.5,11.5,No,Warning
5.05,4.076,4.39,5.833,5.641,70.2,67.65,68.15,66.42,68.32,22.641,23.212,22.836,23.193,23.261,22.836,4.527,4.198,4.652,1596.1,47.7,1180.5,70.16,10.66,No,Warning
6.946,7.237,6.097,7.147,7.573,74.26,79.88,74.93,77.43,75.6,22.286,21.846,22.997,23.175,-60.053071606306474,22.75,4.812,4.993,4.889,1393.3,43.5,4243.0,73.23,14.37,No,Failure
7.099,6.832,7.603,7.078,6.187,69.64,68.45,69.38,67.62,68.0,24.276,24.571,22.205,24.949,23.171,23.531,4.869,4.669,4.756,1405.5,53.6,4923.3,95.59,13.08,No,Warning
7.21,7.013,7.117,6.591,6.773,74.0,75.2,73.09,71.62,71.96,21.422,21.7,21.933,21.593,22.302,21.902,4.956,4.998,4.733,1289.5,48.1,8552.1,87.63,10.53,Yes,Warning
6.543,5.271,6.2,6.152,5.592,62.36,69.31,60.87,67.17,62.89,20.488,19.96,21.187,19.976,20.948,20.261,4.397,4.285,4.617,1588.8,23.7,1176.2,99.53,2.34,No,Normal
7.153,7.662,7.353,6.321,5.816,68.3,69.15,70.38,69.44,71.11,21.718,21.492,20.653,20.911,21.062,21.491,4.813,4.842,4.764,1571.1,63.9,3579.8,86.29,9.41,No,Warning
7.891,8.262,8.438,7.858,8.113,65.22,66.94,67.05,63.56,63.5,20.507,20.943,21.691,21.707,21.616,19.677,4.955,4.631,4.646,1747.7,42.8,1956.5,108.07,13.48,No,Warning
6.528,6.007,7.416,6.876,6.856,68.84,62.78,71.77,69.69,71.36,23.758,24.011,24.107,23.336,23.802,23.875,4.95,4.545,4.557,1609.4,74.3,2670.6,63.72,9.48,No,Failure
5.812,5.892,6.606,6.201,5.878,62.84,63.31,66.22,63.03,63.72,23.427,23.866,23.752,22.322,22.501,23.203,4.636,4.158,4.906,1592.8,39.2,2431.1,57.85,7.3,No,Warning
4.755,5.102,5.326,5.002,4.707,77.61,73.42,77.97,75.62,72.84,21.31,22.24,22.337,21.55,22.507,21.205,4.553,4.306,4.788,1505.4,51.2,6640.8,88.57,2.94,No,Warning
5.385,6.051,6.352,5.177,4.409,72.29,71.0,72.5,68.58,75.85,23.427,24.258,23.503,21.832,22.905,23.496,4.236,4.498,4.803,1463.4,48.4,10755.3,64.53,6.33,No,Warning
6.101,5.876,7.185,5.825,5.868,69.89,72.5,66.93,66.69,63.4,22.797,21.535,22.71,23.157,22.165,23.043,4.621,4.935,4.583,1322.5,50.1,5810.2,78.58,2.47,No,Warning
6.533,7.542,7.208,6.621,7.676,65.87,61.82,64.02,62.9,66.62,20.479,20.007,21.65,20.031,20.949,19.803,4.652,4.841,4.642,1473.1,35.0,2383.6,74.22,11.51,No,Normal
5.606,6.637,5.861,5.603,5.148,65.51,64.06,67.14,64.43,63.57,21.662,22.046,22.454,22.041,20.951,21.824,4.288,3.955,4.167,1354.5,42.3,2764.5,87.32,1.55,Yes,Normal
6.393,5.611,5.115,5.752,5.888,65.86,64.35,64.89,64.96,67.3,20.802,20.232,20.282,19.629,21.31,19.687,4.632,4.366,4.089,1679.3,48.5,1352.8,80.51,9.56,Yes,Normal
6.512,6.598,49.72367913461182,6.938,7.272,67.62,63.81,63.88,64.97,65.02,23.658,23.921,23.692,23.792,23.606,23.578,4.488,4.563,4.482,1432.2,55.4,990.9,88.97,8.75,No,Failure
5.834,5.436,6.296,7.112,6.285,63.22,63.72,64.33,59.68,60.33,21.078,21.617,21.047,20.595,20.372,22.268,4.153,4.139,4.365,1464.3,51.7,3928.3,90.66,1.54,Yes,Normal
5.897,6.833,5.954,6.382,5.441,71.52,69.05,71.69,70.22,70.36,24.484,23.173,23.701,22.879,22.811,22.488,4.472,4.862,4.524,1372.4,46.2,5062.9,83.6,12.23,No,Warning
6.938,7.924,7.653,7.227,8.218,60.63,62.06,66.71,67.7,65.99,20.146,20.284,20.543,20.97,20.787,19.853,4.743,4.549,4.824,1622.9,39.1,1669.8,103.27,7.08,Yes,Warning
6.812,6.757,6.146,6.969,6.783,70.74,73.73,71.74,65.75,69.48,23.416,,23.566,23.9,22.73,23.52,4.825,4.995,4.981,1584.7,41.9,7399.4,57.98,9.06,Yes,Failure
6.042,6.251,5.852,6.147,5.602,64.13,68.53,65.19,67.68,67.31,22.554,21.301,21.916,22.632,21.501,22.557,4.352,4.835,4.676,1466.0,45.7,5647.6,95.33,0.84,No,Normal
7.004,6.594,6.727,6.86,8.209,62.37,60.24,65.09,60.17,57.6,21.844,21.206,23.553,21.91,22.433,22.852,4.431,4.371,4.269,1523.6,39.4,4558.4,79.28,12.21,Yes,Warning
7.404,7.624,7.534,6.27,7.483,75.58,77.43,71.44,69.81,70.89,19.329,19.997,19.96,20.021,20.923,19.181,5.2,4.777,4.95,1657.8,40.6,1952.6,103.8,2.72,No,Warning
6.582,6.822,6.821,6.923,7.093,68.98,70.5,68.65,69.27,67.17,21.034,21.229,23.131,22.506,22.044,21.433,4.961,4.86,4.896,1362.5,51.7,3176.4,95.95,9.03,Yes,Warning
7.253,7.278,7.307,6.538,6.012,71.9,72.61,71.75,75.93,74.41,21.267,21.333,20.666,20.674,21.918,21.289,4.78,5.078,4.934,1380.6,42.6,1965.6,82.9,10.33,Yes,Warning
7.484,6.975,7.25,7.499,7.39,69.1,65.58,65.94,65.23,68.73,22.818,22.807,22.181,22.219,22.67,23.06,5.088,4.667,4.867,1345.0,41.5,1486.7,74.64,4.61,No,Warning
6.383,7.037,6.597,6.428,7.233,72.67,71.33,73.83,71.01,71.66,23.381,22.039,22.971,23.559,23.33,21.241,4.86,4.62,4.856,1316.6,37.7,1696.4,70.2,9.33,No,Warning
5.367,6.267,5.345,6.021,4.423,74.79,73.44,74.74,75.03,70.67,23.257,23.982,23.68,24.19,23.895,24.4,4.604,4.877,4.783,1662.7,58.6,4529.4,74.95,1.35,No,Warning
7.193,7.855,7.59,7.307,7.934,64.26,64.21,62.78,58.94,62.96,21.855,20.568,20.75,19.565,20.412,21.339,4.697,4.568,4.581,1509.9,57.2,1431.4,96.73,9.31,No,Normal
6.766,6.101,6.834,5.806,5.863,64.39,65.83,62.13,62.9,64.59,21.563,23.209,21.671,21.186,21.233,21.315,4.044,4.317,4.506,1482.8,46.9,3260.4,98.0,2.77,Yes,Normal
6.364,6.421,7.044,6.982,6.69,72.78,,69.13,68.1,72.06,19.59,21.005,20.583,19.578,19.759,20.459,4.805,4.945,4.697,1444.0,39.7,1664.7,90.27,10.84,No,Warning
7.618,8.281,8.308,7.001,7.894,65.85,64.66,67.0,65.74,64.96,21.793,22.296,20.666,21.646,22.16,21.908,4.776,5.008,4.896,1221.3,49.0,2237.7,91.94,13.69,Yes,Warning
6.081,5.168,5.364,5.067,5.305,63.64,63.66,61.76,61.89,64.22,21.332,21.181,21.035,21.48,19.858,20.87,4.517,4.157,4.283,1670.8,52.0,6179.3,92.67,1.01,No,Normal
5.498,4.142,5.334,5.98,5.552,62.49,58.94,61.08,59.12,59.97,20.534,21.602,21.758,21.382,20.961,20.655,4.161,4.19,4.406,1343.9,47.5,784.3,89.55,11.58,No,Normal
7.731,8.63,7.721,7.922,7.531,75.02,72.68,73.41,72.64,77.35,22.66,21.256,21.884,23.386,86.48914580699594,23.408,4.916,5.011,5.356,1427.2,48.7,8803.0,76.42,3.27,No,Failure
6.171,6.463,6.015,6.131,6.077,58.89,61.4,62.88,63.37,58.94,22.032,22.293,21.296,21.907,23.076,21.915,4.298,4.444,4.411,1579.8,19.1,8796.5,90.76,0.9,Yes,Normal
7.198,6.718,7.332,7.401,7.216,62.64,64.65,69.94,68.54,64.26,22.295,21.877,22.112,22.236,21.429,21.558,4.732,4.697,4.628,1596.4,50.9,2206.0,84.14,5.69,No,Warning
4.786,4.849,6.01,5.549,5.224,68.11,,70.39,72.11,73.64,21.352,22.367,21.951,21.324,21.278,22.523,4.41,4.766,4.368,1369.1,43.8,2457.1,89.37,8.27,No,Normal
6.784,8.238,6.764,7.009,8.167,69.81,72.41,71.38,68.44,65.76,23.762,23.605,24.656,23.662,23.883,23.904,4.438,4.668,4.332,1383.7,55.1,3493.5,63.9,7.61,Yes,Failure
5.093,4.314,4.05,4.659,5.697,64.83,63.88,65.15,65.83,65.95,20.83,21.926,20.344,19.654,20.551,19.668,4.015,4.213,4.242,1372.9,47.4,6748.5,95.71,6.41,Yes,Normal
4.2,5.938,6.392,5.328,5.473,62.56,68.24,62.68,64.15,62.09,22.762,21.63,23.068,22.22,22.803,23.271,4.214,4.125,4.452,1391.9,53.3,7233.1,,2.83,Yes,Normal
7.337,7.724,8.37,8.063,7.67,73.75,78.67,74.38,71.57,75.21,21.675,22.697,22.693,21.919,23.339,23.551,5.196,5.15,5.174,1365.1,48.9,2398.2,84.41,4.24,Yes,Failure
4.618,5.406,6.078,4.768,4.99,67.72,66.36,65.45,66.31,64.56,22.136,22.275,22.697,22.244,21.703,22.319,4.201,4.475,4.123,1534.7,40.8,10411.6,95.8,4.32,Yes,Normal
7.815,6.638,6.74,7.006,7.762,70.52,74.46,78.66,71.27,68.44,20.475,21.743,21.333,21.011,21.656,20.564,5.124,5.093,4.889,1559.2,,1513.9,86.57,9.8,No,Warning
6.608,5.984,6.445,6.384,6.081,67.6,64.68,65.27,70.41,65.26,20.378,19.687,20.443,20.519,20.805,19.668,4.308,4.272,4.135,1525.5,44.4,1173.8,87.43,4.07,No,Normal
7.891,7.009,7.562,8.386,7.799,66.25,66.98,62.91,64.11,64.42,23.807,23.571,23.474,23.066,24.052,23.231,5.049,4.562,4.76,1474.9,74.1,6269.2,85.27,3.2,No,Failure
4.889,5.93,5.779,5.758,6.555,63.23,67.79,63.89,66.05,63.47,19.822,20.329,21.474,20.137,20.85,20.987,4.231,4.281,4.45,1535.1,46.1,6214.5,97.84,9.71,No,Normal
5.222,5.326,5.926,4.417,6.1,67.88,,68.95,71.88,70.65,19.953,21.006,20.552,20.681,20.986,20.555,4.804,4.642,4.585,1511.3,30.9,7137.3,85.02,14.35,No,Normal
4.753,6.051,5.926,4.999,5.785,61.01,65.05,65.01,64.61,61.68,23.026,22.393,21.707,22.561,22.494,22.183,4.459,4.339,4.405,1394.9,29.3,2850.0,79.99,1.4,No,Normal
6.21,6.254,6.213,6.307,6.397,62.08,59.08,59.87,60.97,59.28,23.801,24.803,23.195,23.768,23.181,23.66,4.687,4.587,4.409,1399.3,53.6,9129.8,51.69,13.66,No,Warning
6.882,6.561,7.229,6.906,6.82,72.48,74.94,72.46,70.97,69.11,23.643,23.051,23.979,23.25,22.651,23.178,4.83,4.746,4.781,1683.0,18.3,4487.0,82.39,12.8,No,Failure
6.651,6.132,6.49,6.938,5.893,65.21,65.79,69.56,69.51,69.08,20.23,20.623,20.134,19.404,19.41,19.305,4.901,4.97,4.634,1499.2,55.6,4653.0,81.2,7.38,No,Warning
6.143,7.241,6.272,6.997,6.695,59.11,59.11,64.05,56.65,56.54,19.81,20.79,19.876,20.23,20.056,20.059,4.282,4.184,4.059,1690.5,54.6,7530.1,99.76,12.55,Yes,Normal
5.914,4.971,5.224,4.93,3.805,71.94,73.7,72.19,69.77,72.81,23.001,23.809,23.312,23.79,23.006,23.673,4.409,4.794,4.661,1682.1,33.5,3305.2,90.66,8.41,Yes,Warning
6.883,7.541,5.726,6.145,6.952,71.43,69.41,71.93,66.56,65.76,22.848,22.078,21.35,20.546,21.572,21.076,4.653,4.429,4.316,1427.7,69.2,1852.6,80.78,8.22,No,Warning
6.612,6.484,7.163,6.515,6.476,62.73,63.68,64.09,66.6,61.32,21.335,20.845,21.807,20.099,20.562,20.983,4.339,4.363,4.857,1446.0,36.0,8012.6,108.95,8.95,No,Warning
7.833,7.98,8.353,8.36,7.645,68.77,71.54,69.58,70.57,68.5,20.651,21.51,21.036,21.738,21.095,21.631,5.148,4.786,4.781,1312.3,55.8,3670.6,96.06,14.43,Yes,Warning
6.561,5.327,6.141,5.935,6.151,64.2,64.07,63.64,61.09,64.44,19.827,20.167,20.484,19.641,20.688,19.001,4.161,4.532,4.16,1547.3,52.0,3376.8,103.8,12.97,No,Normal
7.414,7.017,7.34,7.51,6.194,65.93,72.14,69.71,67.82,69.34,22.457,22.846,23.078,23.103,24.072,23.537,4.809,4.589,4.801,1438.4,60.4,2666.0,77.56,13.09,No,Failure
6.561,6.646,6.593,6.49,5.62,67.45,64.09,67.13,67.38,67.5,22.46,22.91,23.718,22.986,22.385,23.871,4.777,4.279,4.617,1229.9,43.9,2822.2,81.38,5.61,Yes,Warning
5.827,6.396,5.755,6.217,6.777,76.63,72.01,73.25,75.85,70.18,21.702,20.829,20.636,21.136,21.711,21.301,4.549,4.65,4.666,1593.1,45.7,6067.8,98.64,8.12,Yes,Warning
7.647,7.482,7.862,8.135,7.586,62.0,64.54,63.09,65.31,66.12,20.772,20.885,20.223,20.469,18.986,20.446,4.686,4.696,4.664,1391.6,30.6,1326.3,106.59,1.52,Yes,Warning
7.527,8.184,7.171,7.383,6.306,76.71,70.75,72.8,71.69,76.86,23.671,23.917,24.208,24.848,24.094,24.581,4.936,4.967,4.816,1345.0,67.0,3054.7,74.09,14.98,Yes,Failure
5.381,5.956,6.612,4.5,6.183,68.85,71.03,63.73,69.67,67.38,20.943,21.093,21.129,21.49,21.004,21.129,4.734,4.099,4.556,1480.8,40.6,1304.3,100.85,0.96,Yes,Normal
4.417,4.818,6.143,6.064,5.852,65.51,67.22,71.81,70.26,64.08,22.623,22.02,23.049,21.685,23.528,23.271,4.256,4.322,4.483,1517.6,,1115.2,72.41,8.7,No,Normal
6.538,6.455,7.194,7.053,6.754,67.75,64.02,67.46,64.22,62.21,23.421,24.337,25.715,24.415,23.231,24.595,4.284,4.304,4.698,1609.5,48.5,3174.0,73.55,13.89,,Warning
7.25,6.844,8.664,7.543,7.959,58.91,63.34,64.81,59.18,58.31,23.349,24.149,23.68,23.325,22.788,23.695,4.876,4.96,4.742,1254.5,31.2,6297.6,81.06,14.39,No,Failure
7.05,6.982,7.107,7.058,7.367,70.82,70.17,69.66,69.72,72.68,23.321,22.151,22.272,23.177,23.766,23.925,4.685,4.579,4.902,1383.3,18.9,3371.2,94.25,3.85,No,Failure
7.339,7.602,6.126,7.85,6.95,64.27,63.7,64.62,62.57,65.4,23.458,22.822,23.139,22.431,22.013,23.508,4.384,4.709,4.374,1691.6,56.4,2405.4,86.11,2.66,Yes,Warning
8.218,7.962,7.135,7.605,7.953,61.61,58.26,63.13,65.63,65.34,23.666,23.251,21.892,22.491,22.87,22.395,4.933,4.796,4.664,1466.9,48.9,2571.9,75.77,4.68,No,Warning
6.701,6.704,7.792,7.482,7.33,77.32,74.47,71.97,74.6,76.13,22.168,21.49,22.252,22.55,22.176,21.465,4.756,5.099,4.621,1412.6,40.1,3770.8,,4.98,No,Failure
6.232,6.103,6.23,5.366,5.789,62.3,66.05,57.66,60.03,59.19,24.141,23.942,23.608,23.01,23.751,23.149,4.293,4.133,4.51,1478.2,35.5,814.5,86.04,6.94,No,Warning
7.967,8.488,7.735,7.77,7.049,67.74,66.06,61.55,68.03,64.51,20.498,20.036,20.464,20.461,19.586,20.843,4.879,4.658,4.932,1568.4,43.3,1834.8,88.91,11.74,No,Warning
5.003,5.009,4.918,5.359,4.051,67.58,68.54,69.54,72.24,70.28,21.285,20.563,20.467,20.727,21.013,20.761,4.671,4.43,4.601,1542.3,79.4,694.0,102.23,13.36,No,Normal
4.991,5.19,5.709,5.387,4.909,68.09,66.39,64.59,65.47,65.75,19.076,20.188,20.46,20.484,20.5,20.618,4.166,4.431,3.86,1356.6,40.8,901.0,106.76,10.53,No,Normal
7.406,7.598,6.995,7.144,7.668,71.97,67.12,68.99,73.43,70.41,24.166,22.903,24.298,23.761,23.23,23.453,4.561,4.585,5.05,1417.5,54.9,1256.7,82.69,2.73,No,Failure
4.998,5.736,5.407,5.767,4.888,71.34,73.36,74.09,73.51,73.97,19.997,20.971,19.746,20.003,20.324,20.828,4.475,4.708,4.775,1596.8,51.2,994.2,102.01,1.47,Yes,Normal
5.715,6.275,6.76,6.46,6.184,65.46,63.96,66.59,63.17,63.69,20.672,22.605,21.405,21.55,20.545,19.933,4.44,4.678,4.305,1512.6,46.0,1417.9,88.83,3.38,No,Normal
5.666,5.414,27.20509658020688,4.913,4.345,63.78,60.79,63.41,62.4,63.25,23.827,24.05,23.144,23.236,24.382,22.865,4.739,4.164,4.161,1265.3,38.7,1852.0,77.24,6.27,,Normal
6.943,6.843,7.346,8.121,7.1,71.38,73.81,72.74,67.65,70.65,23.0,23.271,23.686,23.767,23.492,24.132,4.296,5.161,4.912,1279.0,33.8,5739.1,69.68,8.78,No,Failure
7.592,8.363,7.628,7.456,8.77,63.78,64.33,60.56,62.9,61.48,23.759,22.902,22.159,22.561,22.87,23.714,4.236,4.63,4.888,1455.4,26.5,6860.4,73.15,7.62,No,Warning
6.695,7.085,6.929,6.73,7.21,68.15,67.76,68.89,71.5,69.15,20.555,21.107,21.309,20.556,21.331,20.418,4.495,4.501,4.726,1498.2,52.6,6508.5,96.13,12.81,No,Warning
5.799,6.891,5.382,6.606,6.331,73.76,72.52,75.13,70.08,73.97,19.811,20.076,20.474,19.333,21.471,20.283,4.586,4.709,4.988,1506.0,56.8,5473.1,111.15,9.29,Yes,Normal
6.834,6.227,5.471,4.97,7.429,71.69,70.0,70.36,71.13,73.15,20.611,19.752,21.267,21.252,20.532,20.677,4.794,4.973,4.677,1275.9,65.0,860.2,102.42,4.83,No,Normal
6.23,5.496,6.218,5.563,5.685,74.59,72.5,75.04,74.75,76.58,22.27,21.749,22.798,22.676,22.475,24.439,4.748,4.829,4.906,1338.8,49.8,3029.1,82.69,6.32,Yes,Warning
4.91,5.434,5.528,6.182,5.351,63.61,63.66,62.22,62.46,61.29,22.448,23.152,23.127,23.03,22.16,23.558,4.28,4.048,4.262,1554.7,54.9,12163.5,76.01,6.44,Yes,Normal
7.236,8.297,7.052,7.718,7.377,74.45,75.58,71.22,75.39,74.08,22.388,21.038,21.648,22.449,21.461,21.646,5.272,5.129,5.124,1370.3,58.1,10692.2,78.77,9.67,No,Failure
7.441,6.901,6.24,6.901,7.795,70.24,68.22,74.31,71.73,73.41,23.332,22.222,22.718,22.54,22.199,22.916,5.213,4.961,4.638,1447.8,29.5,2868.5,75.68,3.23,No,Failure
5.689,5.531,6.277,5.258,5.31,64.37,61.52,60.92,62.36,60.98,22.732,22.305,22.811,23.238,23.154,23.698,4.031,3.635,4.14,1714.1,63.6,161.1,72.62,1.0,No,Normal
7.333,7.077,7.264,7.235,6.671,73.84,69.11,71.72,72.69,74.7,20.818,20.263,20.214,20.678,20.681,20.893,5.019,4.847,5.014,1261.4,48.4,8876.5,89.88,9.3,Yes,Warning
5.337,6.924,6.214,5.897,7.047,62.44,65.18,59.74,64.72,61.42,23.506,22.666,23.869,23.416,22.552,22.45,4.348,4.164,4.451,1540.9,41.8,2902.9,81.18,1.41,No,Warning
5.748,7.812,7.747,7.188,7.121,74.32,76.34,71.11,74.1,73.26,21.813,21.828,22.566,22.432,20.871,22.362,4.998,5.075,5.102,1451.7,36.2,2108.8,80.54,8.61,No,Warning
6.537,6.088,6.417,5.095,5.407,61.08,62.62,65.34,60.47,64.01,19.205,19.161,19.799,20.321,20.231,20.337,3.833,4.194,4.116,1788.1,41.4,2750.1,99.97,13.25,No,Normal
7.441,6.901,6.24,6.901,7.795,70.24,68.22,74.31,71.73,73.41,23.332,22.222,22.718,22.54,22.199,22.916,5.213,4.961,4.638,1447.8,29.5,2868.5,75.68,3.23,No,Failure
4.765,4.788,5.808,4.88,6.257,66.21,62.33,63.96,66.74,66.47,22.588,20.477,22.121,22.289,20.1,21.709,4.446,4.388,4.31,1497.2,42.8,1355.3,80.54,6.37,Yes,Normal
5.412,5.396,4.804,5.731,3.925,60.57,,63.74,60.47,57.1,21.514,20.169,20.483,20.762,21.223,21.005,4.078,3.866,4.466,1508.7,,12183.6,94.25,5.87,Yes,Normal
5.04,5.804,6.059,5.247,5.566,62.65,63.79,62.83,63.9,63.08,20.16,19.78,21.494,22.337,21.978,20.494,4.004,4.054,4.084,1841.3,,633.3,98.85,11.45,No,Normal
4.915,4.955,5.782,5.517,5.614,61.89,66.84,65.71,61.09,59.44,22.47,23.186,22.934,23.093,22.289,23.719,3.935,4.252,4.025,1525.4,65.2,243.0,96.11,12.54,No,Normal
7.651,8.56,8.046,7.125,8.279,68.7,67.51,70.48,70.11,69.66,21.946,21.805,21.913,22.995,21.806,22.703,5.025,4.969,4.817,1538.8,,3750.0,77.09,6.34,Yes,Failure
4.738,6.506,5.729,4.797,5.318,62.53,66.65,60.15,67.09,66.26,21.26,21.751,21.336,21.589,20.642,21.526,4.196,3.797,3.953,1514.7,45.1,450.3,92.49,8.76,No,Normal
4.492,5.666,5.84,5.257,5.015,67.31,71.99,70.61,68.78,71.0,20.177,21.126,19.519,19.47,20.187,20.731,4.675,4.41,4.539,1459.9,41.0,10792.1,108.12,12.94,No,Normal
7.333,7.909,7.755,7.42,8.447,61.22,59.64,66.56,57.8,60.93,22.087,22.483,21.826,21.392,22.34,22.868,4.562,4.383,4.679,1598.8,47.8,2955.7,,12.74,No,Warning
7.603,7.726,6.856,7.193,7.45,69.22,61.55,61.31,66.2,60.13,23.136,23.707,24.433,24.05,23.303,23.702,4.619,4.869,4.829,1173.0,56.3,5983.1,70.03,8.55,No,Warning
6.797,7.593,7.273,7.82,8.214,64.71,61.76,62.24,64.04,58.87,21.464,22.945,22.245,23.356,23.941,23.227,4.521,4.55,4.554,1404.5,30.3,3524.4,84.8,0.76,Yes,Warning
7.5,7.294,7.353,7.352,7.19,63.4,56.83,63.06,64.68,67.23,22.186,20.226,22.829,20.993,21.827,21.866,4.357,4.726,4.547,1671.2,46.7,1138.5,86.47,9.38,No,Warning
6.393,6.281,6.844,6.876,7.211,63.91,,61.86,62.67,62.44,21.187,21.226,20.631,21.622,21.986,22.016,4.049,4.761,4.6,1318.3,43.1,1131.7,82.06,1.76,No,Warning
6.665,5.875,5.795,5.297,6.754,70.62,70.12,69.19,72.17,71.02,20.978,21.152,20.366,21.783,21.463,21.484,4.5,4.817,4.603,1443.7,52.3,1640.1,88.78,4.01,No,Warning
6.828,6.933,5.814,6.746,6.921,65.79,69.49,62.53,64.06,64.09,24.275,22.389,23.168,22.585,23.515,23.603,4.708,4.421,4.381,1253.4,39.2,5237.8,79.94,14.67,No,Warning
6.436,7.727,32.759333972056,7.228,7.539,62.1,58.64,60.61,58.76,62.91,21.812,20.824,21.592,20.113,20.252,20.796,4.534,4.462,4.544,1408.0,45.4,2756.7,83.54,4.6,No,Normal
6.151,4.764,4.716,4.572,4.496,73.36,73.9,77.32,71.23,76.02,24.25,23.656,23.247,22.367,24.868,23.076,4.682,4.451,4.781,1678.7,46.1,3559.6,62.44,3.23,No,Warning
7.902,8.696,7.896,7.746,8.57,74.77,72.97,72.63,70.8,72.4,20.893,21.959,21.556,21.514,21.174,21.714,4.825,5.013,4.823,1445.5,39.5,2663.6,73.27,1.25,No,Failure
6.009,5.525,6.322,5.35,5.749,65.5,66.96,67.81,66.53,67.16,19.856,20.468,19.708,21.125,20.243,20.067,4.246,4.487,4.476,1617.6,40.3,708.8,102.03,5.99,No,Normal
6.487,6.344,5.936,5.589,6.218,63.21,63.3,67.73,62.05,64.71,22.557,22.72,23.027,22.709,22.49,23.169,4.548,4.459,4.46,1608.1,52.0,4474.8,66.19,4.13,No,Normal
5.831,6.156,6.771,6.07,6.1,61.81,,65.0,66.37,66.96,22.959,,22.638,21.991,22.121,22.404,4.118,4.243,4.207,1497.4,50.1,935.5,81.34,2.44,No,Warning
4.427,6.112,5.638,5.696,5.869,74.33,71.9,74.4,74.59,74.59,21.303,22.348,22.463,21.47,22.216,24.221,4.443,4.579,5.012,1625.4,55.7,2592.6,84.29,12.84,Yes,Warning
5.893,5.748,5.914,5.942,5.913,62.86,62.74,61.58,62.76,67.59,22.694,23.57,22.125,22.611,22.99,22.075,4.334,4.166,4.488,1599.1,40.8,3904.9,90.67,0.94,Yes,Warning
5.048,5.302,6.147,5.164,4.713,67.37,63.56,66.53,63.92,66.57,23.544,,23.202,23.091,23.181,23.338,4.351,4.236,3.912,1561.2,55.0,2068.9,77.18,1.85,Yes,Normal
5.508,5.541,6.772,6.756,6.057,67.35,64.5,64.18,62.6,65.39,21.7,21.895,21.02,21.775,23.163,21.258,4.389,4.437,4.433,1592.9,41.8,1299.0,79.84,7.2,Yes,Normal
7.499,7.176,7.565,7.189,7.338,64.49,62.59,62.43,63.51,65.21,23.715,23.091,23.154,22.796,22.08,21.116,5.123,4.451,4.687,1410.6,64.3,1963.2,75.44,4.0,Yes,Failure
4.372,4.563,5.073,4.709,4.467,63.52,59.75,60.76,63.29,59.73,19.227,19.475,20.479,19.34,19.738,19.837,4.292,3.949,4.125,1490.8,42.3,2444.7,103.26,11.19,No,Normal
5.9,6.218,5.07,5.719,6.018,65.59,65.55,69.53,64.11,70.42,22.682,23.165,22.992,22.834,21.511,22.535,4.317,4.222,4.371,1421.5,53.8,6314.2,77.64,5.4,Yes,Normal
7.266,5.958,6.353,6.651,6.179,69.5,66.62,68.2,67.96,69.14,20.392,20.89,19.178,20.598,19.836,19.86,4.443,4.577,4.783,1327.4,43.5,5187.4,82.98,2.55,No,Normal
5.22,6.035,6.373,5.7,5.763,67.77,69.22,67.72,64.54,72.06,22.472,21.207,21.977,21.64,22.132,22.15,4.539,4.447,4.446,1529.3,,3571.5,86.46,8.72,Yes,Warning
6.738,5.53,5.68,5.405,5.807,64.36,61.88,60.05,63.5,59.89,23.708,23.064,23.763,22.497,23.641,22.025,4.377,4.458,4.536,1386.3,35.5,2216.6,54.09,2.96,No,Warning
6.727,6.042,5.926,5.633,7.148,71.23,67.15,73.09,71.27,72.03,23.297,22.176,22.339,22.702,23.647,22.789,4.958,4.795,4.678,1595.1,53.8,1073.6,73.02,0.89,No,Warning
6.221,6.711,5.939,6.33,6.805,65.17,63.97,67.63,65.55,64.08,20.419,19.693,19.533,20.408,20.423,20.848,4.5,4.325,4.672,1435.1,49.3,6131.9,102.98,1.49,No,Normal
5.945,6.848,7.033,7.052,6.513,71.14,67.85,70.11,69.16,73.08,21.743,21.614,22.231,20.945,21.648,21.577,5.111,4.845,4.941,1407.9,44.1,2706.1,88.29,14.9,No,Warning
6.307,6.394,6.497,6.602,5.774,74.46,71.15,70.69,73.65,77.2,20.311,19.325,20.379,20.054,20.961,20.323,4.663,4.76,4.719,1417.3,34.9,13389.7,92.07,10.55,No,Warning
7.44,8.33,7.375,6.429,7.283,65.95,68.26,62.71,65.14,67.5,22.37,22.199,21.903,22.391,21.473,21.881,4.29,4.76,4.878,1436.9,54.0,4729.7,75.7,3.88,No,Warning
7.127,7.946,7.608,6.769,7.673,74.94,75.9,75.31,73.98,72.07,23.206,24.568,22.948,23.015,23.815,24.385,5.089,5.099,5.234,1219.9,55.6,6545.9,83.32,11.51,No,Failure
7.71,6.994,7.688,6.735,6.674,60.87,63.97,65.44,63.41,62.55,21.26,21.715,21.186,21.319,22.277,22.191,4.466,4.493,4.245,1531.0,44.3,1920.8,78.7,2.29,No,Warning
6.318,6.326,27.6458740262525,5.99,7.026,63.86,67.44,67.85,70.15,67.17,22.809,23.354,23.709,23.254,23.3,23.747,4.525,4.375,4.466,1511.2,47.9,1215.2,83.03,10.03,No,Warning
7.756,7.088,47.39371232205699,6.515,6.841,64.14,68.81,69.27,70.36,65.38,21.196,21.002,20.745,20.44,22.231,21.707,4.889,4.715,4.37,1358.5,55.4,5043.6,80.97,3.53,Yes,Warning
7.355,7.346,7.518,7.576,7.269,63.21,62.32,57.81,62.5,64.74,21.453,20.863,20.965,20.897,20.652,21.217,4.84,4.851,4.442,1391.6,37.3,2652.1,90.56,12.35,Yes,Warning
8.191,6.208,7.083,6.422,6.797,67.87,68.6,70.89,69.41,66.94,24.404,23.597,24.272,22.909,24.651,24.041,4.666,4.681,4.436,1329.3,43.4,6236.4,72.04,13.18,No,Failure
4.86,5.327,5.091,4.389,6.043,73.32,76.62,68.98,74.19,74.21,20.313,19.942,20.697,21.574,21.535,20.77,4.846,4.735,4.67,1588.0,40.0,884.8,97.21,5.73,No,Normal
7.107,6.246,7.233,8.362,6.942,65.7,70.44,65.37,65.16,62.96,23.085,22.513,22.825,22.847,22.235,23.545,4.713,4.899,4.636,1551.4,32.0,3833.4,87.27,4.45,No,Failure
6.544,6.95,5.949,7.85,7.85,64.01,75.45,66.46,69.09,71.97,19.631,20.112,19.43,20.336,20.501,20.526,4.648,4.571,4.846,1569.8,42.4,7693.0,104.26,0.52,Yes,Warning
5.337,6.924,6.214,5.897,7.047,62.44,65.18,59.74,64.72,61.42,23.506,22.666,23.869,23.416,22.552,22.45,4.348,4.164,4.451,1540.9,41.8,2902.9,81.18,1.41,No,Warning
7.238,6.147,6.871,7.285,6.782,69.61,72.25,73.03,74.33,75.94,22.768,22.862,22.351,22.672,22.102,22.22,5.343,4.891,5.047,1571.0,44.8,1681.4,96.74,3.67,No,Failure
8.327,6.172,7.913,7.604,8.854,73.59,73.97,68.72,72.17,72.61,20.477,20.307,19.516,20.034,21.097,20.447,5.104,5.344,5.21,1528.7,56.6,3983.7,87.55,10.65,No,Warning
6.078,5.753,5.723,5.855,5.284,66.87,67.1,67.16,61.32,61.04,20.889,20.089,20.083,19.863,20.141,19.794,4.34,4.441,4.132,1476.7,59.7,6118.8,95.55,8.63,Yes,Normal
7.563,7.352,43.10218185882009,7.432,7.38,68.73,69.93,74.41,73.64,70.4,21.478,21.711,21.435,20.541,21.023,20.177,5.169,5.064,5.035,1385.2,47.3,3933.2,87.78,7.81,No,Warning
6.415,6.87,5.578,5.674,5.513,64.36,61.01,65.92,64.35,63.51,21.498,21.657,21.633,20.758,22.606,21.705,4.411,4.386,4.278,1634.1,58.4,3840.5,98.47,2.02,No,Normal
4.599,5.891,4.769,6.074,4.457,65.11,67.31,67.61,67.08,62.09,23.927,23.601,25.206,24.387,24.032,24.034,4.134,4.222,4.089,1634.2,37.4,3501.5,67.84,9.74,No,Warning
5.436,5.25,6.259,6.618,5.576,74.2,70.95,71.17,77.02,72.62,22.13,21.671,23.199,21.388,22.024,22.015,4.8,4.567,4.705,1522.6,60.8,5718.4,74.83,6.33,No,Warning
4.82,4.894,5.755,5.041,5.93,70.64,76.49,75.53,74.3,75.12,20.283,20.776,20.438,20.138,20.407,20.556,4.581,4.435,5.055,1427.4,49.3,7750.0,102.88,11.83,No,Normal
5.507,6.452,6.021,5.984,7.281,67.47,70.25,65.11,64.53,67.57,20.805,,21.382,21.728,20.804,20.236,4.603,4.249,4.674,1308.1,67.0,1765.6,90.42,4.24,Yes,Normal
6.616,6.26,7.137,6.534,6.769,64.64,68.01,65.39,66.55,66.71,20.407,21.356,20.24,21.393,21.555,20.611,4.209,4.817,4.369,1387.3,38.3,17307.1,87.5,12.91,Yes,Normal
7.597,7.761,7.155,8.055,7.581,65.02,66.82,64.36,63.43,63.03,22.536,22.92,22.464,22.929,21.961,22.787,4.612,4.789,5.213,1356.4,55.4,5485.7,74.53,14.79,No,Failure
7.626,8.717,7.933,8.028,7.761,61.36,60.24,61.76,62.5,63.42,21.326,20.755,21.062,20.603,20.532,21.002,4.59,4.669,4.906,1503.1,40.7,1754.7,104.06,5.09,No,Warning
7.921,8.179,7.725,6.183,6.35,72.59,67.86,68.93,73.98,69.5,21.239,21.91,21.195,21.194,21.16,21.959,4.708,4.999,4.663,1335.3,49.7,7963.6,81.33,14.85,No,Warning
6.427,6.218,5.332,5.706,5.989,74.01,70.08,72.81,71.77,70.41,22.145,23.398,23.107,22.544,23.598,22.916,4.76,4.457,4.798,1256.5,42.7,2216.5,77.06,9.16,No,Warning
5.923,5.341,5.219,5.144,5.872,70.6,70.27,66.91,69.22,66.82,22.867,24.213,23.01,23.436,24.524,22.183,4.229,4.492,4.758,1391.3,47.4,837.5,72.04,7.09,,Warning
5.368,5.085,5.509,4.985,4.946,71.63,76.43,68.61,70.66,70.68,25.001,23.634,24.339,24.627,24.02,24.199,4.383,4.645,4.369,1367.4,55.4,4645.5,67.59,7.36,No,Warning
5.935,5.25,4.911,5.461,4.032,72.31,72.77,70.69,70.15,74.32,24.658,23.601,25.025,23.183,23.659,23.449,4.551,4.59,4.785,1487.3,47.6,876.6,70.78,4.97,No,Warning
8.349,8.215,6.286,6.903,8.785,64.9,62.23,64.46,64.93,59.56,21.398,20.939,21.011,21.248,20.501,21.422,4.619,4.854,4.867,1477.0,64.7,2210.9,81.5,5.5,Yes,Warning
7.586,7.201,7.246,6.553,7.629,66.72,61.72,68.71,66.62,69.84,22.396,21.969,22.725,22.051,23.605,22.435,4.761,4.882,4.629,1471.5,16.7,1859.2,74.5,7.29,Yes,Failure
7.406,8.214,7.616,7.438,7.052,58.78,60.05,61.91,60.49,62.4,19.469,19.802,20.335,19.731,20.983,20.288,4.428,4.589,4.323,1460.0,59.0,1292.9,102.42,13.13,No,Normal
7.101,6.414,6.585,7.021,6.859,57.97,,63.54,61.64,62.98,20.119,20.85,20.737,19.954,20.101,21.201,4.098,4.264,4.722,1733.5,46.8,2145.4,91.44,7.7,Yes,Normal
5.584,5.573,6.177,5.912,6.08,71.46,,71.86,72.21,73.34,22.723,22.811,23.399,23.872,23.242,23.612,5.152,4.657,4.47,1548.7,33.6,4165.5,88.84,5.1,No,Warning
6.501,5.323,5.954,5.816,5.727,73.0,74.04,73.28,73.98,74.36,21.134,20.69,21.372,21.091,21.46,22.61,4.625,4.774,4.713,1720.9,46.2,2459.6,76.06,13.96,Yes,Normal
6.134,4.218,4.471,5.126,4.667,53.45,59.9,67.68,60.07,56.39,23.526,23.418,23.852,22.777,-52.24445662726498,23.661,4.178,3.908,3.922,1432.0,49.9,12066.8,67.71,13.03,No,Normal
6.49,7.975,7.722,6.771,7.546,72.13,63.95,67.53,68.78,68.84,22.523,21.674,21.665,22.326,23.246,21.643,4.592,4.834,4.809,1383.5,43.1,4735.4,71.21,0.51,No,Failure
7.064,7.333,7.088,7.482,6.684,74.49,73.95,70.52,73.87,71.03,20.635,20.559,21.0,20.532,20.789,21.248,5.026,4.578,4.743,1502.3,42.8,2506.7,99.32,3.78,No,Warning
5.63,5.775,5.868,6.42,5.208,64.11,64.98,62.56,65.68,66.0,24.046,23.878,22.929,23.678,23.547,24.429,4.443,4.625,4.431,1516.6,48.0,5996.1,76.59,2.63,No,Warning
5.677,5.398,5.36,5.465,6.144,72.08,67.95,72.47,73.42,69.73,23.1,22.359,22.516,23.475,22.691,23.049,4.799,4.778,4.536,1479.9,38.3,7331.3,77.32,9.37,No,Warning
7.47,7.293,7.394,7.033,7.343,68.91,65.74,64.34,66.5,64.62,22.387,24.264,23.39,22.829,22.556,23.62,4.738,4.517,4.542,1470.0,50.9,3553.0,78.11,2.57,Yes,Failure
6.452,5.967,6.229,7.295,7.085,62.53,64.61,61.36,62.05,60.39,24.051,24.011,23.403,24.127,23.181,23.229,4.534,4.389,4.157,1296.7,41.4,1094.5,69.33,8.64,No,Warning
5.334,5.659,5.769,5.245,5.21,67.7,69.24,69.85,66.73,67.57,22.386,22.693,21.869,23.157,22.297,21.936,4.394,4.218,4.146,1410.3,48.2,1382.4,83.26,8.98,No,Normal
8.131,6.94,6.844,7.02,8.338,68.43,62.34,65.16,64.06,64.12,23.786,23.798,24.088,24.127,24.682,23.188,4.877,4.671,4.575,1268.5,,1976.0,81.93,5.56,Yes,Failure
6.553,6.747,6.697,6.185,7.205,62.5,63.62,61.8,64.35,64.85,23.996,23.071,23.319,23.922,23.926,24.624,4.758,4.577,4.281,1539.2,51.5,2539.3,67.83,3.71,Yes,Warning
5.564,5.611,5.371,5.631,5.569,71.39,72.95,71.06,68.98,70.03,19.045,20.017,20.263,21.069,21.393,20.457,4.502,4.747,4.475,1444.7,57.3,1694.0,97.33,5.32,No,Normal
5.609,4.875,5.743,5.766,5.238,65.3,68.31,66.58,70.11,67.25,22.201,20.807,23.012,22.711,22.267,21.977,4.406,4.407,4.505,1593.0,46.2,2255.8,83.44,14.16,No,Warning
6.448,7.072,6.28,7.595,6.472,66.57,62.96,63.27,59.38,63.7,22.6,22.147,22.32,23.194,23.739,22.036,4.64,4.43,4.368,1440.6,73.1,1572.6,,13.62,No,Warning
5.257,5.169,5.658,5.382,5.814,62.73,65.73,61.13,58.79,66.2,21.721,22.065,22.145,22.005,22.849,23.395,4.274,4.059,4.349,1423.1,49.9,6203.8,88.63,12.11,No,Normal
6.585,5.477,6.111,5.247,6.023,71.84,71.53,69.85,70.5,75.87,21.012,21.364,22.699,22.014,23.118,21.43,4.752,4.868,4.867,1617.6,31.1,997.3,78.77,1.06,No,Warning
6.337,6.778,6.676,5.925,6.661,73.19,66.32,70.71,71.3,71.25,23.27,23.464,22.285,22.503,22.618,24.002,4.684,4.761,4.668,1488.5,23.4,3195.4,68.78,4.42,No,Warning
6.169,5.873,5.431,4.854,4.954,69.38,69.96,72.98,72.32,68.7,23.011,22.294,22.818,21.949,22.579,22.622,4.508,4.704,4.406,1681.9,40.4,12564.3,81.93,9.27,No,Warning
5.151,5.56,5.031,5.885,5.002,74.96,70.15,69.63,71.57,74.92,22.255,21.086,21.023,22.262,20.746,20.582,4.2,4.428,4.641,1462.2,40.8,3844.1,88.56,9.38,Yes,Normal
6.278,6.239,5.508,5.501,5.194,69.28,67.92,68.86,67.1,68.73,22.941,22.592,23.571,23.415,22.642,22.06,4.283,4.243,4.37,1467.8,38.4,1254.6,74.37,3.91,No,Warning
7.125,7.707,7.192,7.082,6.551,65.26,68.92,62.51,65.51,63.12,23.264,23.227,24.258,23.679,23.835,22.395,4.632,4.56,4.921,1484.5,37.9,3154.6,72.82,0.97,Yes,Warning
7.394,7.881,7.074,7.342,7.304,72.74,73.99,72.91,69.81,71.15,20.6,21.412,20.778,22.067,20.337,20.461,5.107,5.04,4.927,1636.5,44.3,1250.1,81.23,9.97,,Warning
6.692,7.182,7.6,6.962,6.22,65.62,64.25,63.61,64.33,59.94,22.578,21.84,22.325,22.849,21.754,22.159,4.389,4.428,4.387,1393.8,58.3,4376.1,68.56,4.22,No,Warning
6.571,8.249,6.42,8.084,5.651,74.23,71.62,68.92,69.81,73.78,19.596,21.284,19.102,21.186,19.773,21.136,5.131,5.033,4.74,1175.6,47.8,10023.1,107.03,12.43,Yes,Warning
6.001,6.25,4.95,5.777,6.313,66.05,61.42,63.27,64.34,62.84,22.827,22.921,22.325,22.926,22.385,21.743,4.486,4.638,4.313,1438.2,47.0,1341.9,93.73,13.03,No,Warning
6.301,7.055,6.454,5.273,7.058,72.33,74.96,71.18,74.07,71.7,23.147,21.935,21.91,21.953,22.054,21.229,4.811,4.801,4.854,1547.0,40.1,4178.1,74.97,13.54,No,Warning
6.457,6.316,5.609,6.145,6.621,75.35,71.31,73.33,76.03,76.05,23.123,21.247,22.562,22.442,21.343,21.859,4.838,4.645,4.65,1405.9,48.5,3611.3,81.31,9.78,No,Warning
8.102,7.164,7.51,7.758,7.509,68.36,68.71,62.85,61.72,67.79,23.421,22.643,24.438,23.363,23.176,21.823,4.73,4.802,5.095,1335.8,20.5,2525.3,79.79,13.92,No,Failure
7.035,8.022,6.454,7.592,6.971,67.37,71.63,67.34,69.13,63.39,20.072,20.251,20.253,20.714,20.862,21.62,4.844,4.89,4.578,1426.0,42.0,4208.3,96.63,2.4,No,Warning
7.786,7.986,7.691,9.182,7.235,66.13,67.7,67.06,63.94,67.16,19.248,19.129,19.575,19.608,20.643,19.469,5.204,4.762,4.837,1356.8,70.0,2498.8,110.15,3.5,No,Warning
6.429,6.325,4.983,6.619,6.739,69.49,69.25,66.82,71.67,68.57,23.533,22.646,22.48,23.666,23.276,23.392,4.641,4.722,4.555,1775.8,54.6,1393.1,80.69,2.81,No,Warning
5.345,5.222,5.448,5.642,5.628,60.17,66.04,58.71,63.43,60.18,20.502,21.47,22.001,21.426,22.146,21.383,3.793,3.963,3.959,1456.4,,9995.7,103.44,1.96,No,Normal
6.208,4.756,4.669,6.793,4.746,78.89,74.51,70.6,72.14,70.06,21.39,21.617,20.079,20.537,20.185,20.696,4.586,4.377,4.179,1449.4,37.7,1661.8,96.74,1.02,No,Warning
7.338,7.835,6.853,5.952,7.739,61.45,74.42,63.77,64.46,65.75,21.925,20.416,20.243,21.242,20.631,21.098,4.759,4.866,4.752,1437.6,52.8,3459.8,104.56,7.78,Yes,Normal
4.844,4.979,3.962,5.535,5.598,63.38,65.44,64.28,65.54,63.66,21.6,22.817,21.608,21.528,22.704,21.591,4.258,4.537,4.33,1637.8,48.0,646.1,72.61,9.58,Yes,Normal
5.253,5.816,5.568,5.303,6.569,64.88,63.59,63.41,66.93,64.7,24.189,24.638,23.74,22.426,25.181,24.344,4.41,4.289,4.306,1435.9,18.4,7346.0,66.06,11.06,Yes,Warning
5.308,6.708,6.736,5.894,5.651,68.25,68.63,71.74,68.72,70.2,25.105,24.938,24.251,24.501,24.489,23.433,4.439,4.373,4.332,1578.7,29.7,3046.4,80.95,5.66,No,Warning
7.573,7.333,8.115,6.887,7.558,68.79,66.26,71.15,66.72,67.02,23.046,22.138,22.998,22.476,23.137,22.462,4.672,4.343,4.671,1515.6,49.9,3215.4,75.59,1.95,No,Failure
6.988,7.106,5.95,6.788,7.939,63.81,65.57,64.73,63.24,64.74,20.995,,21.25,21.754,20.253,20.894,4.544,4.506,4.56,1397.9,50.3,1009.2,99.08,10.3,No,Normal
7.093,6.769,7.771,7.905,8.205,62.3,70.0,69.73,66.48,67.37,20.184,20.332,20.124,20.1,20.558,20.211,5.033,4.446,4.807,1587.6,50.3,1410.4,103.53,3.96,No,Warning
5.088,6.035,5.036,6.163,5.64,76.53,74.11,76.06,74.99,77.45,21.191,21.535,20.981,20.619,20.428,21.814,4.423,4.84,4.702,1655.7,46.1,1635.5,99.91,5.62,No,Normal
4.58,5.125,5.863,5.111,5.331,68.87,66.42,61.74,63.93,64.06,23.104,22.596,23.447,22.139,23.526,22.003,4.21,4.195,4.301,1567.5,49.6,2324.4,79.41,1.03,No,Warning
5.511,5.596,6.165,4.864,5.927,66.69,66.31,65.95,65.04,70.63,22.892,21.943,22.682,24.341,22.293,23.011,4.473,4.362,4.349,1507.3,,3700.0,88.57,3.71,No,Normal
5.721,5.292,5.087,4.109,5.666,70.21,71.21,69.97,69.29,66.98,21.997,21.147,21.545,20.98,21.518,21.703,4.353,4.222,4.624,1212.0,51.3,746.2,88.77,4.9,No,Normal
5.696,4.975,5.37,5.699,4.808,60.48,59.95,56.56,58.38,57.07,20.811,21.118,20.96,19.64,20.743,20.787,4.077,4.359,4.027,1445.9,34.4,1616.6,96.13,10.74,No,Normal
6.946,7.05,6.627,8.164,7.638,67.11,74.54,75.96,74.38,72.1,22.171,21.258,21.053,20.596,22.405,21.303,5.142,5.157,4.874,1301.6,43.4,3435.4,87.68,1.92,Yes,Failure
5.411,5.899,5.319,5.236,5.423,71.69,72.43,69.88,74.1,71.8,20.748,22.42,22.195,22.016,21.738,21.605,4.636,4.703,4.755,1637.8,33.5,2565.7,92.49,2.26,Yes,Normal
6.689,7.181,7.559,6.591,7.163,62.07,61.78,60.12,63.24,67.38,21.358,22.908,21.638,21.558,102.58622665576527,23.597,4.551,4.61,4.392,1373.1,33.3,10074.9,82.32,5.29,No,Warning
5.742,6.18,5.463,6.062,6.037,74.2,75.31,74.28,71.03,74.36,24.853,24.668,23.088,24.11,23.037,23.559,4.579,4.617,4.903,1417.2,53.0,1678.0,75.26,11.06,No,Warning
5.882,5.072,5.196,6.115,5.677,74.56,79.82,79.61,80.25,77.18,24.502,24.643,24.704,23.441,23.691,23.351,5.021,4.488,4.8,1375.4,49.4,2152.1,67.75,2.83,No,Warning
6.545,6.64,6.803,5.797,7.195,76.39,73.39,74.68,71.52,74.52,22.146,21.349,20.321,21.329,21.257,20.817,4.94,5.044,5.14,1552.2,41.1,1272.4,84.21,6.94,No,Warning
5.982,6.001,5.401,5.906,5.473,68.48,,68.94,69.12,74.84,24.38,24.097,24.966,23.707,23.524,23.753,4.567,4.481,4.82,1694.2,50.3,705.6,82.79,5.4,Yes,Warning
4.839,6.707,6.468,6.528,5.459,72.0,71.59,70.04,67.72,72.69,20.254,20.179,21.542,21.727,21.747,20.652,4.185,4.517,4.686,1444.4,,2475.1,103.05,12.81,No,Normal
6.359,6.755,7.434,6.566,7.765,70.89,68.18,64.13,67.63,68.32,22.508,23.356,23.635,22.527,23.129,22.652,4.795,4.97,4.647,1480.0,43.0,3735.1,82.66,13.21,Yes,Warning
5.522,6.479,6.688,6.569,5.701,59.39,63.22,58.63,64.04,59.97,20.239,21.476,19.959,20.528,20.681,21.356,3.913,4.118,4.198,1478.6,50.8,739.3,85.03,12.33,No,Normal
5.623,6.155,5.608,6.646,5.817,63.07,66.69,61.32,67.22,64.29,21.313,20.516,20.217,20.606,20.083,20.893,4.078,4.107,4.034,1645.7,19.2,5820.7,,5.77,No,Normal
7.34,7.021,7.462,7.819,7.115,69.5,66.41,65.71,65.45,65.29,21.935,20.721,19.293,20.575,19.833,20.197,4.745,4.79,4.483,1706.4,,6553.0,91.36,11.21,Yes,Normal
5.309,6.746,5.475,5.412,5.208,68.72,69.7,73.71,66.83,69.14,22.18,22.143,22.839,22.599,22.97,22.164,4.851,4.696,4.141,1635.0,27.3,4646.4,,4.4,No,Warning
6.888,6.775,7.446,7.331,6.274,62.87,64.9,67.55,67.5,63.65,24.265,24.173,25.234,23.202,23.885,24.439,4.679,4.723,4.729,1404.7,55.6,2359.4,68.48,11.53,No,Failure
6.824,5.44,5.195,5.439,4.623,73.16,66.88,68.78,70.28,67.86,21.513,22.293,21.965,21.532,22.042,21.277,4.419,4.68,4.658,1313.9,59.8,1097.1,77.86,5.19,No,Warning
5.866,6.065,5.077,5.814,5.876,66.81,64.16,63.56,62.52,65.57,24.415,22.904,23.311,24.594,22.914,23.345,4.61,4.346,4.354,1404.0,33.7,1897.5,72.44,2.51,No,Warning
6.801,5.681,5.221,5.918,6.436,68.09,67.45,64.44,65.98,67.77,22.985,23.355,23.029,22.892,22.299,22.061,4.575,4.67,4.896,1399.2,46.1,6206.0,78.02,4.97,No,Warning
8.102,7.034,9.082,7.862,8.386,69.48,74.83,68.14,72.89,70.29,21.915,23.749,22.354,23.054,22.911,21.566,5.084,4.856,5.067,1452.7,60.8,2045.3,76.49,4.12,No,Failure
8.26,8.026,7.994,8.452,8.546,68.61,68.88,67.08,65.31,70.03,22.988,24.014,23.118,22.81,23.069,23.624,4.622,4.845,4.939,1401.7,54.5,5016.2,71.87,3.08,No,Failure
5.841,4.525,4.96,5.436,5.283,65.86,65.87,67.36,63.09,66.44,23.314,22.588,23.449,23.037,22.462,22.354,4.295,4.354,4.511,1408.2,43.6,1226.3,65.38,14.56,Yes,Warning
7.056,6.897,6.672,6.859,7.062,78.33,77.11,73.7,75.62,75.6,23.519,21.938,21.302,22.991,23.195,22.301,4.505,4.879,5.162,1398.3,61.3,1642.4,86.09,9.84,No,Failure
5.141,6.444,6.46,5.444,5.063,71.93,69.49,71.78,68.0,70.26,19.899,21.682,20.068,21.474,19.914,20.302,4.532,4.733,4.537,1449.7,37.8,1039.3,81.76,5.04,No,Normal
7.334,7.964,7.545,8.009,8.189,73.09,73.54,76.05,73.44,74.35,20.741,20.82,20.323,20.021,21.196,20.392,5.105,5.091,5.169,1567.8,,4110.5,103.52,11.35,No,Warning
5.716,5.953,5.7,5.69,6.072,63.59,61.03,64.04,67.97,64.31,20.52,21.259,20.199,21.102,20.778,21.398,3.996,4.17,4.759,1414.9,33.7,1987.2,,8.45,Yes,Normal
7.018,7.217,7.193,6.732,6.755,54.34,59.18,59.65,54.53,62.49,20.281,20.292,20.242,19.543,21.017,20.056,4.633,4.741,4.564,1516.4,41.0,733.9,97.13,0.74,No,Normal
7.141,7.411,7.851,7.809,7.925,69.9,69.54,74.11,73.66,70.12,21.816,20.914,22.503,21.876,21.185,21.766,4.966,4.63,4.983,1387.3,36.8,2030.3,86.35,11.44,No,Warning
7.22,7.189,6.714,6.92,7.271,68.55,72.27,69.45,66.93,70.88,23.226,23.521,24.354,23.802,23.352,22.93,4.808,5.137,5.017,1203.8,45.0,10267.1,65.07,12.2,Yes,Failure
6.909,8.072,6.861,7.222,7.461,73.83,73.93,67.85,71.52,69.46,21.131,22.226,22.182,21.32,22.204,20.083,5.184,4.854,5.066,1465.0,55.9,2076.7,95.09,3.64,Yes,Warning
6.974,7.01,6.243,6.695,5.803,73.36,65.48,68.01,69.26,67.3,20.213,20.063,19.88,20.188,20.166,20.289,4.685,4.598,4.259,1498.0,47.8,1000.1,92.15,14.62,Yes,Normal
6.216,6.308,6.285,6.091,5.977,70.79,69.37,70.63,71.57,67.95,21.685,,20.094,21.133,21.073,21.375,5.021,4.482,4.658,1763.6,38.0,1450.6,85.76,5.29,No,Warning
5.844,6.111,5.456,5.902,5.571,67.97,65.6,69.66,72.06,71.07,22.707,23.202,22.838,23.029,22.534,22.876,4.502,4.735,4.587,1329.6,30.9,4379.6,79.25,4.48,No,Warning
7.853,6.584,5.832,6.237,8.008,74.5,76.8,74.82,78.62,76.01,20.718,20.803,21.284,21.649,20.805,21.185,4.997,4.674,4.959,1629.8,38.3,1286.6,106.89,14.29,No,Warning
6.246,6.352,6.516,7.103,6.85,63.73,59.99,62.75,63.42,67.39,23.144,23.329,22.242,22.653,23.546,23.035,4.467,4.284,4.602,1621.3,41.2,1213.4,75.85,1.22,Yes,Normal
6.696,6.677,7.489,6.21,6.287,70.37,68.62,64.4,68.71,66.86,21.359,20.264,20.824,20.97,21.257,20.262,4.55,4.424,4.713,1410.2,37.2,9089.1,101.29,10.59,No,Normal
6.034,6.257,6.357,6.833,6.966,69.22,63.05,68.22,69.14,67.89,23.846,23.627,22.713,23.87,22.773,22.803,4.655,4.923,4.849,1481.9,64.8,3956.9,71.33,13.97,Yes,Failure
6.848,6.021,7.425,6.701,7.621,62.22,59.3,66.68,62.42,62.33,21.82,22.281,22.688,22.049,22.492,22.355,4.375,4.717,4.59,1427.5,52.4,4321.7,86.04,1.9,No,Warning
4.314,4.871,5.547,5.826,4.106,62.25,57.87,60.55,56.01,59.16,22.351,22.099,23.109,23.084,23.66,23.062,4.243,4.246,4.059,1571.3,37.2,4442.8,81.94,8.71,No,Normal
5.817,4.798,5.197,4.458,5.348,62.86,62.04,63.56,63.51,61.05,21.69,21.755,21.944,20.835,21.665,22.038,4.249,4.43,4.698,1500.2,27.6,701.4,84.26,3.38,No,Normal
6.04,6.156,6.175,7.146,6.77,63.09,63.2,60.26,65.91,62.78,20.886,20.898,22.161,21.745,20.967,20.823,4.458,4.597,4.235,1515.8,55.5,1787.1,93.84,14.38,No,Warning
8.066,7.394,7.968,7.595,7.537,73.96,75.74,73.56,68.87,73.19,21.377,21.172,21.558,21.13,22.475,22.61,5.0,4.83,4.917,1223.7,52.7,3950.4,88.86,3.79,No,Warning
6.289,6.642,6.041,6.65,5.962,70.05,75.37,67.52,70.53,74.54,22.428,22.244,22.577,22.371,22.796,21.967,4.766,4.97,4.921,1362.5,28.6,8743.7,70.0,7.41,No,Warning
8.852,7.535,8.23,8.187,7.1,66.96,69.63,71.34,68.99,72.71,23.02,22.201,21.973,22.765,22.157,23.236,4.981,4.965,4.815,1706.3,,2691.8,67.55,9.85,Yes,Failure
6.798,5.631,6.385,6.488,6.134,64.98,56.86,57.76,57.84,61.74,19.93,20.529,20.595,19.685,19.797,19.954,4.622,4.319,4.282,1426.5,43.5,3292.0,100.28,1.76,Yes,Normal
5.52,5.267,4.474,4.553,5.086,70.28,70.65,72.26,76.08,73.0,23.811,22.03,23.392,23.026,23.252,21.776,4.547,4.873,4.591,1530.6,41.2,3678.0,79.64,2.11,Yes,Normal
5.887,6.057,5.2,5.637,5.864,61.56,59.76,62.09,62.43,59.62,23.791,23.365,24.032,22.94,22.333,22.962,4.292,4.551,4.189,1538.2,49.4,2359.0,83.65,12.36,Yes,Normal
5.923,5.341,5.219,5.144,5.872,70.6,70.27,66.91,69.22,66.82,22.867,24.213,23.01,23.436,24.524,22.183,4.229,4.492,4.758,1391.3,47.4,837.5,72.04,7.09,,Warning
8.429,6.707,8.025,8.039,8.451,74.0,67.47,74.02,71.2,69.82,21.376,22.719,21.391,21.772,21.932,20.951,5.331,5.047,5.112,1413.4,48.2,2204.3,94.25,8.72,Yes,Warning
5.662,4.972,5.317,5.627,5.031,68.26,67.74,64.79,66.89,68.23,19.508,19.315,20.037,20.127,20.472,20.146,4.303,4.046,4.218,1455.7,31.9,435.4,99.94,7.83,No,Normal
7.718,9.668,7.746,8.259,7.33,72.09,75.86,72.02,71.92,75.19,20.206,21.4,22.244,22.806,20.653,21.56,4.945,4.848,4.938,1628.5,33.9,6286.9,93.41,1.52,No,Failure
4.626,5.486,5.225,4.975,4.333,72.86,72.65,75.01,71.64,78.21,22.806,23.134,22.38,22.786,21.866,22.087,4.639,4.47,4.633,1448.8,65.1,5732.3,79.54,8.96,Yes,Warning
6.928,6.988,5.972,7.938,6.956,67.65,66.59,66.41,64.79,63.67,22.82,23.877,23.183,23.655,22.656,23.34,4.391,4.392,4.487,1693.7,54.3,4886.8,64.04,0.53,No,Failure
7.783,6.6,6.988,6.685,6.439,73.41,72.01,68.65,75.4,72.2,21.612,20.857,22.315,20.661,20.352,20.897,4.819,4.895,4.602,1405.6,44.4,2655.7,74.11,6.3,No,Warning
7.349,7.222,7.832,7.057,7.502,62.6,59.97,59.11,60.96,64.89,22.846,23.258,21.545,22.815,23.303,23.169,4.396,4.274,4.675,1397.9,31.2,3286.3,73.84,5.21,No,Warning
7.348,7.17,7.427,6.652,7.032,69.99,68.48,72.72,71.48,66.68,21.534,21.891,20.068,20.833,21.175,20.986,4.862,4.911,5.031,1219.5,47.0,10530.0,112.57,13.86,No,Warning
6.373,5.705,6.58,6.053,6.697,74.74,71.58,71.19,72.69,68.4,22.941,22.172,22.311,22.327,22.446,23.082,4.712,4.887,4.683,1293.9,59.8,1313.8,88.51,9.67,No,Warning
6.513,5.766,5.462,4.87,5.336,66.47,64.62,68.89,64.71,67.81,21.184,20.793,20.55,20.322,21.993,20.792,4.531,4.284,4.491,1551.4,63.5,2453.9,81.23,2.76,No,Normal
3.924,4.836,4.991,4.375,4.874,62.46,65.54,65.04,61.46,63.09,21.485,,19.695,20.398,21.192,20.439,3.735,4.184,3.908,1578.4,37.1,7683.1,93.26,13.84,Yes,Normal
5.641,5.68,6.437,5.251,5.246,78.7,71.3,76.51,71.35,71.48,23.494,23.579,23.541,23.832,24.815,25.116,4.861,4.373,4.534,1390.4,35.2,1032.2,83.8,1.08,No,Warning
6.764,6.933,6.711,6.993,6.729,65.35,67.91,62.97,67.15,65.48,22.746,23.098,23.079,22.021,22.986,22.867,4.288,4.396,4.452,1631.5,51.5,5052.5,58.41,11.4,No,Warning
6.397,5.412,6.872,4.979,6.398,67.72,69.94,63.85,64.44,68.01,23.54,23.013,23.791,24.449,24.015,24.244,4.573,4.748,4.224,1472.3,58.4,9265.9,69.85,5.44,No,Warning
6.329,6.431,5.24,5.885,6.344,70.68,71.39,73.05,75.86,77.15,20.642,18.954,20.197,21.35,21.371,20.475,4.879,4.636,4.44,1465.6,48.2,2737.5,,3.58,No,Normal
7.652,7.786,7.374,7.484,7.346,69.52,67.06,66.22,66.15,65.67,22.958,23.67,22.911,22.999,23.659,23.749,4.971,4.59,5.0,1357.2,49.6,14638.9,71.63,1.85,No,Failure
5.726,4.991,4.788,4.605,5.885,69.36,74.91,75.94,74.04,73.67,19.991,20.384,20.693,20.573,21.89,21.008,4.603,4.811,4.406,1555.7,43.5,903.7,83.14,13.8,Yes,Normal
5.15,4.86,5.667,6.32,5.502,67.74,67.22,65.78,70.61,64.35,19.347,19.716,19.931,20.342,20.549,19.899,4.496,4.171,4.368,1297.4,51.5,1310.6,97.23,2.2,Yes,Normal
6.309,6.724,8.229,5.547,6.414,60.46,62.7,65.16,62.84,67.14,19.854,22.221,21.027,21.013,22.218,22.529,4.414,4.398,4.705,1315.8,55.6,6498.3,94.24,4.16,No,Normal
4.458,5.566,5.624,3.919,6.059,70.64,74.03,71.25,70.65,70.77,20.904,20.216,20.783,20.559,19.584,19.674,4.342,4.262,4.432,1504.2,61.4,12093.3,80.31,12.65,No,Normal
8.125,7.096,7.772,7.578,8.058,66.84,67.99,69.15,64.22,64.21,22.125,22.216,22.276,21.567,22.291,21.834,4.551,4.563,4.563,1520.5,62.8,2050.3,80.3,7.98,No,Warning
7.707,7.521,7.247,8.219,7.184,61.21,,65.1,60.57,61.4,24.023,23.54,22.53,23.173,23.078,22.589,4.551,4.876,4.6,1371.3,42.5,5049.5,83.82,1.41,No,Failure
5.94,5.704,6.953,6.404,5.92,70.5,70.54,72.46,75.56,76.59,22.627,22.216,22.932,22.972,22.713,22.785,5.028,4.82,4.902,1483.3,38.3,1421.2,81.72,10.83,No,Warning
4.99,5.795,4.661,5.505,5.813,71.61,73.38,74.87,74.64,72.85,21.387,20.871,22.357,21.619,20.873,21.012,4.673,4.283,4.45,1354.2,55.8,2174.1,87.2,7.36,Yes,Normal
7.461,6.857,7.727,7.297,7.716,74.38,75.2,74.53,68.82,66.16,21.288,21.35,21.682,22.445,21.33,22.257,4.963,5.084,5.07,1709.4,44.0,2862.6,95.28,14.0,No,Warning
7.044,6.313,5.503,5.783,7.691,71.59,69.22,70.61,66.72,71.15,22.178,22.206,21.933,21.985,21.273,22.826,4.485,4.342,4.75,1278.6,52.7,1325.7,78.0,9.52,Yes,Warning
5.667,6.281,6.284,5.325,5.979,66.52,64.98,67.08,64.39,65.92,21.252,21.729,21.672,21.656,-52.056546172210446,20.728,4.334,4.364,4.765,1439.1,43.7,842.6,91.87,7.73,Yes,Normal
6.828,7.011,5.652,6.309,5.781,76.39,71.73,72.89,76.92,70.61,21.131,20.934,20.974,21.747,21.933,21.093,4.696,4.778,4.655,1466.8,,1799.9,93.89,1.75,No,Warning
8.189,6.004,7.208,6.807,7.881,58.18,66.37,59.09,59.76,57.68,22.574,22.716,22.864,22.392,21.429,22.321,4.714,4.634,4.882,1367.9,24.6,5028.6,75.2,9.05,No,Warning
7.789,6.889,7.975,7.765,7.913,69.06,72.54,68.63,69.07,68.79,22.523,22.12,21.789,21.577,22.675,22.281,5.006,5.079,4.85,1399.1,38.2,2348.7,77.14,7.72,,Failure
5.951,5.556,27.300021300096336,4.929,5.752,67.53,64.76,66.03,64.97,66.98,20.884,20.15,20.905,20.057,20.102,20.194,4.456,4.128,4.262,1628.4,35.5,1901.4,97.06,13.77,Yes,Normal
6.226,6.851,6.119,6.392,6.131,66.35,,67.11,64.84,65.67,24.144,24.316,23.841,24.077,24.346,23.002,4.372,4.706,4.159,1515.9,47.5,4357.2,63.51,13.2,No,Warning
4.897,5.54,6.066,5.952,4.728,65.27,72.0,65.02,69.43,69.4,24.598,23.501,23.485,24.146,24.216,25.118,4.321,4.108,4.55,1294.3,52.8,5688.5,74.43,6.3,Yes,Warning
8.069,8.156,8.866,8.758,8.121,73.0,76.13,74.66,73.94,74.93,19.419,,20.417,19.978,20.792,20.04,5.016,5.094,5.587,1465.0,46.8,2105.5,97.74,12.14,No,Failure
6.238,4.894,5.15,5.778,6.815,64.48,66.63,63.2,66.84,62.92,21.267,20.488,20.76,21.017,21.317,20.734,4.742,4.488,4.489,1474.9,55.1,1735.9,81.5,11.11,No,Normal
5.181,4.378,5.434,6.085,4.847,69.3,64.91,63.86,65.62,69.07,19.869,21.172,21.647,20.846,20.135,21.373,4.232,4.322,4.099,1452.8,54.8,1062.8,93.91,4.25,Yes,Normal
7.132,6.623,6.871,7.842,7.442,70.73,69.0,69.55,74.0,66.8,21.25,21.038,21.184,21.712,21.356,20.948,4.951,4.924,5.156,1680.5,42.1,3613.2,84.32,14.25,No,Failure
5.726,4.959,4.959,5.17,3.587,64.92,66.75,64.64,67.73,65.46,23.091,23.923,21.896,21.864,22.603,22.853,4.178,4.186,3.842,1577.7,52.5,3514.5,81.71,2.24,No,Normal
6.7,6.011,6.704,6.441,7.11,76.4,,73.51,71.03,70.27,22.102,,21.328,20.93,20.587,21.156,5.131,4.881,4.931,1489.1,56.0,3079.7,88.59,9.57,No,Warning
5.932,5.698,5.334,5.922,5.05,62.4,61.24,59.25,62.2,59.06,21.523,21.433,21.684,22.799,21.553,22.062,4.268,4.105,4.103,1635.6,52.3,594.6,104.12,3.53,Yes,Normal
7.22,8.819,7.376,7.512,7.586,73.74,75.0,72.04,72.06,74.79,20.953,20.799,21.676,21.088,20.316,20.531,4.946,5.004,5.037,1495.8,54.1,8028.6,89.66,1.96,No,Warning
6.039,7.126,6.074,5.41,5.8,71.57,68.86,66.07,68.45,68.36,22.853,22.041,23.167,22.835,23.36,23.541,4.747,4.788,4.454,1403.0,29.1,3841.1,74.42,10.5,Yes,Warning
5.573,5.645,5.651,6.009,5.936,67.83,71.63,70.11,74.77,74.16,23.019,22.257,22.589,24.011,22.115,22.729,4.984,4.524,4.695,1589.8,33.5,978.6,69.12,13.06,Yes,Warning
6.676,8.081,7.196,7.92,7.112,72.06,70.94,73.83,74.6,69.4,24.577,23.29,24.012,24.289,24.871,24.459,4.995,4.874,4.782,1235.3,32.2,1304.7,75.99,5.88,Yes,Failure
5.851,6.292,4.247,5.198,5.152,66.78,72.18,71.96,67.61,68.53,21.757,23.036,24.265,23.187,23.595,23.291,4.011,4.339,4.446,1511.9,59.2,2937.1,62.16,11.55,No,Normal
6.487,7.792,7.019,7.079,6.939,65.22,66.16,68.86,67.44,68.15,23.469,22.242,22.124,22.089,22.468,21.185,4.599,4.777,4.945,1625.8,43.4,2537.0,77.96,7.07,No,Warning
6.326,7.454,5.808,6.707,5.936,60.89,60.42,61.02,65.56,63.8,23.908,22.82,23.109,22.957,23.141,22.964,4.321,4.603,4.576,1666.9,39.0,710.1,72.38,9.5,No,Warning
7.61,6.793,7.795,7.693,7.967,72.3,72.34,72.46,67.66,69.49,24.778,24.026,22.78,23.758,23.985,23.876,5.001,4.938,5.003,1673.8,33.5,7250.4,75.66,12.49,No,Failure
7.702,7.311,7.642,7.847,7.649,68.67,66.63,69.52,69.25,67.32,21.6,21.437,20.07,20.242,19.288,19.325,4.829,5.089,4.924,1694.2,58.6,9477.4,106.01,3.27,Yes,Warning
4.161,5.276,5.391,4.996,5.06,72.11,72.31,73.45,72.31,69.15,23.071,21.875,22.98,22.84,22.656,24.193,4.655,4.545,4.438,1714.8,23.8,1205.4,80.73,7.4,Yes,Warning
7.084,7.42,7.308,7.362,7.503,77.95,68.21,71.12,72.67,70.89,21.968,23.54,24.315,23.501,23.749,23.632,4.902,4.98,4.914,1448.0,57.3,4641.2,76.89,10.26,No,Failure
7.492,7.556,6.237,7.024,7.264,73.01,73.95,78.11,73.6,76.0,21.738,22.757,21.818,21.818,21.184,22.312,4.777,5.118,4.948,1668.4,47.5,3485.4,94.48,1.77,Yes,Failure
8.317,6.781,7.814,7.858,7.935,62.3,61.7,62.08,58.92,65.12,21.487,20.7,21.757,21.239,21.196,20.819,4.152,4.662,4.686,1403.9,51.3,1164.1,88.4,1.94,No,Warning
7.22,8.819,7.376,7.512,7.586,73.74,75.0,72.04,72.06,74.79,20.953,20.799,21.676,21.088,20.316,20.531,4.946,5.004,5.037,1495.8,54.1,8028.6,89.66,1.96,No,Warning
6.072,5.825,5.682,5.221,5.049,70.05,66.88,69.96,68.45,70.02,22.935,22.504,22.459,21.597,22.665,22.652,4.765,4.295,4.789,1429.3,43.9,1817.4,65.49,11.29,No,Normal
4.653,6.368,5.088,5.491,5.861,72.5,73.7,67.61,72.27,73.84,24.501,24.379,23.567,24.098,23.932,23.306,4.333,4.547,4.465,1367.0,53.1,961.2,70.15,1.89,No,Warning
5.175,5.353,5.806,4.655,5.687,75.09,72.51,73.49,73.65,71.32,21.201,20.989,21.62,21.053,19.825,19.872,4.795,4.825,4.648,1356.9,43.8,1932.4,94.11,14.77,No,Warning
5.919,7.404,7.48,6.891,6.635,71.15,77.7,76.0,75.01,71.87,22.26,20.93,20.979,21.126,20.814,21.479,5.239,5.127,4.987,1611.9,40.2,2424.5,92.83,12.28,Yes,Warning
7.81,6.99,7.245,7.855,8.473,70.39,72.24,72.35,73.71,71.16,23.648,23.447,23.793,23.71,22.604,22.057,5.178,4.871,4.921,1326.1,28.7,6120.3,77.53,4.33,No,Failure
7.687,8.437,7.376,8.284,7.973,68.47,67.14,64.96,71.06,65.18,22.024,22.266,21.437,23.104,22.318,21.6,4.795,4.708,4.976,1509.5,61.4,3603.6,82.73,9.47,No,Warning
5.247,5.278,4.49,4.899,5.575,66.1,68.42,67.95,60.9,65.52,20.043,19.688,20.141,21.332,20.811,20.697,4.055,4.433,3.703,1637.4,49.7,690.9,81.7,13.07,No,Normal
6.86,7.573,8.116,6.987,6.909,69.4,76.12,72.13,70.01,69.62,22.005,22.411,22.033,21.098,20.63,21.151,4.971,4.571,5.084,1502.7,45.8,2956.5,87.16,1.35,No,Warning
5.178,5.313,4.973,5.883,5.406,62.0,61.5,61.04,63.92,62.25,22.198,23.606,22.945,22.879,23.586,22.442,4.148,4.335,4.124,1636.2,59.3,1199.3,86.73,10.21,Yes,Normal
6.332,5.661,6.521,6.326,6.258,65.67,59.54,63.11,61.37,62.45,20.497,20.964,20.265,22.364,20.595,20.724,4.319,4.571,4.229,1358.1,36.7,2431.9,99.26,14.58,Yes,Normal
6.477,6.58,7.754,7.688,7.871,62.46,58.48,61.63,64.6,64.8,23.159,23.053,23.262,23.196,22.073,22.089,4.659,4.821,4.57,1451.4,44.2,748.8,77.7,4.42,No,Warning
5.29,5.205,5.621,5.288,5.783,70.87,73.04,71.16,71.0,71.34,19.705,19.721,20.143,20.385,20.317,21.107,4.465,4.629,4.871,1397.8,,5501.8,117.02,4.65,No,Normal
5.855,6.563,5.842,6.656,6.429,70.64,75.17,71.5,71.19,68.04,23.913,25.592,24.055,23.214,23.745,24.056,4.68,4.685,4.618,1580.4,45.3,2980.7,75.82,7.97,No,Warning
5.766,4.947,7.132,5.429,7.104,71.82,72.22,77.31,72.69,78.22,23.603,22.835,23.231,23.889,23.356,22.981,4.857,5.083,4.918,1362.2,37.7,4272.6,64.53,7.68,No,Failure
5.883,4.759,6.416,6.122,5.554,59.52,61.85,63.34,62.29,61.19,21.36,22.721,22.462,21.733,21.756,22.65,4.007,3.84,4.347,1269.4,,1201.9,88.23,5.07,Yes,Normal
7.974,7.871,8.541,7.085,8.357,65.18,67.74,61.71,64.59,63.36,21.401,22.068,23.131,22.193,22.899,22.612,4.497,4.977,4.788,1261.8,37.2,2886.2,84.29,9.41,Yes,Failure
6.024,6.792,6.958,6.709,7.854,64.39,,64.39,64.04,62.31,21.876,23.863,22.154,21.938,22.052,22.937,4.903,4.675,4.616,1471.6,45.9,3345.1,77.9,5.87,No,Warning
5.398,4.554,6.295,6.798,6.246,69.94,62.97,67.73,64.71,65.43,23.528,23.585,23.665,23.67,23.86,23.962,4.35,4.265,4.466,1578.6,45.1,9888.2,72.52,11.48,Yes,Warning
8.467,6.886,7.751,7.892,7.28,60.08,60.32,62.62,62.58,60.09,21.77,20.992,20.739,21.333,20.143,20.841,4.546,4.427,4.56,1253.3,45.9,1398.3,88.54,8.75,Yes,Warning
5.511,5.215,5.843,5.394,5.479,78.69,73.32,73.59,75.16,75.98,23.451,22.276,23.052,23.988,23.323,24.684,4.475,4.862,4.256,1640.8,53.3,2266.4,90.17,5.11,No,Warning
6.286,6.968,5.771,5.499,5.886,72.16,68.7,73.07,69.61,66.3,22.779,21.484,22.525,22.957,23.078,22.275,4.293,4.429,4.6,1561.2,56.9,7267.2,85.27,11.23,No,Warning
6.006,6.654,5.479,5.932,6.695,60.16,60.77,63.33,62.12,63.49,21.51,21.953,22.211,21.727,21.701,22.509,4.369,4.447,4.433,1384.1,55.8,8142.1,70.22,8.19,No,Warning
6.814,7.156,6.773,6.56,6.327,67.09,66.43,70.06,67.62,65.9,21.596,21.313,22.198,21.272,20.083,20.086,4.592,4.664,4.531,1488.0,50.0,961.5,84.07,8.95,Yes,Warning
7.59,6.792,7.44,7.396,8.607,66.24,69.51,68.24,64.04,66.77,22.588,23.279,20.845,21.163,22.435,21.127,4.834,4.455,4.692,1491.7,57.7,3794.9,89.51,3.07,No,Warning
4.616,4.939,5.646,5.404,6.193,67.73,68.79,71.99,68.39,66.22,20.985,21.31,20.905,21.005,20.207,21.535,4.364,4.642,4.696,1505.7,65.2,1575.1,84.03,0.79,No,Normal
5.187,4.878,5.322,4.801,5.789,68.89,65.91,70.59,71.66,65.62,24.069,24.008,23.999,23.656,24.134,24.184,4.696,4.523,4.502,1574.9,41.5,1961.6,79.58,0.75,Yes,Warning
6.85,5.949,5.949,7.143,6.097,65.86,70.48,71.54,71.53,69.31,21.661,21.273,20.813,20.72,20.533,22.319,4.579,4.725,4.985,1576.5,51.6,2746.2,99.78,1.99,Yes,Warning
7.925,8.486,7.933,7.603,6.723,58.87,56.99,60.63,59.0,56.81,21.724,22.81,21.267,21.87,21.587,22.491,4.674,4.564,4.38,1461.7,40.5,1744.0,,13.2,No,Warning
8.239,6.957,6.876,7.053,7.53,60.31,60.37,60.96,63.51,62.11,23.382,22.671,23.46,23.754,22.669,23.126,4.474,4.667,4.672,1356.7,44.4,5053.2,78.79,7.4,No,Warning
7.012,7.693,7.682,6.989,7.385,69.35,68.43,67.13,70.39,68.87,23.609,22.099,22.984,22.056,22.256,23.079,4.965,4.845,4.751,1533.2,58.8,5933.4,79.03,9.54,No,Failure
8.467,7.296,7.455,7.157,7.82,70.0,70.37,62.26,68.58,67.16,24.481,24.692,23.773,24.349,24.242,24.333,5.03,5.117,4.965,1388.0,50.0,1718.1,,6.0,No,Failure
7.068,8.05,6.774,7.057,7.942,57.11,61.71,57.67,59.78,59.95,21.859,21.022,21.235,20.405,21.413,20.098,4.082,4.41,4.631,1558.7,59.0,10453.4,97.29,13.26,No,Normal
7.071,7.564,7.397,7.248,7.687,63.04,63.98,68.27,68.04,65.84,22.889,22.316,22.01,22.185,21.672,22.766,4.375,4.974,4.442,1489.4,32.8,3968.1,77.85,7.04,No,Failure
7.526,7.038,5.429,6.642,6.216,67.52,62.08,66.06,65.37,64.74,24.04,24.201,24.144,23.389,24.147,23.5,4.735,4.371,4.733,1555.2,41.0,2058.4,69.39,5.45,Yes,Warning
5.174,6.713,6.547,6.62,6.533,60.71,58.85,66.58,65.61,65.46,21.602,23.039,22.629,23.073,23.064,22.678,4.495,4.294,4.58,1421.6,51.4,3656.8,90.89,11.75,No,Warning
4.452,4.622,5.031,5.289,4.819,60.33,62.53,63.31,62.38,64.68,20.57,20.44,21.125,20.592,20.427,20.668,4.488,4.132,4.235,1543.4,51.7,4606.4,110.21,7.42,No,Normal
8.005,8.819,7.538,8.145,8.028,61.89,54.95,59.58,61.69,60.32,24.756,,23.813,23.348,23.759,23.153,4.742,4.748,4.656,1445.4,44.9,4891.6,71.67,2.03,No,Failure
6.249,7.173,6.841,6.085,5.865,66.41,67.3,67.13,68.76,68.6,21.925,,21.315,21.666,21.095,22.304,4.828,4.284,4.832,1553.2,37.8,3158.7,89.15,2.09,No,Warning
6.388,5.821,4.861,4.89,5.344,64.51,58.19,64.27,61.77,61.21,22.835,23.361,23.054,23.814,22.919,23.462,4.139,4.038,3.934,1650.5,54.1,3672.5,71.31,2.34,No,Normal
5.787,5.892,4.992,5.896,5.007,62.08,58.79,65.05,60.18,63.58,23.44,23.428,22.437,23.114,21.711,23.381,4.184,3.862,3.951,1456.8,29.2,3727.6,75.87,11.55,No,Normal
7.853,8.11,7.617,7.487,7.417,70.17,,73.78,71.28,73.76,22.551,22.961,23.173,22.986,24.133,23.079,4.76,5.133,5.139,1397.7,64.3,5454.2,79.8,1.97,No,Failure
7.607,6.991,7.485,6.889,7.277,74.34,77.27,71.92,75.14,73.23,22.068,23.463,22.553,23.037,23.07,22.999,5.236,4.893,5.387,1477.7,40.2,1498.8,81.6,14.61,No,Failure
7.236,7.75,7.424,7.613,8.043,67.99,66.99,62.04,66.5,70.63,24.604,24.097,24.054,24.672,24.766,24.334,4.704,4.916,4.65,1324.4,55.9,2090.3,77.6,13.25,Yes,Failure
7.194,6.459,6.41,6.233,5.955,61.86,64.77,59.02,65.16,65.85,22.194,22.535,22.565,23.067,21.98,21.76,4.475,4.595,4.55,1505.2,38.3,8120.2,83.22,10.57,No,Warning
6.308,6.055,5.613,6.265,6.427,69.99,68.82,64.12,64.55,66.81,19.844,19.901,19.343,19.897,18.655,20.722,4.333,4.639,4.538,1443.8,29.5,5601.2,96.46,4.78,No,Warning
8.413,7.806,8.282,8.88,7.861,68.11,72.69,75.37,76.21,72.0,22.445,23.966,22.343,22.6,23.951,22.546,4.984,5.051,5.26,1482.9,49.9,3849.8,85.15,10.28,No,Failure
6.47,6.516,5.636,5.602,6.186,70.83,68.94,66.02,65.67,71.42,23.736,23.008,22.825,23.702,22.194,22.698,4.696,4.762,4.388,1523.6,33.6,857.0,82.83,3.89,Yes,Warning
6.611,7.432,8.021,7.145,7.76,63.04,68.72,68.43,68.67,66.05,22.665,22.401,22.201,22.765,21.478,23.058,4.466,4.75,4.714,1336.3,43.5,3380.1,85.73,2.86,Yes,Warning
7.273,6.387,7.589,7.506,7.05,72.46,72.11,72.33,67.91,70.78,22.845,22.747,23.064,21.775,21.939,21.932,4.699,4.846,5.027,1456.2,41.2,1197.0,82.09,1.91,Yes,Warning
7.287,6.897,7.481,6.668,7.307,63.37,66.42,66.52,68.61,68.7,21.261,20.893,21.326,20.958,20.768,21.144,4.334,4.919,4.542,1418.7,25.3,6718.1,97.58,13.66,No,Warning
7.003,6.436,6.014,6.78,6.422,72.3,,76.27,73.61,72.98,23.762,22.976,22.373,22.775,23.114,22.17,4.794,4.616,4.696,1488.5,42.4,2555.0,,9.78,No,Warning
7.392,6.949,5.337,5.898,7.583,66.2,66.51,65.81,65.38,76.62,21.288,20.886,20.965,19.987,21.002,20.029,4.722,4.751,4.512,1370.6,47.6,5201.7,109.06,9.99,No,Warning
4.757,4.534,4.682,5.488,5.574,65.96,62.35,66.9,65.45,66.06,23.495,23.056,23.721,24.089,24.803,25.209,4.295,4.318,4.189,1466.1,29.9,1231.4,72.11,14.34,No,Warning
5.082,5.703,6.019,5.77,5.805,74.24,74.02,72.43,71.21,74.19,23.385,22.54,22.978,22.346,22.703,22.545,4.673,4.607,4.369,1283.3,39.5,3179.9,83.47,2.65,No,Warning
7.418,7.503,7.444,8.497,6.044,75.23,75.48,74.74,76.64,77.16,21.982,21.164,20.996,21.639,22.411,21.512,4.978,5.218,5.295,1479.9,48.8,10926.7,74.21,4.78,No,Warning
8.136,8.296,8.035,8.159,8.942,66.64,60.96,65.61,61.8,64.82,21.37,21.222,21.902,21.267,21.735,21.649,4.831,4.735,4.542,1504.5,35.0,15430.1,86.06,9.78,No,Warning
5.967,6.779,6.001,6.387,6.083,60.64,63.28,60.37,55.34,59.96,21.693,22.956,22.447,22.937,23.369,21.968,4.046,4.239,4.488,1476.2,35.8,3450.4,95.33,6.99,No,Warning
4.595,5.631,5.03,4.48,5.663,65.73,62.06,63.79,61.41,67.29,23.421,22.622,23.504,23.26,22.504,23.316,4.163,4.232,4.133,1589.0,36.4,1716.1,80.09,10.67,Yes,Normal
6.675,6.66,6.733,6.798,6.948,61.01,60.4,66.35,63.58,61.94,22.069,21.073,20.751,22.876,20.942,22.247,4.628,4.332,4.381,1588.1,39.0,1633.7,87.02,4.92,No,Normal
5.641,5.384,6.475,5.537,5.736,63.69,66.28,67.69,66.38,66.61,21.551,20.863,21.041,21.344,21.64,20.927,4.441,4.418,4.543,1495.6,42.8,3748.8,91.12,11.65,Yes,Normal
5.354,5.151,4.55,5.781,6.066,64.4,69.89,68.87,68.36,71.56,20.555,21.601,20.537,20.533,21.796,20.424,4.344,4.438,4.332,1737.0,48.8,2509.4,100.48,8.89,No,Normal
6.408,4.799,6.167,4.461,5.403,62.17,65.75,62.58,64.62,65.83,23.461,22.88,23.927,24.352,23.924,24.125,4.343,4.569,4.258,1430.6,34.6,2654.2,71.56,7.27,Yes,Normal
8.163,7.835,9.251,7.232,7.824,73.41,74.22,71.02,71.9,71.05,23.491,22.76,23.744,23.529,23.988,23.474,4.893,5.005,4.996,1172.4,36.1,7265.2,67.86,4.85,No,Failure
5.658,6.077,7.178,5.705,5.697,60.89,62.9,65.78,60.38,62.29,23.053,23.563,23.988,23.081,23.263,23.503,4.418,4.217,4.288,1374.6,29.3,2085.2,68.13,6.49,Yes,Normal
5.727,5.713,4.927,5.054,6.221,61.05,55.42,58.57,60.53,62.69,22.325,21.409,22.945,21.624,22.327,23.259,3.62,4.123,3.901,1375.1,26.1,1423.6,82.95,3.69,No,Normal
6.009,6.141,5.666,6.227,5.83,72.89,78.17,70.55,75.93,75.47,21.265,20.869,21.072,21.387,21.397,21.879,4.72,4.332,4.947,1401.3,43.4,3270.7,81.55,3.62,No,Warning
5.473,5.491,6.873,6.36,6.069,66.93,68.37,67.81,64.51,62.17,22.856,21.637,22.573,22.305,22.607,22.017,4.579,4.603,4.638,1528.1,47.5,642.4,71.17,7.09,No,Warning
8.297,8.92,8.219,8.144,7.737,62.91,59.93,64.7,59.9,61.67,21.086,21.18,22.235,20.537,21.58,21.093,4.747,4.7,4.482,1455.4,,5104.3,83.1,9.92,Yes,Warning
6.173,5.114,5.993,5.917,5.831,61.61,63.39,62.95,62.01,61.74,21.127,23.213,22.561,22.696,22.08,21.458,4.503,4.435,4.645,1326.1,32.3,2211.6,98.66,7.31,No,Normal
7.69,6.843,6.987,6.472,6.895,73.25,75.2,73.2,70.98,72.08,23.145,23.985,23.582,23.616,24.911,24.444,4.79,5.029,5.175,1326.6,56.9,2164.2,70.42,11.27,No,Failure
4.639,4.354,4.724,5.305,5.553,68.7,74.03,75.43,74.46,72.26,20.546,21.331,18.686,19.247,20.08,19.669,4.516,4.655,4.708,1609.4,44.8,3903.1,100.08,9.78,No,Normal
6.691,5.427,6.166,5.785,5.765,68.77,66.87,71.51,68.19,67.65,23.156,23.577,22.793,22.713,23.105,22.504,4.643,4.476,4.327,1349.1,26.5,4148.6,85.6,14.1,Yes,Warning
7.224,6.724,7.469,7.191,6.112,71.27,71.97,69.75,68.71,69.03,23.679,23.858,23.589,23.454,23.932,23.537,4.757,4.362,4.509,1308.3,47.4,876.1,77.87,7.64,Yes,Warning
5.116,5.907,4.945,5.994,5.799,62.56,64.94,62.1,60.23,63.14,23.304,21.049,22.164,21.312,22.413,22.055,4.1,4.026,4.177,1606.4,26.9,5013.7,90.18,13.23,No,Normal
6.975,6.468,7.021,7.428,6.67,69.63,68.35,76.17,68.79,74.4,21.901,23.344,23.914,23.139,23.365,23.201,4.493,4.73,4.906,1391.3,51.0,2607.1,71.74,1.02,No,Warning
8.743,8.623,7.642,7.929,7.185,58.08,61.97,59.25,58.62,63.02,21.303,20.549,21.467,21.739,20.588,22.478,4.593,4.357,4.803,1436.7,42.6,6173.5,108.11,8.75,No,Warning
6.481,5.755,6.442,6.274,5.98,71.12,66.51,70.91,72.03,70.41,21.163,22.258,22.162,21.36,21.766,22.005,4.593,4.292,4.714,1504.0,51.4,1167.3,,0.63,No,Normal
8.055,7.891,7.343,7.534,7.449,60.36,66.63,62.57,62.52,60.25,19.797,19.733,21.589,19.824,20.888,20.121,4.64,4.883,4.827,1422.9,21.8,1613.7,,14.57,No,Warning
6.354,6.739,7.212,6.502,7.181,62.69,64.49,61.93,61.61,58.21,20.816,21.404,20.633,20.686,21.49,20.464,4.31,4.541,4.445,1489.8,29.4,5418.9,107.59,4.58,Yes,Normal
5.382,5.136,5.539,5.283,6.593,64.08,67.5,69.26,63.8,65.92,22.301,23.796,23.945,23.415,23.872,24.186,4.466,4.547,4.454,1506.0,51.6,1901.7,70.86,6.48,No,Warning
8.264,7.781,8.603,6.708,7.454,77.89,75.3,71.77,75.35,74.17,20.928,20.374,20.628,20.764,21.081,20.997,5.006,5.245,4.718,1320.1,41.1,4541.8,100.14,9.81,No,Warning
6.33,5.765,5.28,5.913,5.66,61.52,67.32,65.58,62.29,64.72,20.502,20.568,19.941,19.953,21.203,19.83,4.119,4.568,4.451,1607.3,,2671.7,80.82,12.69,No,Normal
7.153,7.874,7.655,6.983,7.612,69.36,65.46,71.89,68.94,66.52,22.366,23.951,24.366,22.826,-44.2987060302452,23.206,4.555,4.821,4.314,1667.6,54.7,6409.0,89.48,11.02,No,Warning
6.854,8.008,7.567,7.637,6.742,73.64,73.95,72.85,74.76,74.74,22.543,23.287,22.025,23.1,23.248,21.651,4.907,5.083,5.124,1662.4,41.4,1613.8,76.61,7.9,No,Failure
7.245,8.693,7.638,7.751,7.443,67.82,65.21,67.28,68.0,64.25,23.341,21.573,22.952,22.933,22.143,22.863,4.918,4.593,4.188,1359.1,51.8,1706.4,90.57,2.59,No,Failure
6.585,6.571,6.632,7.782,5.971,63.29,60.76,62.95,58.42,56.58,23.384,24.093,23.14,22.452,23.369,24.511,4.599,4.239,4.294,1610.0,56.5,1671.6,80.26,14.18,Yes,Warning
7.53,6.165,7.861,6.578,6.674,70.05,70.86,69.4,68.39,65.74,21.593,21.021,21.527,22.404,22.395,22.648,4.875,4.91,4.434,1535.5,,6056.3,95.94,11.45,Yes,Warning
5.787,5.64,6.116,5.527,6.391,60.03,61.93,60.9,60.52,63.64,21.584,22.015,21.392,21.904,21.361,21.07,4.164,4.125,4.281,1435.0,53.7,1655.3,79.54,3.4,Yes,Normal
6.707,6.07,5.626,5.941,5.566,72.29,69.5,68.73,69.08,70.75,22.075,21.464,22.611,22.366,21.311,21.019,4.748,4.685,4.557,1528.8,57.8,5219.0,88.38,10.61,No,Warning
7.324,6.291,7.207,6.764,6.996,60.04,64.08,62.23,63.56,63.21,20.434,19.528,19.835,20.927,20.337,18.964,4.364,4.167,4.926,1224.4,,1562.7,90.75,2.2,No,Normal
7.553,6.535,6.641,6.286,6.542,73.17,70.61,68.95,70.15,67.45,21.041,20.792,21.71,19.973,20.916,19.66,4.616,4.64,4.462,1489.3,54.6,2859.5,82.4,12.04,No,Normal
7.93,6.974,6.75,7.74,6.881,64.17,62.39,64.58,63.5,62.27,24.249,23.274,23.229,24.26,24.054,23.866,4.595,4.199,4.903,1361.2,49.4,3009.2,68.32,10.62,No,Failure
5.485,5.309,4.552,5.882,5.584,62.04,58.42,64.14,56.69,62.33,23.992,23.263,23.893,23.792,24.254,23.044,4.005,4.089,3.865,1576.1,53.2,665.5,69.03,5.83,No,Normal
6.792,6.998,7.399,7.079,6.828,66.99,62.24,68.09,67.47,66.37,21.713,20.908,22.544,22.555,20.7,22.711,4.686,4.624,4.43,1430.7,63.6,1484.2,88.9,11.93,No,Warning
6.308,5.76,7.217,6.482,6.131,72.66,72.1,73.0,74.51,74.09,22.323,20.944,22.323,22.095,21.344,23.045,4.477,4.936,4.735,1511.4,44.2,7566.8,92.12,4.57,No,Warning
7.756,7.088,47.39371232205699,6.515,6.841,64.14,68.81,69.27,70.36,65.38,21.196,21.002,20.745,20.44,22.231,21.707,4.889,4.715,4.37,1358.5,55.4,5043.6,80.97,3.53,Yes,Warning
5.389,5.049,5.098,5.602,5.404,65.32,63.95,62.1,65.12,59.32,21.513,21.533,20.496,20.849,22.005,21.119,4.039,4.11,4.214,1432.1,42.3,1352.6,96.11,1.26,No,Normal
7.304,7.505,7.796,8.173,8.798,70.04,65.07,71.03,69.69,66.3,20.195,20.499,19.924,20.902,20.807,20.09,5.23,4.838,5.084,1462.8,,3321.8,88.93,8.4,No,Warning
