alcohol,malic_acid,ash,alcalinity_of_ash,magnesium,total_phenols,flavanoids,nonflavanoid_phenols,proanthocyanins,color_intensity,hue,od280_od315,proline,oak_aged,variety
11.785198702557611,1.1698332986919255,2.306773087668475,24.208037624648014,89.59354706091861,2.2908489112649226,2.1080962620306005,0.24361583726268704,1.1007148588156381,3.7867473541616796,1.1699560521964385,2.721544421869723,624.7126790710249,No,Merlot
11.122724692854053,4.103022478233617,2.469871347625868,19.01842087860474,84.1852696749914,2.2016147473628624,1.7195797891522735,0.2951449828765492,1.4938336712671973,3.831401643718215,0.7505537346821971,1.7740959872640854,550.3724773742995,,Merlot
12.315376274267452,1.0791293408291853,1.3865864070294731,25.77038495684593,90.5900136675277,1.2800286557153935,1.1669264495662819,0.4203980836865025,0.9488331642028391,3.8280685254317253,1.199901961291749,2.2898180955611225,698.9517322933835,Yes,Merlot
12.724482405673081,0.8791054440168025,2.5249741097604637,17.036319704843923,101.33091019239913,3.0543046560934015,2.804750771789272,0.3220991395348518,1.7309756068805013,5.741020356731116,1.3695892198592778,3.2481867709682217,1331.2415654215877,Yes,Cabernet Sauvignon
12.141688597469072,1.73057766548179,1.5729261591506989,17.286192709823883,74.0387963467773,2.123238730784242,1.9280064972532098,0.31042963348069286,0.7696921036926484,2.921799057136977,1.2916089393312242,2.8593665371676504,705.9636139485201,Yes,Merlot
13.230418847021882,4.963731791330844,2.590871108260153,24.331674659249412,102.46799731021193,1.3663207081405144,1.6917953606151437,0.8131981910034078,,6.032491429605524,0.5848544556508246,1.3914222914706864,631.4715607060265,No,Pinot Noir
13.422336390590491,2.1203722327059418,2.5855496269604927,15.770860962586289,95.18242423475067,3.0590291085390255,2.630659387274588,0.34512378930698673,1.6422176940469133,6.67118793977901,1.0106881248991344,2.4499597443593384,976.7502886866896,Yes,Cabernet Sauvignon
12.63530715525321,2.9792534218094855,2.6034655516320417,19.737063500456024,,2.2225097619178023,2.0376252501085435,0.37600956978849875,1.941481865120513,2.561026491720906,1.4819970828166724,3.2722624058782195,319.73488229606824,No,Merlot
12.499489817369618,0.01,1.8274127368313757,21.02226265425099,126.5847960863511,2.8337680988073553,2.4167465590769672,0.3113873793923292,1.2136514725817318,2.628421040350818,1.0595317223626084,2.5835833903828185,391.20038370403705,No,Merlot
13.745244890813936,1.554369301828435,2.532365019375378,16.050783687143596,113.38350812775069,2.8407541309844047,2.5986751784309603,0.3752407631215795,1.8992326399963781,4.911445407167547,1.0298609058613297,2.5675092575035072,919.7741951594602,Yes,Cabernet Sauvignon
13.465298829898638,1.7947658893458667,3.149347809460858,18.821785585185864,111.58887015718972,2.915465783006725,2.538347956787692,0.3683578013398866,2.31842090041916,5.448780284527028,1.040064586199863,2.543707725058358,899.1608252144188,Yes,Cabernet Sauvignon
12.206914468667941,1.4197291757565853,1.877218660625024,17.69534994882277,106.5723179989012,2.403760411702663,2.1776348739617095,0.3650608438969381,1.7428236274698266,3.6728281233876547,0.9420808448317086,2.0805095524594353,298.2346107969428,No,Merlot
13.705713027780329,2.0080159041694583,2.2532743825645154,17.16978292292334,117.26963942969358,2.987401488885855,2.9275013773369865,0.21598292787357043,1.8600661678018198,2.8657795041733496,1.0075427574663394,2.7392382034360465,1348.5341294910265,Yes,Cabernet Sauvignon
13.127016155915209,4.1215994794884905,2.2792553230487673,19.566226829273894,98.88204836603568,1.8498781621409404,1.5951726178993242,0.45899875582953936,1.3153306493941987,9.907308210294167,0.6791869572368614,1.4474272769042287,673.9294356350601,Yes,Pinot Noir
13.278384864853564,1.1763696963994885,2.393716944305019,17.817108675970058,95.65416762948662,3.312291013903279,2.996305961523667,0.29749735210066297,,4.487428025770332,1.0650940961273554,2.60447827459245,1045.0339645624447,No,Cabernet Sauvignon
13.567995538220584,3.166706981486342,2.3021070512994144,24.764077388385715,100.86234131901253,1.2098099713403025,1.0434785808799896,0.6091421956115495,2.054545929916828,10.215455051414988,0.7873679950169354,1.5849548644713178,589.9703360940159,No,Pinot Noir
13.174876959723148,2.4522269644102384,1.7978946644706952,25.268493262500684,100.24050931797981,1.9430068288237932,1.8035731191967372,0.1590064422029573,1.7887570012186866,3.0737305703280318,1.2701825401575995,2.301500806694807,318.2896394137791,No,Merlot
13.735951914577669,3.3615672789366324,2.3268583655758297,22.025033858526218,104.70584324350918,1.8401335901483131,1.5321451020008585,0.4440290374036674,0.5000370733205726,6.03862424106801,0.7757068370309115,1.667597781557837,754.7620987156603,Yes,Pinot Noir
12.96459685274867,2.5535642851830564,2.381415807219062,15.440998276854469,103.39908938039035,2.8875368906504275,2.6513718476169292,0.367697875017399,2.3401482722788893,6.432169238638176,1.1619541504934197,2.7689525250884,1202.227099830402,No,Cabernet Sauvignon
11.953922964153566,2.7300231470547436,2.918518479693608,19.724892039570268,97.01529391222147,1.6046544998048629,1.6087592786962803,0.3024382827954889,1.8756433320052506,4.569753937985016,1.5414651442949587,3.02046583355707,583.9383220195139,Yes,Merlot
13.475364421555513,,2.2759773144802224,17.482763106240885,94.51108439907117,2.1046668940299162,1.7991674936467856,0.5398947806323897,1.7822986835281232,7.3407271700612995,0.6564731232439711,1.8007955722478894,683.7566496382565,No,Pinot Noir
13.71639104643813,1.8525169899457903,2.3056679139389873,16.523098849163627,111.22640874082809,2.54525167262201,2.3580644178038312,0.16002327186418835,1.7058415188343508,5.490064139284495,,2.353071277678428,883.3877261154342,Yes,Cabernet Sauvignon
13.359950273893428,4.041033631567609,2.194208566698421,19.522602434568835,92.08345890559559,1.8900313443419106,1.5765420117994013,0.43759255257914165,1.3885354002376524,10.574213198223134,0.7499765175830686,1.5974138885903937,790.603091118546,,Pinot Noir
13.562428874386658,1.6262698331385117,2.361561632371575,13.930000297943756,106.3236593314347,3.1496607383609354,2.9344704629896725,0.4837205124422582,,7.094174572950077,0.8248749344311355,1.925012508110299,862.1849560815001,No,Cabernet Sauvignon
12.4266989586106,0.23770344052843573,1.7762427261915792,23.18262477241141,92.74035297669465,1.787337562512349,1.4534259063896329,0.4710359476763491,1.89346860174583,3.192726205223953,,2.6080436065087365,390.0172089995307,Yes,Merlot
12.605065251898555,2.0830280722261394,2.715568206675359,21.89878798197595,124.43497938054917,2.98963953736786,2.9020190742343037,0.24795950586985177,2.6241147545003978,3.5550598569132106,1.250844731086679,2.997296716863897,390.7829146212327,,Merlot
13.715315746297208,3.274909195569176,2.4990868440493568,13.770294329420775,103.64187379324375,3.1507085547077525,2.7050763141397454,0.3436168816908363,1.4705537083449731,3.8138027671876475,0.9881924076769627,2.4768086479772755,1266.1298069095797,No,Cabernet Sauvignon
12.617704650509145,1.880788222836496,1.818674742829437,20.093108786621254,76.7482257352053,1.2490250999298897,1.3018316247692867,0.3868468989991445,2.0056731611800447,3.103285784449092,1.3199956705755143,2.4620863662153343,367.55035460994543,Yes,Merlot
13.34863696645812,4.567521740924902,2.6370192479476806,19.821631973555263,114.04062276220927,1.4320030496039557,1.1706192734062326,0.39972332202987243,0.656261771801016,10.02407257233981,0.8562430737502571,1.767983913420977,484.2888996169676,No,Pinot Noir
12.501157695678309,0.9968685314463245,2.7153668763661756,26.378374429600296,121.8558044700689,2.0116659795020078,1.7816976983619242,0.42898703014967166,0.9962550101972635,2.8595010415176056,1.2308064122470377,2.7257921569210373,399.8082081688673,No,Merlot
13.025940767498827,3.7485679065536957,2.425490745107974,22.071874299026142,96.73580837023742,1.739542566005286,1.6087126673947842,0.48977185248438593,1.8007203530025402,9.504662734586605,,1.5837109152649527,586.6669062069747,No,Pinot Noir
12.23783358957555,2.8440133436544244,2.564906183802193,22.84447887997331,108.74350693075833,2.3404376122708683,2.152626332563563,0.18031839015356785,1.1964123092863044,2.7546353887952635,0.860645849638969,2.3154116170430132,411.957840954462,Yes,Merlot
13.27578556325461,2.7312172947517097,2.1249701738013127,17.84938070297352,107.33722266393329,1.3091792250747225,1.14355030792955,0.5048926819347686,1.2242614141781079,7.874274091658608,0.597372854442884,1.1775060107608206,551.2648340060348,No,Pinot Noir
14.746584154465296,1.227381511552595,2.5567354447600623,20.15234330890746,102.69158956668592,2.4485207739544963,2.325743817885116,0.1440480192324085,2.3225542344123533,5.665868110569163,0.9145484964509798,2.155547922902542,1426.501140406999,Yes,Cabernet Sauvignon
12.685801775146553,2.604673177766334,2.4344796191171643,21.296830765724778,,1.762602844947061,1.6108265347301998,0.53462163911641,1.6654763469575664,2.356631202230357,,1.5272144046053204,634.2423595246279,No,Pinot Noir
13.577361077028945,1.7826612166628393,2.2200903838910135,12.321954709847532,118.31450748883208,2.9240181113699264,3.033527391262771,0.2777522374300075,2.0429459888622694,4.800407339603119,0.9102881379301784,2.544418506683376,1240.861059191666,Yes,Cabernet Sauvignon
13.095433080407892,3.810271629672633,2.4474694723375228,24.637246260081152,70.09321530999733,1.7874685174659786,1.7379242606822023,0.29635043844636433,,8.643176935912463,0.8921919203121622,2.283682296170995,630.4804475238088,Yes,Pinot Noir
12.481943501910788,2.8580234147372607,1.9110370246731176,16.126142476684382,96.83303119244962,1.5567464412459824,1.3829964865713096,0.43001617519581764,1.2917119099564163,1.7467311072894736,1.0361137864203651,2.1336255562897626,674.8757039553183,Yes,Merlot
13.259961318956243,5.96303236722472,2.0665553093189835,22.414474064393673,90.71840957441613,1.764722078482908,1.7191231022774978,0.3787253822702535,,6.142415582365997,,1.9265435637665327,520.8039030520727,Yes,Pinot Noir
12.21082428274455,2.530932424184896,1.6187794814088512,21.72312792927222,84.96420698505635,3.0505202584377398,2.956994298585277,0.06945865711329724,2.3344752615011046,1.7566735630377355,0.9449563459158431,2.401429515965048,551.7216043126137,Yes,Merlot
11.852858489058974,1.9524379485263386,1.8395901972727404,19.746735143165573,138.8887455325933,2.842570853700368,2.2957278367736356,0.43785063574606375,1.698134806837161,1.2972664499452986,0.6465972342396626,1.9974071754450522,530.7767933083192,,Merlot
12.273520668168487,1.716157460973431,2.1781885833796393,21.571697700779286,102.24486743472181,2.288277814522673,2.1901276353538837,0.1120626233974622,,4.239971986062924,0.8308450328200969,2.053102000527882,640.9617508679428,Yes,Merlot
12.233085071122483,2.921079203827497,2.100225420765495,27.558323880143405,96.56081112271906,1.6977308123914585,1.6346424000617592,0.388759043587075,,3.8705022138557945,1.0873149034982827,2.587575542571886,720.1853103006949,Yes,Merlot
12.457483643575895,2.8327368183030814,2.55950972947936,18.403738085499928,132.57154895394353,3.252382640624848,3.010178647563203,0.32939812168081667,,3.127688621076073,0.9908096739666912,2.8679758568907534,360.5426429078478,No,Merlot
13.608929998086591,3.3585259756937873,2.1012080194902256,21.9708291672964,83.91732279212567,1.2592612344072247,1.1389647443265198,0.4827567892949109,1.1838200865657793,7.082345420444773,0.568607152568266,1.2245828563418035,550.7643823910967,Yes,Pinot Noir
13.144911310220508,1.2246622225061687,2.5842033284092363,15.683978269376125,104.82396782476955,2.7655010874620416,2.5223139034650197,0.2904113007225687,0.6675527073876275,3.980306952092564,,2.574992707839635,385.98693765187625,Yes,Merlot
13.765137260736442,1.6228600776675797,2.7659863864439242,13.060951682073462,116.87385049136608,2.6873562762644654,2.4996539462308225,0.2211828650639207,1.3150170460583388,3.9378643151037878,1.0973605943384686,2.7609431227824244,947.8290564241187,Yes,Cabernet Sauvignon
13.015920400377167,2.3838995445808595,2.5342348620047113,16.690476764175852,117.27413862437939,2.6423163201696136,2.4062302082255185,0.3363363312601362,2.2144797074611655,6.238702345433546,1.1465168426465013,2.5190079362283613,1378.2581311771423,No,Cabernet Sauvignon
13.691599421247854,2.1933919255299874,2.168434989319196,19.547609233104406,82.51836965775459,2.69495395219542,2.348394373291936,0.35797044351714313,1.8920393316373658,6.566779816485578,1.2664850122864808,2.9446369931554366,1093.2501144882972,Yes,Cabernet Sauvignon
14.11906328394719,1.5181394024384685,2.2602900489153805,21.050175772840127,86.64202721534988,3.1788631118844735,2.8269795194387055,0.2457539924033762,1.7969915204360833,5.712543796006036,1.105072634158562,2.7434752724794915,1218.3400147417105,No,Cabernet Sauvignon
11.669438134326434,2.411480178069291,2.129140399300768,21.288679509260067,103.27904280682488,1.86770641355441,1.7471987985583568,0.1828587872025758,1.7555019237700493,2.768819605947851,0.8457429646553738,1.8202712398241494,235.3274541617866,Yes,Merlot
13.20263446243982,2.3403204247620977,2.2352506501510803,18.870319438214196,102.7877749771573,1.738705208700592,1.632302635079648,0.6565492604999452,1.0675203911369575,8.38061690047437,0.7009027425949766,1.6278048995735281,691.0474849691341,,Pinot Noir
13.318471395152615,1.3916669264946524,2.666949989731369,22.57318402638993,102.39964026719474,3.0087394593720065,2.6561098243134533,0.14305555602071288,1.1932152407479781,5.3059347963505035,,2.2003628970928246,540.3169243697465,No,Cabernet Sauvignon
13.056317323339142,3.4134056357607845,2.505342436873124,20.2404853300142,101.88843448983891,1.1653213341220074,1.109186340125745,0.5417474006435024,1.4171823621179658,11.328315344844698,0.5002439127741451,1.2240493092721438,473.63347715006466,Yes,Pinot Noir
14.075225597903227,0.8784183212587524,2.612803131986954,11.996135638903302,103.42461908988795,3.0489691914392236,2.5499900517655485,0.36734583422704076,1.7610468665605872,4.432235212781908,1.1770743404871902,2.8235871729169335,1066.4556638869178,,Cabernet Sauvignon
12.49374792390723,1.5316747240508355,2.161860185887466,25.202882911013432,115.5657199731474,2.778954945374749,2.742400907327065,0.22783029465830595,0.8928417699993644,4.138568797412393,1.0806548724418288,2.8295568442501566,655.4840920205706,No,Merlot
12.836339788403825,2.4659096654194004,2.4397508005253457,13.101541911735978,,3.056472938626731,2.8864476329827955,0.28685033546498956,2.2079583925099056,5.786979141560153,1.0476619709878359,2.568465527603635,785.7346951209663,,Cabernet Sauvignon
13.85218336451513,2.7896132001445118,2.585101818964777,18.40828268379106,94.06928315320138,2.584022109085507,2.4346050011421188,0.24218357388903775,2.1750768740471127,5.889861662589501,1.1435323729713818,2.692351983466553,1874.89020849372,Yes,Cabernet Sauvignon
13.413795181931032,5.107099434633316,2.2538401523204046,21.507454263003666,103.31202051021975,1.7343018448792507,1.428652041260234,0.35917053308346086,0.46010300282671035,9.229904524262489,0.7261531863541105,1.9907006879311024,819.0156003770898,,Pinot Noir
13.20657146078588,0.6442133715658704,2.0858790244992598,18.155531222526562,124.76700933940404,2.495061145572805,2.3634895266131144,0.30018603637349167,,6.1647442071943885,0.8474152076965329,2.1771213319148166,995.8479336845373,Yes,Cabernet Sauvignon
13.091719925309436,1.1488763531271085,2.719784450242769,16.593002508418483,98.38872934207929,2.5054984564153484,2.476891582759536,0.24247144799536124,,4.770102463361059,1.0053602826926924,2.4619450443581234,980.9973083588694,Yes,Cabernet Sauvignon
12.821135804321683,2.1882394133750207,2.358815925516111,16.206403612905795,99.06909238718764,3.742315085402198,3.1870189561032785,0.27503421967050307,2.3084889156876534,4.83139536753628,1.0127580089516048,2.7337193482819284,1108.1019658511696,Yes,Cabernet Sauvignon
12.045939503792157,2.4800626798139764,2.305810854683522,20.34581985536663,115.84193107827292,2.1559486819131126,1.9211406521011754,0.15995125049720038,1.5492709850598154,4.336143972728935,0.7866218581299304,1.8088204780640886,476.90772019517044,No,Merlot
14.075434494365629,,2.463621626409591,18.14926488753747,89.5288951289601,2.5879656312393786,2.524378244945307,0.30432946802143707,2.003715056613963,4.386011043053167,1.1294985169133123,2.648975046746992,1193.4767805879096,Yes,Cabernet Sauvignon
13.14378506040321,4.213289782850139,2.0739694997500235,16.887824968010744,72.52520836603586,1.8940043616064368,1.6897772228603856,0.29701457902295514,0.7544000527208107,4.483962566168559,,2.0754005428095423,619.0019920046524,Yes,Merlot
12.858565114192096,1.867528961344516,2.3441269527496096,13.693647166770802,119.08584205816408,2.9042258175960325,2.677492025718446,0.3935623500696535,1.97028018246594,4.280780164710134,1.005116869504186,2.379411457807271,847.7729679921165,Yes,Cabernet Sauvignon
13.293529452344837,2.98267497444659,2.3131143620351624,17.15117112029342,119.10528604320555,2.394880747054966,2.0353096881664885,0.2970655754214608,1.5577894188365695,6.328109698210475,1.2119406917114819,2.7602621070686357,1387.151119205343,Yes,Cabernet Sauvignon
13.777714663834232,2.430679736877993,1.970353785812316,17.63976712526056,118.20086792641345,3.778174251918779,3.552284976507211,0.268167608142122,2.220287648667862,6.081572213574042,0.9266009321053151,2.6579683921979362,933.696570161919,No,Cabernet Sauvignon
13.776281256051234,2.190658828691968,2.4051049114234533,14.677527082173551,84.28782743155139,2.542745748979106,2.2042866564171937,0.33479553160605535,2.201944756989617,5.458384899977692,1.1335017627913395,2.5549246856879484,1128.5542761616848,No,Cabernet Sauvignon
13.31129470233245,2.8115323346758356,2.4887536200761162,22.42000694904256,89.41405085377698,1.5781557635101056,1.4005977381701917,0.3399351795627597,1.55644783161567,2.531187329917142,1.341606145981123,2.5509041655321836,431.5474525743176,No,Merlot
13.435253645468098,2.6548829878256046,2.0191098831126535,15.428788174658026,117.92966677022963,2.9025682686637815,2.751558518237367,0.2088112499963124,2.953896301766,4.568230710221964,0.9130707439764975,2.622095172145955,1061.2960819251377,Yes,Cabernet Sauvignon
13.76297564556689,3.330669145650015,2.891272447792237,21.233950265827573,83.92874743230179,2.1335875326600005,1.6300361635949325,0.42032297932709345,1.176622796174488,6.833170198188365,0.5741002546866677,1.572786797665441,548.2894748058436,No,Pinot Noir
13.178883233340413,2.0820863625025194,2.5580430731129358,22.794868105362212,74.63320693818068,1.1132357721168171,1.0545853895840454,0.24569861182877922,1.2905520492254974,3.5582354772858613,0.6846168047758532,1.5245509340026397,617.8757464127888,Yes,Merlot
12.760665098938844,0.01,2.439855496284276,22.49681579593906,94.8200266418778,2.7838316387121056,2.640688329562628,0.359498544790481,1.8885555206367468,2.999880483063414,1.0699737688002948,2.626093288342839,356.08319003570045,No,Merlot
13.650961090825831,3.7489430912732806,2.965628556039602,22.38237810875068,107.77805274198214,1.6714473177967875,1.3636429993713124,0.4231754110134627,0.7491184941690561,10.98461382393084,0.79292614624525,1.606023324309698,685.5622639432705,Yes,Pinot Noir
13.064836860764702,2.8483840947821575,2.0904768564086202,20.892853662447877,113.3814219586877,1.3745348895435616,1.001365494921856,0.3956757024840972,1.1708373804940497,7.693147661129867,0.6264585233667588,1.5154655540585065,661.7406661249894,No,Pinot Noir
12.633976859634345,2.935049035424163,2.4175626522180034,11.964743512836776,104.87071699855304,3.4824268093226856,2.9346138194193045,0.3984923396290388,2.2497110715676256,4.645535000580444,0.9218339727845158,2.230160938266686,930.6788830689171,Yes,Cabernet Sauvignon
13.320885385431998,4.040491039371993,2.492895708515836,23.55416573736751,86.95509504064565,1.559634793227264,1.467023166654505,0.4055220095419524,2.0544694114432485,13.44724537114982,0.586900854868172,1.128612214106166,714.6403357072014,No,Pinot Noir
12.281273457508352,,1.9655103993626089,17.194006193140144,111.45553792300825,2.826062763251037,2.5396649405976985,0.40525589811732327,1.7200303174383613,2.3840260752744244,,2.8149907248742405,543.6110315722697,No,Merlot
13.173550744648026,1.6646277803616139,2.436744593791717,17.725100991208837,113.41173833034534,2.7528652512360074,2.4172531662593655,0.3596045327687023,1.2600202663662619,5.221159312747875,1.2125692002899722,2.799125947272828,1285.6655060989801,Yes,Cabernet Sauvignon
14.447470655617197,1.251173312097217,2.5037029655752376,14.683667222107124,117.3165901172006,2.45311012665266,2.297560758328434,0.348416788315834,1.9647677469140272,4.712216671817531,1.0354895606667067,2.3105188606593945,1117.273823900118,Yes,Cabernet Sauvignon
13.048910246568841,1.4441045969822035,2.05760555146288,18.725261061910032,117.86766942932712,2.466899054392376,2.3387272427173995,0.3154106473400161,1.9475186159611606,5.051783203382984,1.101278322598341,2.598315370859404,537.4677294987035,Yes,Cabernet Sauvignon
13.070535602002543,5.163210940384256,2.647648635989772,21.774812879047467,91.42219750510088,1.367348715387111,1.3271049248081457,0.49428638112078727,1.2176941263965375,5.008358569112828,0.7064413969108796,1.7467009316140636,662.387236964991,Yes,Pinot Noir
12.025920437578149,1.6284873014822385,1.7288231612267002,20.415057919001963,120.74898681600891,2.6666806424739984,2.375888957831079,0.49081992404287944,1.2356997483135934,3.9114153816797184,0.944724950489912,2.3889498672563527,724.5884134532754,No,Merlot
12.663893075155094,2.0316133512689567,2.2864533697270444,20.734902968244175,90.75193209603259,2.153820680065528,1.9913273991960239,0.42592055021357983,0.8750320332004838,3.294252153153772,0.9836397671245645,2.0499476247428587,224.01645981673596,No,Merlot
12.45879744541584,2.6891478064576475,2.5486974061323577,23.80329123801411,83.97467172291465,1.908192655439591,1.992496433618179,0.43190089881359867,,2.8839820446906623,0.9446234067047398,2.2128050117527245,489.77385222970037,No,Merlot
13.015172981712546,2.710830193214995,2.425183704640059,19.875811709815302,104.74841045878176,1.819391088994533,1.5401636407614983,0.4456872477646442,1.124674491958964,8.26584686618343,0.7219565648746255,1.6144968007730531,580.6720374832028,Yes,Pinot Noir
12.297585813861696,1.5974878576362908,2.3804212874757433,20.589432185326107,73.89060371903672,2.315128937439564,2.0983975709635287,0.4752085156705921,1.0902153789184692,3.5835116962100955,,1.95794759035968,592.9241556229232,No,Merlot
13.83185860217826,0.8690391624755254,2.3317142330813354,19.06106765596245,,2.8098042760624,2.5828545483955976,0.3040941397250445,2.5400189125278434,6.202297037630627,1.0403570835316762,2.703925538159439,934.9805914379392,No,Cabernet Sauvignon
12.282986998658464,4.1755208276880555,1.9922073917157817,21.141179557007,73.39045719342676,2.0714891517964444,1.939968863181141,0.5387565708948748,2.215412010540079,2.749863226025367,1.238726708921888,2.4245633326603824,494.00619116962423,Yes,Merlot
14.368699053721372,2.568820901427551,2.3592858881149597,15.732236798929396,103.91488937306794,2.8854862794176994,2.571053249602671,0.13652195564348135,1.6851224823946327,7.473162052280428,1.2070017403664508,2.635174066029115,1327.8610915180498,Yes,Cabernet Sauvignon
12.916945027560281,3.0625322213992874,2.684192487215141,21.87183743048936,82.72041983965408,1.6687306540090874,1.4595564729860946,0.4735071401961103,1.0278986169730575,6.854840552035772,0.7134173254413863,1.8514802184213177,554.4781792456929,No,Pinot Noir
13.907204716637997,1.3208953362440112,2.5357321751704007,19.98404642964094,132.25646979531314,3.1544711085199917,2.7732590799577705,0.15971644208461103,1.79615438746169,4.315533814555736,1.138949816962507,2.911887452902883,1140.3397942936137,Yes,Cabernet Sauvignon
12.21981168202737,3.44628999661584,2.3301854798139567,17.82747479483044,87.27015164763213,2.3716126391478527,2.279523248830811,0.19630153694835714,1.5249231830531573,1.891525204095767,0.88583454712775,2.1304714425633997,859.7094904401426,No,Merlot
13.246574772233412,1.9344993980613734,2.6137952256254704,25.79917470639312,97.29440286175222,1.5279938578028938,1.4248140239534546,0.3623546530560714,1.032837445713808,7.560430253714019,0.7033328912376967,1.7678066464806255,780.5876109565455,No,Pinot Noir
11.302046206940105,0.42333885074185806,2.217509784955408,21.910010113188854,86.94444309551733,2.0888040053134898,1.8006687928434864,0.43144642247745624,1.4848205545225073,3.8506999816780776,0.8006983338722009,1.853483952702627,381.71473977481304,No,Merlot
12.221813591993884,4.038649481350273,2.4589776283146985,21.543258279528406,111.0350522320627,1.9062840110508215,1.8243599196846705,0.4792383270016996,0.878994104091828,5.744321931024383,0.653766750966973,1.5103180034511379,524.8252861356998,No,Pinot Noir
13.79820046455357,2.3827664382433924,2.2890911045261384,20.677898325376614,101.59546376801974,1.6873874286097796,1.4479533568060603,0.38148343257751954,0.8560525972693935,8.653680905307235,0.881291643182349,1.950933294538696,0.1,No,Pinot Noir
12.147946657336597,4.178503187153503,2.520626710751424,23.512035079202345,95.30879079303163,2.204148147630497,1.8003027681584,0.5450895386654238,0.954327867262428,10.159395986978279,,1.910813500046596,758.3367561303593,Yes,Pinot Noir
11.772578832840715,1.8393916124717622,1.9825606977464285,15.590319399366805,112.03590417489292,0.6311541268790855,0.7790516119142757,0.3167606895088816,2.483003980402527,3.9162290816739556,,1.5356657502307551,536.0657273023659,Yes,Merlot
11.700245586221122,0.6452957406219268,2.5106161179050632,14.456945434396406,60.107550698438,1.650878267440496,1.637047038068527,0.33312214035050747,1.0061465285555071,3.246095785732398,,2.120773074483018,513.7384918663307,Yes,Merlot
13.151105559476962,2.2431814755266934,2.2383283191160075,17.661880951294453,95.0310283138888,1.7961488043729683,1.9617669132333273,0.7107247948343904,0.7861748495009127,8.394820264468514,0.7097070192740886,1.9347004409750128,692.0722339554867,Yes,Pinot Noir
14.012795196983667,2.2331492608327785,2.8542250686072546,14.011602564254744,123.35545025425074,3.369777333110881,3.372199728406655,0.3746485197897764,2.883297442294624,4.511043134392628,1.034540852254233,2.7647563213908892,828.5989945113586,No,Cabernet Sauvignon
12.200165100413573,0.9015210726046827,2.039838511393357,21.464457774765435,98.0564423722729,3.000230142812474,2.8919647722967876,0.32487944479777725,1.5337275932153718,3.37578141192584,1.349262979586784,3.300879519882647,710.51971939161,No,Merlot
13.818867801166139,2.256571985066061,2.2282635510828204,20.79198164284812,96.8615313023413,3.436470337285049,2.878258102805786,0.3394178822689171,2.1306833446173608,4.409202766583539,1.0394566051715213,2.603602063003527,1647.9385382383691,No,Cabernet Sauvignon
12.803195238809876,1.393868455369128,2.788601702514113,18.97442408408149,118.00285092093984,1.6998844890165634,1.8464898051945435,0.2923702515475289,1.8742389485061177,3.1157636897517924,,2.5759448948885564,338.45398266681605,Yes,Merlot
13.087197118116375,3.424551311911747,2.8124266794727326,18.009885051839028,,2.7636845726480876,2.278973980539795,0.23206910314857368,1.5017239092632773,4.26978496666699,1.1092956359089376,2.236408271493537,1489.1744068542298,No,Cabernet Sauvignon
13.110848188442567,1.8592267418368187,2.765766034461997,17.893298556776568,96.09238597916055,2.3597645389337467,2.08094470124292,0.36268029502886734,2.8198656278459353,5.698734580279182,1.0078511479297003,2.176053797283961,953.613204429771,Yes,Cabernet Sauvignon
13.201376586199258,1.2006432417003172,2.543492497435953,18.426342590346213,86.45314696741318,2.8197917935919916,2.551098695699018,0.24106847028272513,2.032616678053477,6.778822209664058,1.0533898527469356,2.588882742242928,1508.9976856712412,Yes,Cabernet Sauvignon
14.264486146360445,,2.4230093797510723,12.999485377391306,99.08791781068574,3.3793956045460547,3.35741377553816,0.31564330535550306,2.281739331636679,4.471388315467085,0.9669287650204936,2.8524862467558982,1176.9978807103814,No,Cabernet Sauvignon
13.91871180951657,3.6372352914310246,2.2224741821295693,23.466969479706755,103.57335626079086,1.8824953905744632,1.9512516053519184,0.389367913954612,1.371557023503585,3.9950359086809355,0.7406291819753541,1.9712525150755993,665.711182846528,No,Pinot Noir
12.805481938171026,,2.3125611278566933,21.176565131492612,118.3355752108814,1.0882856589233978,0.8307761881192867,0.2650346877043481,1.4493469534349868,6.2741628541088525,,1.1951656946479254,571.3066192764495,No,Pinot Noir
13.010478729036922,2.716061031775033,2.524787645171372,20.76106619638796,87.1608451592651,1.659160542784423,1.612732084116029,0.5691499992242313,1.1463496026109483,6.3506989401396154,0.687177184077784,1.3886474543496479,458.1203335742643,Yes,Pinot Noir
12.631299075212626,2.677639263466807,2.472868131850484,19.20895068856846,79.0293388835805,2.4928388880611836,2.363046205203141,0.4898636796719166,,3.288121644195501,0.8292846736636077,2.3144326912384408,483.3731779339349,No,Merlot
13.186379720214891,2.3566758276730813,2.250459342041133,20.289716452346656,,1.9511662573882973,1.6851508920390557,0.45955034937992767,1.15753455141868,13.996794462415433,,1.7644482130731558,688.0415216080676,Yes,Pinot Noir
13.464237596275025,0.8060434487891381,2.2609746759133746,14.721390942156773,84.869924815153,2.8557204276199317,2.724192407065732,0.2240923678439139,1.9908651193549862,5.840687201410568,,2.738839737904824,1110.6532708361126,No,Cabernet Sauvignon
12.87787551874921,3.4921749931931076,2.4150270448051323,20.06937704059092,77.85029916265293,2.023021356428827,1.8794160227843595,0.17767207769300972,1.2198207490329127,3.867449208744432,,1.9542346532978496,474.0921184287732,Yes,Merlot
13.541878703828209,2.3669314899689398,2.3276377690531924,16.039385217798575,104.12572734308277,2.8986163690605355,2.600559875626859,0.4494201313989269,1.79144940282731,6.127412512898837,1.1177605571369857,2.725446604644355,1150.0011732815813,Yes,Cabernet Sauvignon
13.10676993635239,3.1580756673248076,2.1893688234884365,24.40243425262681,94.56428185692539,1.941745818216526,1.8309584668041214,0.6355976619980732,1.2380473384709467,11.664787435363134,0.9251305450776466,2.198392742421698,612.7564450693627,Yes,Pinot Noir
13.688298576931544,2.95072250674679,2.198029428166687,23.40867121923827,89.14698855502334,1.4364628083181037,1.2748558510482821,0.428534230827993,0.3680125822968786,9.81145007779813,0.8205241489462232,1.5765078971717916,783.3938475095314,No,Pinot Noir
11.859186158761851,2.6016589186623094,2.185269721082326,20.469049921463913,89.22837975397968,1.6851500066317608,1.4667575844067056,0.42303851616636623,0.9702551040790264,1.1142010092890289,1.2380089006020283,2.336596446094864,490.68155635305584,No,Merlot
12.976971072805773,2.317775905516087,2.463860521033634,17.754926856298177,105.81258321728791,2.846635281843735,2.84954455345985,0.3116159493793716,1.8344943583511193,5.339167335028761,1.0987123847900524,2.7780079551372285,824.5069076942298,Yes,Cabernet Sauvignon
13.372606152285304,2.2695265563592706,2.451323669695936,14.049998053831853,100.11707527959587,2.7370895460584244,2.4821886539317766,0.25254389926363013,1.5339097115386704,5.549447280137944,1.0545450661329867,2.532628609565615,770.9848739205072,No,Cabernet Sauvignon
14.500889445660457,0.6064316034132016,2.4272475750135807,21.349120104827527,106.0911010095372,3.042010644971336,3.100612294351204,0.2449054224729486,2.0861987096665118,3.7516174950624785,,2.7921841635805276,1163.7025558747703,Yes,Cabernet Sauvignon
12.303692487065163,1.1734805750865251,2.845033656352386,15.033760149354153,105.0250057452338,2.0019331685223456,1.8550671740537072,0.4311863256844932,2.809243818269664,4.302527567647902,0.9614862996076485,2.256676643395357,464.23326695900073,No,Merlot
13.969057718501963,1.6355881110012123,2.6930294273885567,16.05946974054134,90.9483227269377,2.870690440068116,2.652912199207951,0.2814541278420026,1.3711216135650204,4.723048685824577,1.0310050834825932,2.4506237781380875,1446.9183171309674,No,Cabernet Sauvignon
13.26201850252199,2.7898391126960256,2.5355024262630725,23.33525767890904,98.29972157318845,1.7310995654974537,1.943652694230177,0.5898243790153079,1.510792518070366,6.214756574362959,0.6377354864948324,1.7563254117787614,607.6228451986952,No,Pinot Noir
13.581574867745157,2.585065527420036,2.1469905557855196,17.592371528864874,107.87194637511125,2.9070923560852346,2.55242198940701,0.28487471732113245,,5.567446783706982,0.974003074729334,2.416551093471049,1236.4300771872317,,Cabernet Sauvignon
11.546259400110614,3.6029519473596454,2.185087808519978,17.872869010533222,123.56828735076552,2.2948667061691905,1.8724069220505837,0.2923467625205435,2.329002411449166,3.5051751401925513,1.3067580815627138,2.8099087423173525,586.8985601585413,Yes,Merlot
13.92303610074104,2.3895734099258843,2.548631294514095,19.01142575396209,88.70218924997315,2.3857183253513856,1.9882383417890734,0.26177861261489654,2.29226931773097,5.426181184474435,1.2082055565774916,2.5852462522772006,1163.2685873458593,Yes,Cabernet Sauvignon
12.6918798836989,0.7485489208706533,2.310220786758378,20.45621390253966,97.08198521591795,1.535128657768251,1.6402359452038138,0.34895594491264204,1.8098396899683011,11.455783611031329,1.272364870403546,2.760415746777677,343.1307846077307,No,Merlot
14.561832860391648,0.9863109184094667,2.070838050370808,12.30502808508523,99.60943792615369,2.914384311137153,2.401385753091807,0.2577281603593413,1.8379478841870398,4.961346855663538,1.1309623956427235,2.7799844566641303,1177.3571158638201,Yes,Cabernet Sauvignon
12.645932011168533,1.767955032884272,2.247704770074852,16.391308512563135,87.42655293846902,2.042601614512512,1.7270636904686656,0.26040326676242703,1.9398447296029635,4.496670471948192,,2.3544910230593223,339.59477180139766,No,Merlot
13.096240295799003,2.204518881538053,2.361949802643897,21.203280075519434,103.13874212335965,1.3943971322889697,1.4301197246189545,0.5210228783675945,0.01,6.247000044794338,0.5852238766702207,1.3195600679854367,436.57502670722397,No,Pinot Noir
14.158846685812723,2.6359540089721456,2.3335730874143037,20.534073499933147,92.3786322759143,1.4412558055543994,1.4765435571904328,0.41781376955486554,1.3041861378955046,6.216768438578878,0.7886683269043291,2.0230658439839733,798.4543730485319,No,Pinot Noir
12.385556949265636,2.707474976229755,2.2146547068838367,17.013992962890846,90.04119544272697,0.7648084604092442,0.6494251364521074,0.31984165707820733,0.7827626940493269,3.1962612497689724,1.0010728325612577,1.8519911159451876,454.22287546400446,No,Merlot
13.217441618883813,0.8194722941361288,2.3800605593017385,17.13370406705475,89.49263656939978,2.372488489783045,1.815739519417368,0.29490792111132513,1.283706201494367,4.811596370969897,1.1309518358246566,2.033189689368923,1403.0956400331681,Yes,Cabernet Sauvignon
13.107528116791487,1.4494039574270818,2.0362243458457074,14.586622012978092,102.9133950847813,2.489344570437413,2.245219998167019,0.28091846577680474,2.2372697240090673,4.9980779315634285,0.9128701937377817,2.269638146017483,932.6474641839402,Yes,Cabernet Sauvignon
12.302478348504536,1.4339799975718264,2.0872260411495334,23.678337267340112,112.27912005993187,2.1959627020345915,1.7494323529582398,0.1362752162693537,1.9263443215548477,3.3637469823406603,,2.437404988721626,802.1446844890615,No,Merlot
13.419141671122798,4.520813838464035,2.625378537641419,18.273663943266172,93.01157428186319,1.4378396231452522,1.5768654984599277,0.40783403290614856,0.5060595266672243,11.332720623339295,,2.0593372208712832,590.2849000963785,Yes,Pinot Noir
13.993038814194524,4.768920967470138,2.452685183079848,21.758397660172477,103.3407558558805,1.5346644358294244,1.2282180648670844,0.31988952988954883,1.0167974437232972,4.494191354485938,0.690796594001147,1.5666122381089393,798.1557239974081,No,Pinot Noir
13.206600702965767,5.125137255883175,2.1858246640226686,19.655964273277085,94.6600063332647,1.9471488912664645,1.8744980027116651,0.3945744879435695,0.6504725097272738,4.09006813437348,,2.271164334727277,691.882781544084,No,Pinot Noir
11.928765219788211,1.8461310420737336,2.0325062000101104,16.755078383635958,107.54475786124975,1.7680046256616333,1.8325814806841239,0.3318081760454453,2.0238357710094013,4.047849844184055,1.1224132848157795,2.500266688495515,508.6361382554985,,Merlot
13.247413696578535,3.2465152662213983,2.4585039622823337,17.85980669402419,94.32574067636574,1.5479064889936414,1.7175679112560156,0.4995879387604708,1.2676974229070628,6.1220706428964515,0.5762891709889243,1.4893965901218769,787.2568226294617,,Pinot Noir
12.01040250773755,2.1208194537151748,1.9456063644564172,19.12697397008761,78.99059188258843,1.9125166370951099,1.6705120458124159,0.39287861674475993,2.1020536187325325,3.249331026102383,0.6577240277837355,1.9744345652289506,579.8145855351236,No,Merlot
12.828770148745686,1.7000923121567333,2.26325628645403,25.347783207397285,89.49442985667744,1.6664885664430873,1.2872225124903451,0.5364987716022276,0.9222537585227676,8.235963718869009,0.6034127937610186,1.3095079502712368,561.301200573543,Yes,Pinot Noir
12.706048106342301,2.2903922099930063,2.5519897102189235,23.736385071633936,113.1685202871917,2.1013118753642623,1.922123447646032,0.533103647281417,1.4827088839460387,2.9704513622156723,1.329884043396737,2.8594804550431268,618.8226821636366,Yes,Merlot
13.339220983228575,3.2934775090692314,2.711279566398647,15.952878140187405,,2.5692295246137116,2.2253354577515507,0.17246227006633977,1.6015534068229096,4.892596879969199,1.139018267558358,2.4039471050152508,1066.689322363073,No,Cabernet Sauvignon
12.716358170551224,3.7357579427748586,2.2307706059515833,17.372508335147135,101.62685793357072,1.6532299801685955,1.4995943812789743,0.31837983766912803,1.0843056870452488,11.83564810412371,0.4651255021697689,1.3319500364293102,816.6938975621292,No,Pinot Noir
12.629455292240436,1.9715464567823044,2.2330532928359355,21.518781264328236,78.30687667297335,2.2357924024616884,2.2055235835929867,0.5494551287819834,1.1456112127157068,2.849011179411639,,2.852771901805793,254.43197993952788,No,Merlot
12.964936624209216,1.5426722803791475,1.9538329586708625,21.075899350610705,85.66387683718881,2.0594298910448945,2.2278706587325305,0.23007116233248484,1.2330425149725293,4.898192409978513,1.3579408073482877,2.6428054208373335,17.339990523954327,Yes,Merlot
12.809405621603371,2.6950596120391843,2.1693173739037253,16.411160127145283,106.50846248921795,3.325363761581459,3.341933831463548,0.275904886689727,1.659803324528102,4.602355471275995,0.954938599274317,2.802034110609462,171.958876845973,Yes,Merlot
12.703743617011474,1.3532238631401252,2.7363766825255236,17.865173123186977,81.56242363834464,2.848909737181878,2.5225171648407505,0.5300800060121221,0.827729706059335,4.651071404655695,1.3849972096354701,3.0454205846260516,740.7143603982672,Yes,Merlot
13.566806254995521,2.4894377121864215,2.519530531541743,16.190038061258925,107.0498294233651,2.5384953368417396,1.9469307705997734,0.3185409858732627,1.9897157597667696,7.974158983277929,1.121769527008161,2.375409632974916,1348.971964259336,No,Cabernet Sauvignon
12.816319639929569,3.643390980736682,2.5356475306051265,20.468497344886888,86.6668302818749,1.9169171927142366,1.9608352265626627,0.6040534677678564,,4.382317482368727,0.7545588159059899,1.7545582800409467,674.295058624217,No,Pinot Noir
13.414528169239102,,2.1965052549191113,15.443649618336117,99.22187986010236,3.0727977377653164,3.1499356390232367,0.28610204631450037,,4.5451853899952965,1.1062398338426886,2.9259975351887904,1197.7353111905697,Yes,Cabernet Sauvignon
13.27337832472059,0.8200818778306342,2.383423652916502,20.114087400429682,100.59077838296852,2.989355376311369,2.740221263280319,0.3533681581045768,1.7411222760331704,5.124349256888554,1.2104141680512264,3.1929201108331187,1077.8355856085575,Yes,Cabernet Sauvignon
13.863997741857053,1.8831504489240045,2.5478399000029515,19.802101628507916,103.13088695754959,2.581581163925597,2.445129641210343,0.38606396400065623,2.680377393074677,3.5463493432585467,1.0908939783598075,2.5677322814912147,1066.6744321735173,Yes,Cabernet Sauvignon
13.852358539877216,2.075516311040123,2.7249263587496313,21.29698750762465,92.05184691471604,2.6669911061386524,2.6704431769366686,0.37646731718171905,1.4966764454902952,7.011647023456487,1.0608793432503696,2.7286843117012225,1044.7967370783456,,Cabernet Sauvignon
13.620682581480654,1.7467606657890802,2.28461371348103,17.42426636285703,105.01747557029192,3.10306620679859,3.185462040823925,0.18344605073659997,,3.793537880631841,1.1398278781650595,3.00260343178221,955.0612380703836,Yes,Cabernet Sauvignon
13.92326558801497,1.326536218560861,2.6631795314606888,18.415469396437082,101.7781898172148,2.4011196655945826,2.1758897645659263,0.34522355183682674,2.199906221463249,5.943647110766956,0.945971481091894,2.2396783424515516,955.3111914488294,No,Cabernet Sauvignon
12.414728237222333,2.0628639616790183,1.938521977007753,20.148946482638554,81.39564135021729,1.855670686685382,1.8877408081612055,0.19407181266860668,1.394708598699748,2.6436075701744017,1.1390906526593116,2.4891473503469035,757.3682193041757,No,Merlot
13.255614015957473,,2.6318021601613744,17.623088925844208,111.04231537891071,1.9790931854165768,1.940658004839241,0.3970262547580547,0.6224503043892865,10.549607342819431,0.8323379550662865,1.8567257878937835,775.9966623629745,No,Pinot Noir
13.88437539204125,2.5320931597630976,2.209436298498364,17.00334961688622,114.2414521992094,2.646703821566479,2.485959139508277,0.4700762205878811,2.5263118124813015,4.969969846992407,0.9883488280925693,2.3167411607638777,1101.1825209083297,Yes,Cabernet Sauvignon
13.17065808216929,4.588989548786532,2.0656176912773505,20.82806614815307,102.1222535382931,1.5989472523716801,1.297118610259079,0.3917426176375668,1.2982737371964623,5.116010982767143,0.8714158147925581,1.8925593767519289,443.67174250145524,No,Pinot Noir
11.722707192786839,2.1825686372492927,1.6410555243521805,18.07999195696216,63.802247861939534,1.0794016473614565,1.144140924650524,0.02998218095938221,1.2213403299735284,3.5190206038579808,0.7257531229440819,1.5734746564090807,215.05510148481125,Yes,Merlot
13.736064753856935,1.7839288611175113,2.03377182427138,15.186521194980061,,3.3747722058551872,3.1182502514311645,0.2278775322680488,1.72897425416315,4.770112324795256,1.1118375503630484,2.911648560226953,622.8763902802754,Yes,Cabernet Sauvignon
13.268327367630308,,2.5274475837966435,18.77994255747763,121.67861837817335,3.207913509183069,2.7520955795666056,0.3365004611438945,2.0514557295352143,3.2701088054649574,1.0521716312261604,2.6888890311986042,1346.5330628158176,Yes,Cabernet Sauvignon
13.063766032378629,1.587311946562425,2.54505713652569,20.891941720001917,80.28287586074933,1.416737595631674,1.077544041884589,0.2949130188638052,,3.04578454133668,1.286662653911642,2.478300517821771,397.5925730580591,No,Merlot
11.76940390533229,1.6526313063725644,2.1639412357103107,22.123063254171726,,1.8680334170536579,1.2983995243684865,0.32603553829548193,1.9896094685344943,1.197098437906688,1.3138650636075666,2.3137103737858586,692.2753847084979,No,Merlot
13.6102403933587,1.9524138208109165,2.549389092207017,14.313084965455715,80.96689955906072,3.0577033220137264,2.706908416572943,0.2596737140363885,2.472367607529741,7.311844819744378,0.9757955168853526,2.5462392667956637,887.4955493034638,Yes,Cabernet Sauvignon
12.654421411335017,3.7364999396792364,2.2832857903891757,18.49003991945521,99.44017701724464,1.5836219666169797,1.6379575956980934,0.5552047892851038,,3.5078443164846296,0.7131553428949731,1.4783215091147066,683.5510841988636,,Pinot Noir
12.662201190297127,2.4991736056982456,2.5725426798587683,22.85621831582054,99.40967423787347,1.735267769031956,1.6946706092711818,0.4408016496183835,1.0040025253125155,7.699136975855623,0.6202820054163851,1.5058263024678298,419.0761916625547,No,Pinot Noir
11.972552179345014,2.4389507553904624,2.3558799923016633,19.288380328793817,107.12806477924441,2.5715180677232707,2.1459700737959424,0.4621785752296643,1.6044195627102238,3.973574202486364,0.7546808533270567,1.8628145100615874,417.3929675087785,No,Merlot
12.808707435150811,0.01,2.6299865995505507,21.194758956128016,114.59600879058281,1.4426949395178317,1.490172135101534,0.536628334064541,1.6670489641357378,6.966869189751035,0.852998845331069,1.806054579324607,630.693627091477,No,Pinot Noir
13.481997514402455,2.6647734451483274,2.6452795089369068,25.671392911769143,106.72850523792418,1.4597189137029631,1.3665584708651615,0.7274479861443557,1.0322340317766725,6.630881371151314,0.8177095733019555,1.7091563193996109,669.5369991390615,Yes,Pinot Noir
14.43165144560978,3.6942905085731814,2.7238884233022183,14.909857212885532,104.68914278939287,3.036500615007224,2.840310608429225,0.31035132245067754,1.904320833942406,4.448728643067306,,2.7802016179314175,1288.816620883891,Yes,Cabernet Sauvignon
13.928387618778705,2.2197357480202875,2.869113247094184,16.888909580739114,105.3957164717679,2.9063062759181317,2.726328071981417,0.39989989394992626,1.558824872883091,5.900258813963446,1.0332119154102652,2.8352825917462985,1007.4898348281482,Yes,Cabernet Sauvignon
13.868787274399466,0.31305462394008754,2.805712367669694,15.005293090953762,,2.9346973811350465,3.049978793421331,0.41715688972980736,1.3125442278738833,6.836391648089559,1.0961101358289134,2.8481445612138585,1170.704992264977,Yes,Cabernet Sauvignon
13.3729267799661,,2.5275984358657957,17.911336222583156,112.91675922971334,2.7339968374027133,2.3592436656242923,0.2489439044356025,1.4158405088868844,4.141616271907647,1.0982727924900981,2.4508640628459433,1150.5657250035017,No,Cabernet Sauvignon
13.82124839563561,1.5957227788510446,2.1132426434035247,19.290778602686416,122.25133031472136,2.8645916109570604,2.551618661754548,0.307423951907252,2.2575194983741826,4.18938120749565,1.2431253664623099,3.066160789950116,1194.5988478130962,No,Cabernet Sauvignon
12.261900530640098,,2.4173316752262957,14.392626130329575,105.06127738521594,1.707607038782415,1.612184382228775,0.4945205288299563,1.2792398558397204,5.143956971212609,1.248510310233057,2.5746683458568778,631.4850370767342,No,Merlot
14.349614148893032,3.003250154624321,2.1326941901769296,14.49677141810864,106.51213220660647,2.630260355330256,1.9627821017546163,0.3453238407249293,1.2532162399340214,9.138114898132761,1.064437004611016,2.336281839960947,1260.7557485518817,Yes,Cabernet Sauvignon
12.912580727549928,,2.7758990933572467,23.715421926607355,76.3647529615242,1.748254418465116,1.630576046415185,0.2653002360873113,1.315549130831819,3.3879749937141486,1.2134249664035115,2.597524903447023,257.16601389347136,Yes,Merlot
12.530573195679919,3.074132877110492,2.737925224623993,22.165968092148663,69.09935978865566,1.6740031401402875,1.501005118598173,0.35915441513574187,1.4786559463317646,2.4478399627630547,,2.7279182143181537,383.5606617521486,No,Merlot
12.489679459833557,3.6346327797072053,2.226258853453842,22.207707431815106,102.42582708507514,2.283094485266298,2.1014351998015384,0.25563391652101153,0.3593662409400853,4.292852714952709,0.9897502162331517,2.1657661657821916,765.5210421325784,Yes,Merlot
12.422120871615286,1.8443050883853445,2.44508613073348,23.66676104469145,100.24780066560761,1.9308387597776366,1.7309799314787833,0.42343400658655,,1.8861983139087868,1.0057990430223214,2.2162433918176454,560.1905763006733,Yes,Merlot
14.467877995997995,2.5175888706106635,2.3717463705743724,19.418665682312525,126.93198208501585,3.1064340764669964,3.0322926460958772,0.23581398805125647,1.4818948874406104,4.7896254307240245,1.1486710238480151,2.9370434614792402,978.1583447416286,Yes,Cabernet Sauvignon
14.48667745123762,2.4110814167619545,2.333858119788651,20.419768626802426,85.62621959058679,2.9605639812873465,2.829891907121108,0.3172326313303634,1.5979122322331918,6.804945544178158,,2.670061522052907,847.5243743280474,No,Cabernet Sauvignon
12.879854175563246,3.3687867541171475,2.126647850730841,22.015708161170924,99.56463473369497,1.8745084055597916,1.5035889099412154,0.4395335177403369,0.6878930227241096,7.850124093302249,0.8808133757221346,1.9439073301612608,720.9044214723332,No,Pinot Noir
13.51192196438495,1.2206283706547063,2.389752888779828,16.543750393374346,108.31733565497082,2.582880269397882,2.523502464635459,0.17646524112188533,,5.426892334350478,1.1271925134250358,2.664640637072284,1271.9613017377874,Yes,Cabernet Sauvignon
12.688564229637764,3.1959488251905954,1.9192615146718088,21.373788160975245,,2.3323247616296743,2.0647988036400746,0.46778061486087474,2.1561702507823717,2.9389597192039134,1.1584012347576702,2.5511636171968792,845.7433358547017,Yes,Merlot
13.003844956094595,,2.3210778164996637,24.336633536297292,,1.3457903860423794,1.3767482857213387,0.48049745132283433,1.5903047334631533,8.61251984345343,,1.796216635469975,572.5512520911509,Yes,Pinot Noir
12.227460576835755,1.6684566702141983,2.4211722066724266,19.822092228533325,123.95677378049969,2.0571041267885235,2.082334242014401,0.3121597960913981,1.7816816840147194,12.083480805199937,0.8198431227839453,2.090274581437065,533.9979107461148,No,Pinot Noir
13.878435529574753,1.6195531444471558,2.513561666777116,16.711252801752664,106.58803703879221,2.3643019240630188,2.1752063888738498,0.17467525906667924,1.9377879967278553,5.908528532201855,0.9886034271654593,2.2367438664137063,1310.438655463623,Yes,Cabernet Sauvignon
13.038650193822798,2.744696072914051,2.524048287853196,17.066463353315246,138.05669113256963,2.950266350460396,2.8521581564566154,0.32531112533637274,2.155503752670391,7.018929910199867,1.1091107123369706,2.6426938539094773,814.0129738242729,Yes,Cabernet Sauvignon
13.935975235996741,3.3027112372096776,2.7245713368453894,22.040888257390783,96.36339363408163,1.7114861440418732,1.2766954918170976,0.40619347885614304,1.2172696899125355,6.277167457316338,0.7470757597369947,1.5503277066694026,456.46086473942506,No,Pinot Noir
13.265036392366023,2.239470157079845,2.7761903521427747,26.149949047603137,84.03471082129715,1.1828621502061387,1.1394269214865225,0.453327441526571,2.065189749893878,7.800211474794201,0.5719045428201958,1.343012401540626,535.4409476179763,No,Pinot Noir
11.879757418835542,1.9182772059043651,1.887597817340406,22.694210963821625,93.48563583047101,2.1612281732986376,2.3169627750726236,0.3591480285709029,,2.585610980177954,0.7996805297778815,2.057179833792387,592.8323752207242,No,Merlot
12.716690304229578,4.851773743507522,2.344794900774569,22.69854346062816,110.18226694976813,2.3080105528348986,1.9626357598456132,0.4478913887362,0.6922385855426243,7.280199289795049,0.6781421745398699,1.6553454610006986,768.6534743985691,Yes,Pinot Noir
13.906366305797993,0.6048577402620909,2.211866016574577,15.970626455788377,112.06310901571864,3.1358543162833143,3.0869690145509323,0.3803720338628895,2.4147369050582013,7.992053591030828,,2.4257029183669547,1166.7637360173712,Yes,Cabernet Sauvignon
12.174608732911114,2.189612232143645,2.1963284121989273,21.567596987279504,76.93057596517309,1.860305983681117,1.6367746454055896,0.3640332344293893,1.766021210562931,4.1234097774482885,1.151335971956452,2.3851748004895197,461.6614750303029,No,Merlot
11.306062085199327,2.348772280526661,2.5078152913997207,16.552824025302186,107.65276214867906,3.1199508821830397,3.4220058584294564,0.16827339385509102,1.9115016630558648,3.332451445219904,1.2436163920700765,3.0671739793030413,602.2984103316687,No,Merlot
12.860119676359925,3.583003506599962,2.5898052245555516,18.07922278087003,88.05951038992019,1.7694616047680225,1.7329948518497407,0.4983785521386696,1.9521850021557288,6.458799273614226,0.30109575452553133,1.0,778.6844350496721,No,Pinot Noir
12.16796201500407,3.3867926536990054,2.0231970825981964,21.44111471292817,95.16687477194986,3.0915198027263324,2.62623300817229,0.27665837963162737,1.0139149041550173,3.224604042745422,1.007324664910405,2.473352625259049,421.1836784979191,No,Merlot
13.966154592776673,1.9177204828703087,2.4597267231829236,23.143560230189728,86.41188081680183,2.657572026140112,2.4465584192543535,0.42547668284703766,,5.807790374132248,1.013652899788973,2.554022846081685,1302.9327693269033,Yes,Cabernet Sauvignon
14.015644112919269,2.3322879619242416,2.322863296222916,19.518776927466398,103.58070625207031,2.93097243296846,2.8233312481306996,0.18132447686899617,2.182613005159131,4.701925935566052,1.0266478221618454,2.929450484287993,951.7570465242571,No,Cabernet Sauvignon
13.948580372026882,3.453886370337627,2.366442567406223,15.216115046574112,97.9746508645079,3.4098736053803806,2.806511880522437,0.3038289397769252,1.7150641177914852,6.43543530492574,,2.54410627311775,848.3798616041191,No,Cabernet Sauvignon
14.353000870853412,1.95052373284355,2.496554141214911,15.098727879821588,93.59251674143763,2.984397084932705,2.809088567632057,0.20184108533057063,1.8328503722294753,7.212381720671763,1.1665070151608423,2.808991159627013,1187.0304409434589,Yes,Cabernet Sauvignon
13.621603456024369,5.436906097068636,2.6200420178087627,20.58439926361999,95.98623709786652,1.995446858845886,1.6379247975534508,0.42010988869955795,0.792398213904604,2.459120035223437,0.5975282985243975,1.4804429572512836,650.4866023886242,No,Pinot Noir
14.50212718075857,2.4477384866485314,2.43046478150325,16.21206402528694,101.05032579948886,2.6696425283006353,2.598540933811853,0.27740419384816856,,5.6639227396152405,1.152312149066749,2.858139756643876,653.0215631404731,Yes,Cabernet Sauvignon
13.831374612573569,1.7733458069993795,2.5990283011123068,17.070055467564693,101.12686631434386,2.726775050848119,2.54681351298389,0.39430870396076,1.5997101526939548,6.428669417091839,0.9250554391993201,2.432011642805439,1002.8050212064636,Yes,Cabernet Sauvignon
12.13592858392667,1.8132563677973617,2.3489990491171873,21.01693804947302,,2.2523669600262606,2.161741692669115,0.3125947062563675,2.3652873914647063,2.360145489752085,0.9501846397302367,2.3169237928717696,413.4933422151165,No,Merlot
12.196285881651596,2.059769102965346,2.5623357015545962,18.702599475282938,87.68225510387548,1.8576293586954276,1.7082655739860761,0.3310034859405155,,3.3894872654112524,0.8044362307934706,1.7078724152416789,254.80268349601732,No,Merlot
12.14803266173993,3.6904236027234503,2.732308900489128,16.65351078441717,78.02610790477345,2.504663240331392,2.4057259790304153,0.3981021814203478,2.5796197512799064,3.1909260084784767,0.7026670946208964,2.1181928171846196,697.0720737360381,No,Merlot
13.41243438325547,3.3190806198369094,2.3215766465570096,19.898957147743943,109.55331477780878,1.1542204041972672,1.2584763110516812,0.6839954758447386,0.7302957661884854,4.974364313932368,,1.6426203644462736,426.7605353972,No,Pinot Noir
13.44387863546423,1.5252148918913764,2.562468799200458,16.70779953397869,99.60106515877528,2.5651487314263886,2.4596345705624674,0.38581492423324937,1.8746720561156158,3.614682708915259,1.2734953633100057,2.9344754078891846,1075.8783404364883,Yes,Cabernet Sauvignon
12.561439833458802,1.757530743895247,2.156059351814082,18.912322529250446,84.76636692243895,2.559371320993762,2.3516158649587275,0.5133319636309992,,2.566583042083499,0.7457267504377814,2.055664583830957,259.8232597523975,No,Merlot
13.225685228784522,1.8497398960643474,2.408160780828599,27.90720407307955,93.96292450716145,1.7710473926604728,2.0478283139749,0.5329568316111312,0.8203907632408185,7.544260406943493,0.6497951447626559,1.6087624759756216,633.0680635661613,No,Pinot Noir
12.22098938562658,1.2771224590344674,2.630871104066423,21.648609713380008,110.83967263320346,1.662882960583734,1.5455142774796704,0.6146637005126694,1.5089940261440278,2.2761084552987496,0.793853512627847,1.6493955392052662,584.1926678421745,Yes,Merlot
12.771477878054831,1.4769921528861871,2.2516619922644194,20.175460056069554,80.37813847776985,0.8776450541966512,0.7998099209926385,0.29869048058799896,1.160278370062847,2.5666121447230266,0.6617001875100641,1.146546156855769,454.72939204089374,No,Merlot
13.640680836945059,1.1288697486792474,2.65686368227439,13.28736130218141,86.88513945349155,2.138517358000405,1.8868200152406098,0.16103308765785293,2.3785357941480987,8.180911696957278,0.8647562650963401,2.1659856812963034,1278.7533895249287,Yes,Cabernet Sauvignon
12.048859939463844,4.135935556918932,2.579842934197226,19.461106047327583,94.8961019400048,1.7063208434421544,1.750212510565598,0.5370093339778651,0.9648361083085627,10.010293994467546,0.6113477532188525,1.423382683674156,459.78957082832096,No,Pinot Noir
12.383224421974115,1.7618047100469656,2.06105520840777,14.767428826399065,127.89880383801248,2.666503596176761,2.4140068385401943,0.4457912560920483,1.2648014637738803,2.088422770439804,,2.741457924022944,445.0357285168683,No,Merlot
14.191369755511529,2.8034688625134945,2.566470949567659,15.34645776923296,110.00977541792082,2.252629604041351,1.9876533818019682,0.3093490054977628,2.2119478450091106,5.252265089907352,1.0804658128017408,2.370722588229821,1331.312793277989,Yes,Cabernet Sauvignon
13.467443979792982,4.140452403807222,2.2990963787599843,21.566814521062724,89.03193606192836,1.7693910889449964,1.6876177078945944,0.36503290079633144,1.0965672280103813,5.608976131677409,0.6641441425310091,1.5701227641683757,696.6781989347935,Yes,Pinot Noir
13.10615278459164,2.3401443667649695,2.3617504934328544,22.301226824840125,99.77935062813673,1.982877035764413,1.9408838243681905,0.635845259599318,1.7387077021982131,7.87168418295151,0.8172516059047528,1.9515186805004305,807.0580513321771,Yes,Pinot Noir
13.641609554312671,3.6448935397662354,2.3998268568971612,22.715387171030503,,1.9406104816745062,1.774439186132875,0.36837811541575893,1.4597547147693726,5.495784028331167,0.6832886928874361,1.4439087612114798,365.63975470552975,Yes,Pinot Noir
12.74811198627398,4.473493228893428,2.455938026090471,18.837619231039874,81.6585062921763,1.600220483584269,1.8223877955581544,0.22053088133773951,1.4248043832449526,7.442592355128653,0.5704062969596436,1.5897632967692155,570.156652298152,No,Pinot Noir
13.34064167561068,3.406821451465479,2.7226788834614153,21.494831220095417,87.62035301069155,1.4491547372250304,1.1758592702699615,0.42774546179132344,0.5889740704727103,5.296674678688511,0.6201432896009549,1.0112675672126499,533.3692090351931,No,Pinot Noir
14.285623546733659,1.2784303958101924,2.545170779379754,14.86560194353147,115.66849430470982,2.8783778486467164,2.4127275790456904,0.283851502497741,1.8217510676769246,5.758609563162108,0.8720760117751318,2.145528273697941,895.0033482217126,Yes,Cabernet Sauvignon
12.732289225642939,0.01,2.7005874467876407,24.12873152635362,76.71490226457999,2.3648162183463692,2.1286626886675024,0.43552775346280603,1.8713384494875478,5.287926996869377,1.207341775555995,2.756249009915347,635.4296299752795,Yes,Merlot
14.135714388974094,2.562509513565021,2.420909695563142,16.20950573854703,93.20178820228502,2.6017869135377185,2.4651460899909194,0.13463680189638627,2.060123963323869,4.105919969278784,1.2098704068400234,2.639912342761228,1094.3232047873832,Yes,Cabernet Sauvignon
11.43303879838517,2.218375430535245,2.790904613535013,24.067972660673092,80.64552178667765,2.012733301166782,1.8728404722707759,0.24790959150988853,2.1670485115707865,3.8023027870213473,1.1440964025472,2.1339723501195667,602.2192937360674,No,Merlot
13.1931413167798,,2.489680067465808,11.348963106655368,113.3932574660608,3.3723337174352004,2.9677830228337925,0.26254417909558014,2.856089084260722,4.799335673089337,1.1433554437029807,2.7430533854561125,1099.3104652322943,Yes,Cabernet Sauvignon
12.10461452893334,0.5771282355035783,2.285856373967263,21.813403038800754,137.13132135361786,2.1881087892620568,1.97747878723835,0.27173931508283555,,3.2392299216596014,1.4126721635460089,2.6367321818670315,361.7434929039469,No,Merlot
12.31084908552996,1.0045590005653036,1.896639950688527,20.457272611618134,88.92837891666501,1.8349564769881626,1.6863033201586823,0.2949377677908793,1.814801460516476,3.3376338670416894,,2.10729292131199,357.31572502321006,Yes,Merlot
13.367245146355652,1.5839197534608853,2.525813079045079,14.999470758495374,97.01767381798868,2.4447878682716917,2.8379895408085822,0.3698177296660996,,5.775352437350116,,2.449739940302673,1180.1272769493758,,Cabernet Sauvignon
13.516004439444732,3.9931687613711504,2.5494232169035036,21.669627462838065,94.54987748339897,1.7434319540329453,1.4969730876041625,0.6033785912835241,0.9852513565225216,9.464059548342036,,1.62700958340833,590.8380541567676,No,Pinot Noir
13.919496579369149,0.42375589656666746,2.099585262861264,16.011889637491322,110.56077913529373,3.4368458992175417,2.98733097589301,0.3399098197741569,1.6663882667111967,4.533138200064649,1.0187725417730908,2.4957503495222473,1235.366907196655,No,Cabernet Sauvignon
13.100103019835808,5.010026397124362,2.220610673934063,19.716775285704813,76.38087129933355,1.3550632701238294,1.0656244260528278,0.41626090471128485,0.9154317224163149,7.4844675650083134,,1.3374993670259765,519.0697999568114,Yes,Pinot Noir
12.170636806806282,1.201951468664556,1.4056430306980854,18.70445737790317,91.22704831810462,1.7540154485582917,1.5287306822828657,0.3007701298406319,1.9702803532441513,1.9838920073156627,0.7590789542672134,1.7464710873067042,542.522948670104,No,Merlot
12.191913888339018,1.7547825660677976,2.7876552956583973,19.187334568551016,87.84394862615773,1.2675007991503136,1.2080194553512091,0.28605393048293193,2.402405935405695,2.9688971440447034,1.1650314580060543,2.2161334889573467,483.04935830437125,Yes,Merlot
14.638422305640834,2.3136695547553425,2.522828834099163,20.32157766712359,109.45200922117834,2.6771549830813925,2.5070423155186394,0.3151157258734378,1.95666267895641,5.453284959418191,1.0167641768655369,2.506074145853678,1254.636341259801,Yes,Cabernet Sauvignon
13.322801449450198,2.6798963915028127,2.5115583670891035,20.726949395490742,97.41524313716502,1.2865613965215137,1.0823250916979785,0.36435149049748766,1.5529479011574456,7.495277523119469,,1.3318186792054614,678.5569864531728,Yes,Pinot Noir
13.908839593371766,3.3582274814588957,2.1420579335644345,21.864501720683965,,1.615572741738439,0.984654705974228,0.2488989872892287,0.8577054461468773,4.619894079050489,0.6738248040049358,1.053792506240725,691.2728306443354,No,Pinot Noir
13.733272907929601,0.3757507913296987,2.7401829035031073,22.748972732593298,108.41543419897938,2.853721639884158,2.5392887796370274,0.3766518581543111,1.586296596433928,4.754245638906671,1.0063178108281872,2.6394049195364393,1362.9274915067058,No,Cabernet Sauvignon
13.337276720701853,4.536536933449526,2.273691787716453,21.21239792300965,104.31105382145256,1.658402428244152,1.4044275700421467,0.4107071246925953,1.2956200949991103,9.465795196710312,,1.7639110508596783,561.2916494112528,No,Pinot Noir
12.592413818529808,1.7513207567826068,2.470931827139037,25.337752180321527,73.22894064488514,2.1542120695037927,1.7887226250722728,0.6323535083142237,1.3361661991100564,3.321229542000623,1.1878325331779636,2.3922930063764065,552.7355592568326,Yes,Merlot
13.188969074558672,2.483468770602757,2.3715667757543244,22.54770206378297,66.58160480966531,1.0605712214576066,0.9513288409263081,0.5801204408303333,0.9136960973416143,7.175314653992809,,1.57314840193846,682.714723409015,,Pinot Noir
13.281161332429283,2.4506261022002045,2.3475656873064246,21.96846133937872,90.13415072629608,1.5622439341832242,1.403699805657245,0.6200072227185702,0.638575906753601,7.74010236035832,0.8895855517200316,1.9897350524545694,658.6751420468719,No,Pinot Noir
11.885722923283199,2.8993518751217167,2.1746049803083896,25.385603489937537,130.84896599824853,2.469857648038003,2.1866767864851613,0.287323229801,1.9332369444653887,2.927028453735047,1.1662766816941106,2.78464222912814,0.1,No,Merlot
11.797446805577312,2.0548280231024214,1.7769774331438077,26.20808757077888,101.47937779599103,2.2641787005876743,2.503523676251169,0.30815525525870635,2.3613670848598756,0.8562916681183208,0.8340757208519337,2.3014354999208573,423.02864168048717,No,Merlot
13.22498897254471,1.4543623222922064,2.154721463398401,15.96962655385758,80.21272316832454,2.818915790134225,2.464858930327478,0.17738353035110194,1.1714598632301445,6.502737913463493,,2.8220614488806905,764.1274419165679,No,Cabernet Sauvignon
14.45561421663836,1.9904472457432922,2.3188604420756436,17.27371339861772,98.94303007138869,3.010076983131163,2.72204276095284,0.1732375780077632,2.156291644081168,5.193802989974254,1.028976804743106,2.6829833640185674,1338.7790164764451,Yes,Cabernet Sauvignon
14.311270669337015,2.574369932792193,2.845463456661821,16.363479575584925,108.6065092759117,2.2159035049189493,2.135940935055907,0.09661271460283793,2.298253922447133,8.466170891266563,1.067037548250574,2.4771486308585273,1100.9740617020575,Yes,Cabernet Sauvignon
13.038404315599104,3.2014936989488243,2.526021873138427,20.008472857910874,107.08483367209956,2.5099480840176485,2.4809640293080193,0.4346754367270051,2.39230282448943,1.6305582952803155,0.9502420075405782,2.1499999769347884,509.7506936189228,No,Merlot
12.085354314726231,0.29644075080900967,2.085389262304862,21.689056972222048,94.51780216340313,3.0113739167978686,3.193880504970269,0.3107732406972577,2.5358362795007743,1.9562842220257115,1.1200171551677134,2.833997768785538,420.9725308219768,No,Merlot
13.675037044506873,1.5067287159910823,2.163416534296418,13.455789574601075,122.6800551139787,2.3661586257850513,2.2341583521998083,0.2685716666078032,2.0815982525787833,5.121052616613993,1.2717514081909438,2.9308995052576106,1048.932183188011,,Cabernet Sauvignon
12.966477377304503,1.5662338461099705,2.5894602831014235,16.588372431140122,94.37129638447898,2.9800984243158704,2.616468308857598,0.16396649157860732,1.6851612041735546,7.065416436538661,1.0946220936148547,2.81325870854785,797.4417046738953,Yes,Cabernet Sauvignon
12.674913949484488,2.5000775378414613,2.44216563803818,14.419007451112881,118.40090237806665,2.757706645726145,2.6670994605600944,0.2829791632789614,1.4655705669550083,6.082147070643497,1.0529742356363059,2.799094559992916,1429.553239543492,Yes,Cabernet Sauvignon
13.01277068618551,3.4065770457439415,2.7665064538233484,19.48864086361348,,1.853739187767918,1.8776642813311613,0.25218714398951014,1.5041967503065112,4.01507852437422,,3.0147214712400645,429.2986689147464,No,Merlot
13.944928389299495,2.9175059153061293,2.536758519121799,21.84641074785731,78.87640732492775,1.4736680349070597,1.5748960227677895,0.36719018800790715,1.9395244141121641,4.523252955283965,0.7237445761550287,1.759038729169145,707.6370450631489,No,Pinot Noir
13.21658901454069,4.427508600789536,2.382862129885087,22.894353312233,85.82524101816034,1.8042876156605463,1.5756335669906192,0.4067160929787432,1.4189367395286494,6.518838688087365,0.607628601891838,1.4343511136064269,500.3877684220945,,Pinot Noir
13.791617218610952,1.8882461848045882,2.523885076525265,17.73233455874323,101.01217871794547,2.8185556902854016,2.6737669820987175,0.25916444974064046,1.6729111426989194,4.402508466007179,0.8787445144785082,2.454791476624344,867.7262122655245,Yes,Cabernet Sauvignon
12.368812302603649,2.9190843482926105,2.5605469504047487,24.981482281677817,90.57630028670371,2.8988769206159573,2.55400441847423,0.4631275308588504,0.7206966062926592,4.259096444094184,1.147681040676474,3.028794680707745,693.1052399541593,Yes,Merlot
12.697935994011097,,2.6417223874904834,19.822298465949583,106.51969232664729,2.1727220874265876,2.0477142538630804,0.3554327851869589,1.526953325733452,2.7757727500748084,1.097910169182833,2.228478403244247,544.0754723500999,Yes,Merlot
12.512857297292454,1.6886805452970235,2.1751523221439335,14.718726766276827,,2.3900971847263226,2.4125267821228045,0.317428359317342,1.353068983025487,4.923361972700379,0.9219485643219241,2.6731569611620154,2080.3166148500377,Yes,Merlot
13.240313436724023,3.333144132176797,2.574548986043555,22.938265071097838,97.05719945246723,2.0116991148071537,1.8767361320318252,0.3421849368507076,1.2402327226825458,2.2646397212729745,0.542604087257955,1.4586601647841462,519.8509144128161,No,Pinot Noir
12.976443763788456,1.7625190612811892,2.4530767488103646,15.018685423855214,111.85342311269582,2.9793636093307,2.6713731414670185,0.1192525252999169,,4.150084773877414,1.026507441147882,2.5648191271247733,763.3303229570777,Yes,Cabernet Sauvignon
12.870213580474902,0.9274156245118039,2.5614332479541413,26.96840818345968,102.986539442107,1.7424076611054922,1.6638486030780815,0.08786514549412744,1.4266368070429125,7.323087740400049,,1.5237720498848688,514.8532388863571,No,Pinot Noir
12.912095734019738,2.9985645108917094,2.646147061665952,22.79336484261537,96.21028194981443,2.2673945530226796,2.152765446840945,0.5055559199455357,1.671837002983989,7.115611214188328,0.533045246903517,1.8996744272251114,608.6854839840282,Yes,Pinot Noir
12.12819945279981,2.5258394330745837,2.29270003834231,18.8639741032719,65.85733179634488,2.4632584686031027,2.5396328529267733,0.5094231184522476,1.5415245246919336,2.596649971152848,0.5166526823209364,1.7030823597841658,489.251619435184,,Merlot
14.165786506437122,2.1423717684339603,2.412661644787517,14.508953434994027,100.07852176852262,3.16830172513898,2.753961446234857,0.2636727066608292,2.6368602634273053,6.0756286367170365,0.947398746213012,2.43149413242493,896.1499138136982,Yes,Cabernet Sauvignon
12.45879744541584,2.6891478064576475,2.5486974061323577,23.80329123801411,83.97467172291465,1.908192655439591,1.992496433618179,0.43190089881359867,,2.8839820446906623,0.9446234067047398,2.2128050117527245,489.77385222970037,No,Merlot
11.803733596251407,3.2736728799877954,2.2428581993954237,14.501013897597662,104.04176894882069,2.1705458611829593,1.6579030800674945,0.35285993660559156,1.7119564867048171,4.5004724471977795,,1.8047743139257064,508.4797539745109,Yes,Merlot
12.74856633935314,3.196722643522641,2.6457399795086034,20.935518147307317,,1.5758429994228849,1.2942397241529813,0.3464639271388321,,9.849802157061523,0.6982786031734646,1.8037768688546916,681.7167786658918,No,Pinot Noir
13.49679249180769,0.3664687161061868,2.174930581436908,12.229673966936833,98.03223228650978,2.71681460088862,2.5535800980351473,0.30954690877534935,1.4871871019353688,5.749300717136949,,2.9455750070207767,1586.5583014509357,Yes,Cabernet Sauvignon
14.120154068728697,,2.32132769031474,16.57108872445913,110.12568367081575,3.2422987577367786,2.959443894112321,0.36861662413090773,2.230285456570124,7.6320638165411445,0.8905610186566749,2.738632739030778,886.067811934869,Yes,Cabernet Sauvignon
13.586459212399472,3.0376858189272227,2.3697537652051563,21.46192957402049,102.66084109632057,1.808521022543371,1.6123389680039244,0.3886460251655105,1.4209985383698653,10.157115653155275,0.7073837315686725,1.7986752367938896,916.6108004499595,No,Pinot Noir
12.795718046658758,3.13367005672748,2.286679033050432,16.587501922798126,,1.7384613476405395,1.4143935870322188,0.3142192776355547,1.6889707640749518,2.874276806980365,,2.1632479126771558,349.0236793127271,Yes,Merlot
11.851955596112111,1.0330011365774099,2.7082155200667195,15.65073832611304,,3.3272499178888477,2.844472445171054,0.5510658162910864,0.7439779330003141,1.9141297697550632,1.036485348400816,2.7547069957392947,335.52324469038956,No,Merlot
13.532938279649594,3.1277813039497344,2.4576146123207563,16.727137121096664,106.41275555573559,2.9197575367659283,2.973641948597831,0.289842482884709,2.1288969680749097,5.723001493022698,,3.0879267794505045,1371.583427437147,No,Cabernet Sauvignon
12.33749060899492,2.4184625532052517,2.477954240031899,18.86985625867972,103.96150517758649,2.1368178018735544,1.8870106929053931,0.29074233869341737,1.19065372232017,2.7475494477795634,0.731831839350555,2.090865769664269,435.6106732878585,No,Merlot
13.45791528333321,0.843768596274513,2.585699123931752,17.881568009792932,90.13823390795986,2.9155309448249005,2.5161187469138335,0.23666059333211065,1.1419816600208474,6.659355617204927,1.0460021360116185,2.6523371521768726,1494.022574341193,Yes,Cabernet Sauvignon
13.421387160555257,4.306117622481327,2.5296629008533307,24.463785669634103,103.73242645905789,1.5530215456775838,1.2625710846742453,0.6273808133307972,0.6442194606868288,6.948164349525053,0.8277954941460168,1.7662817778033841,604.0609546580366,No,Pinot Noir
13.344440303723927,2.6146240230474316,2.2533135067547643,22.890019748119805,103.74980222330282,1.7835619484162357,1.6891024349259638,0.3690471831615726,,8.137025259005128,0.6109360365875214,1.3283302207229468,683.7389094593694,Yes,Pinot Noir
13.518473076717463,0.8873027546837218,2.835812025874238,18.027456442252188,119.9099379027184,2.860245576161223,2.547403876220492,0.26534144755351613,1.5673908909334493,6.325182981410816,1.1299427672092526,2.8316383036918564,1186.2181570273942,No,Cabernet Sauvignon
13.488350843977923,1.8009453133719333,2.6498922991762646,14.03967917025432,105.53163516851112,2.926447946598051,2.7633600067169044,0.2819655435698654,1.252371271952734,5.5621985187914165,0.9911813482958465,2.6170922316274847,600.2554145443726,Yes,Cabernet Sauvignon
12.530573195679919,3.074132877110492,2.737925224623993,22.165968092148663,69.09935978865566,1.6740031401402875,1.501005118598173,0.35915441513574187,1.4786559463317646,2.4478399627630547,,2.7279182143181537,383.5606617521486,No,Merlot
13.096508182973919,1.7833103939417496,2.229521904864044,24.281188373192208,99.39693630657544,1.5098076996235086,1.5318038503336895,0.4694114875483092,1.1927832175468822,7.216202988555046,0.7702237770371587,1.6768760049074236,669.1833427168042,No,Pinot Noir
12.95506964427852,3.9399341333230566,2.2625101961740213,18.047411078935124,100.48336690523445,1.9301197613563439,1.75259112104565,0.2716410029039855,1.2635036017409882,6.819894326006115,0.6693929717096492,1.6059987968471245,379.41866476626615,No,Pinot Noir
13.917211821772929,2.7597009031121367,2.5113501426223928,19.41824808960693,92.58136680674326,2.4327011426571885,2.158551010431897,0.1527408081071327,2.2870901547117892,5.824582463332239,1.2317305186494132,2.3421510756414317,1412.5706601464399,Yes,Cabernet Sauvignon
12.980450793738527,1.006005585947782,2.787552499316119,18.029635840984852,118.99830523008029,1.999055417698651,1.7658144791679886,0.4581633304468526,2.883809046434628,2.821739961632421,0.8285757891695306,1.9215254174211176,297.30979647791617,No,Merlot
13.247260472319969,3.8183716086170825,2.5966459870940977,20.879700300306222,97.63790902519204,3.580670363211331,3.121694095129277,0.28393067094105134,2.248790199887603,7.866635142332576,1.1322500379392153,2.7624529186549767,1185.6301220162638,No,Cabernet Sauvignon
12.985185226666426,3.1366807247523374,2.2609309703849028,15.493532961196049,111.66785177538564,1.6457607487873656,1.3795460497789005,0.3413044876126825,0.4948999867273848,10.527530366000914,0.7396779249566324,1.8119140673806824,426.6727852234536,No,Pinot Noir
12.909202800273029,1.2018873566116386,2.7367843149177795,17.820919932078844,101.92144013591732,2.8319475358397406,2.4786429442091484,0.23282447745108206,1.7918413776786566,3.640891388386908,1.1620300355044897,2.649823874900874,1089.436157440854,No,Cabernet Sauvignon
13.093171784646763,5.684265924218377,2.374083337076942,21.17708728985269,96.77395731822375,1.840451259144936,1.7131633927885854,0.3800876679724522,1.0684092407950037,7.188677672806566,,1.4398100905052063,569.1794833624303,No,Pinot Noir
12.461598798429355,2.2946172622989938,2.0004216612708237,14.910099730956153,82.25408336489107,1.9981010377229307,1.5889559928664618,0.3472821840013456,1.5903532992838911,1.8126091868844045,0.9737681510388945,2.2828752690007534,493.0962952287772,Yes,Merlot
14.088895967714473,2.0380475097732678,2.7490285320650347,19.406643931217104,109.40330727172639,3.018240833566119,2.9247302630803915,0.3699036537672252,2.47439124992071,4.378913123022448,,3.2129906335867786,1047.9290701414504,Yes,Cabernet Sauvignon
13.53833132952663,5.39186664161428,2.312587396136656,21.933685274065613,112.74613888932741,1.6622634148518098,1.3093057838669102,0.4892291550738388,1.1791071455685438,10.58037309626087,0.7792273500946727,1.4111120138665023,566.4992774126872,No,Pinot Noir
12.167828151367166,0.690044677045025,1.3847719736897917,19.79350502399561,87.00031830192744,1.8237759119317933,1.3681274704495803,0.44947543283081043,0.48678789486865326,3.1092116926320896,1.0033791368687757,1.9428508308254822,538.950408001433,No,Merlot
13.85053428088627,0.39368729558891147,1.8937849727068117,21.631056322915658,106.4327182389545,2.2204483004223263,2.039184490483531,0.3824002227622353,0.5558715807974174,8.454953087474998,0.6700161862181054,1.7900451859801134,564.3313083589487,Yes,Pinot Noir
12.796601349877344,4.621671644958259,1.9596933800673093,21.49800121464808,97.8820089632575,1.766556011183759,1.7369147550253194,0.5730670026861241,,6.850647906753453,,1.5267822626011434,460.87602966586144,,Pinot Noir
12.679518572492519,2.1238500342871176,2.897752594757958,20.625839684337876,100.40765826886243,1.4155461098889373,1.2575338418327149,0.3583494744468923,2.6378276744495417,0.9156533176720774,1.2180860429368467,2.2327056616763366,311.6780470409886,No,Merlot
12.925668927677304,3.7599233059223853,2.3854119773553792,24.73132476706191,109.21494441021582,1.188209210276027,1.4645899417391552,0.29987049119172565,0.48458881038641,7.050296314710051,0.6893793771767753,1.6468248045626888,869.8370180122467,No,Pinot Noir
12.634067136950513,,2.642622381694222,19.579890245726535,100.76853544427405,1.4574719093849502,1.3849307423585757,0.45704645906934405,,9.744196413543879,0.6792770527231503,1.6702288025054426,576.9582758686618,No,Pinot Noir
12.166243739042372,,2.651869523183012,12.45889879973879,134.07269071925205,2.8276620258119998,2.55692778455538,0.6171298247938495,2.201798140270435,4.301730031039551,1.1573197995497222,2.6789420532339316,656.5955888837337,Yes,Merlot
12.87541987457603,0.5398995821536856,1.834531710998408,19.887131754013037,98.7752710273029,2.4355241602406013,2.238538274261906,0.37414032906211575,1.4400490692261176,2.7734978031094744,0.9129105361520212,2.1559506483229867,457.3038883335888,No,Merlot
13.49453638458313,2.0357994409865134,2.5579686759786404,16.944380512876972,107.55561420674599,2.469287277588079,2.2051981612434535,0.27917724689660633,2.132158385943441,3.506194096313788,0.9071524312560062,2.207545248397647,1036.3433761180022,Yes,Cabernet Sauvignon
12.884095070634654,2.7900832961587545,2.268318882206869,20.104875275097843,95.44623276483777,1.2296047415934581,1.2167944793841636,0.6981315007816686,1.7470818429103896,6.024779233764761,0.8849549515081467,2.1837867265599282,664.8429047482873,No,Pinot Noir
12.594980422681452,1.3176571245321456,2.243950546376365,20.855943235712772,102.79947887547073,2.750101607426857,2.6610591221725715,0.23056886839959198,0.5540201933755833,5.1286458374245925,1.1675576333746185,2.61233213707019,683.6897446922532,No,Merlot
13.662056586477936,3.231206884669775,2.6449002800202916,23.222522604497925,92.06027040163934,1.8333439223543313,1.7310649741228414,0.3621172462782459,0.2959217607652964,8.351944676112886,0.5926824988404167,1.3364679029644964,695.3485222326588,No,Pinot Noir
13.468824103667716,1.7679582795319218,2.4241256118064736,14.801225928352643,,2.820757398066455,2.6852431702594384,0.24157611798983805,1.8321797137198224,5.658158112412984,,2.8006308181500335,1481.1313153294805,No,Cabernet Sauvignon
12.45707469450919,2.1497393490214876,2.316565065422454,19.44982584671795,93.60114889432266,1.5913574860705568,1.5723348639510248,0.5229517968213966,1.2913466344108158,6.789664241834642,0.6658968849846674,1.7370849647639615,961.6836539847973,No,Pinot Noir
13.105488545806724,1.5702770448272154,2.3722835553522734,22.173711410946407,103.46690565893739,1.2811875218979156,1.1412059301866817,0.6317787937873187,1.5760713446489807,8.634657547303178,0.6820888745179926,1.3737528131868733,620.1745696118002,No,Pinot Noir
14.295571476544431,2.8487631857821203,2.62724930063335,19.42784751705728,99.80181432032424,3.0489922616308034,2.7014363463014606,0.39045043245922545,1.7394980242720703,6.862329677983826,0.943174911526879,2.634645639635048,1027.9584180922798,Yes,Cabernet Sauvignon
12.418135385294507,,2.756558750199967,18.769597411733045,93.98685742852051,2.23583087373267,2.160062216949469,0.27046553221218167,1.7971506049141857,3.808793601905235,1.2122932830377982,2.6825969070608666,445.7298980069418,No,Merlot
13.139009900263364,2.191183569735931,2.333820026283656,18.60403690192303,85.07842748088176,2.354916530563487,2.2646293800546546,0.32859255248984387,1.203667913392485,7.341585972522505,0.8118601905804262,2.122908843119898,717.516164097836,Yes,Pinot Noir
13.349225238150051,3.7728697304776313,2.4747185262534184,21.97240347656285,,1.7425019830568746,1.625983020737931,0.45564662650842297,1.133970450181153,8.72371635940061,0.8870398323040323,1.8270554954022036,675.2908669102571,Yes,Pinot Noir
13.45274500708961,4.210565643562461,2.172998425027181,21.373631830181683,103.44835785397242,1.7114959641880914,1.5839083670118508,0.35931462489823596,1.2428575154574346,5.57371907064734,0.5420810632130354,1.463331697028229,730.0363684834236,Yes,Pinot Noir
14.021663397344522,2.9353302700085195,2.3435133710540113,18.171381946265505,99.579516075132,3.137371514220991,2.613904700288116,0.1477866301935881,1.8755930595886365,6.81679300864344,1.1910752975600825,2.845817992263661,1337.5652910154622,Yes,Cabernet Sauvignon
14.4307221461211,1.3702136494585724,2.1942656683692157,17.675238585493215,104.75514749298213,3.120192103614656,3.189448406173098,0.3308918351346603,1.9973595665602155,6.543713424597947,1.0090210925012064,2.5163159544079945,963.1274925808893,No,Cabernet Sauvignon
13.259082197314385,2.2698739981270104,2.374864236977708,15.585306694722993,101.89363455183909,3.1881196862645194,2.6368512710929837,0.05562839940623937,1.881352991104632,3.136202639259827,0.9129607123675368,2.382267016791662,315.18903517242313,Yes,Merlot
11.88651707822653,1.938143105826513,2.015607682357941,20.05763686457084,92.18460495067237,2.205344678671404,1.6655526511686998,0.30218944231624956,0.8640966441864705,1.9408969066323984,0.7606985544412201,1.8665569012033985,585.3620617354898,No,Merlot
11.45676164690493,2.446059859670554,1.8652512045749101,24.76168057145833,109.95404563268664,2.5167712599020162,1.977338251484457,0.29743970013575954,1.4920856534240334,3.7024193859690855,0.9574910244644539,2.2738817721819995,636.5866412171742,Yes,Merlot
11.958462196395494,2.1187158052133737,2.095859635895727,17.565495230161872,91.25776207726226,2.4225288081966054,1.9002958688723826,0.31356448832334816,3.2521463294040025,3.1300696041135816,1.3455959538216906,2.75100243657597,426.94085984026503,No,Merlot
13.816439010068583,2.1106833594335765,2.4673775175948025,14.240028411570847,85.88765157414348,2.459791311171876,2.328948660686257,0.37451975198178405,1.67331478987594,6.2213102048971525,0.9570046597450178,2.3616860369035475,991.865940347041,Yes,Cabernet Sauvignon
14.364480295218494,1.7905147072803205,2.3921238466196026,18.37032094910549,97.38502152113315,2.4901524066583427,2.1689830118024336,0.1571529850070156,,3.073063532747825,1.2303598114309149,2.591023029110265,1248.5517556495215,No,Cabernet Sauvignon
13.940071701695805,0.8156261455811658,2.2399458002312196,16.45693460445331,105.56323089418325,3.5499773228691103,3.334683433245912,0.31512695084560294,2.5570641173744937,3.5724918180455414,1.0544478519940437,2.8823759156524185,1358.6890146864273,Yes,Cabernet Sauvignon
13.409747265444336,3.443675837337235,2.5279034802866707,23.114970168511512,114.77587328084469,1.5594364880238143,1.4174710406028326,0.6190737727898352,,8.0183093921396,0.4487756180411188,1.0,565.1919833195944,No,Pinot Noir
12.88086739500735,,2.2198383949322316,19.732330284705355,119.28237381009384,2.560369132885571,2.3380200745377935,0.32144281073545405,1.5705674359231814,3.1847832864008105,1.4694813127719877,3.2938501208302764,515.3617692549307,Yes,Merlot
12.796238306791528,0.01,2.7032681546477026,20.9224981953364,69.67772999251973,2.882394592606752,2.1799053192554596,0.3876927353946333,2.585158105512219,3.5233044842091017,0.9901543400971675,2.1289341929769314,677.1661348669197,No,Merlot
12.110132026075185,2.039917819932229,2.6365350598681694,27.940919028571322,103.63800707929704,2.6202045956951725,2.425182931233642,0.6062423548515953,0.86488944560131,3.4872760562645464,0.9079816288366396,2.2837755354353426,512.30655688194,Yes,Merlot
12.67515618765675,3.6777059063082986,2.462824085523136,20.989846619369228,,1.4815440657214536,1.3344407715785278,0.5311181777224745,0.8085391820825181,7.609990512114713,1.021071191651624,2.271573297157674,558.0538316064478,,Pinot Noir
13.093171784646763,5.684265924218377,2.374083337076942,21.17708728985269,96.77395731822375,1.840451259144936,1.7131633927885854,0.3800876679724522,1.0684092407950037,7.188677672806566,,1.4398100905052063,569.1794833624303,No,Pinot Noir
13.637578141433403,2.9670407448546023,2.4786826714979555,21.623091207417932,98.51412981606232,0.9305615591190842,0.9100748240676686,0.43089475350726775,1.034636619616065,9.272500300496466,0.681023321565252,1.3548916487013265,536.5404423854371,Yes,Pinot Noir
12.894168269179469,1.3607220384703698,2.5562680771876867,19.149918641962472,72.32805148491487,2.2984829464124243,2.35491886105356,0.2700125962343596,2.427947680418244,3.011226320622447,0.7622144952129275,1.7792472028620936,352.86305493229526,No,Merlot
14.065387345569322,1.3168288287195666,2.360166704178133,17.100641255001158,83.5849864149181,2.9273184589243764,2.9814158302316027,0.22717549204017362,1.721170963252854,3.9617785027256014,1.0196653326984426,2.6226441707183743,1095.5860009355179,Yes,Cabernet Sauvignon
13.485746126709609,1.8839675816716586,2.394259487180797,26.75024191352284,,2.1007608410008136,1.7734684713435074,0.3285837635505695,0.9314157541885503,8.664265884967342,0.5535944033712132,1.7664041740994523,540.4226717151594,No,Pinot Noir
11.628357773944899,2.4499550800665486,2.552628528137188,23.333943679293984,100.22125181269166,2.2316792860924295,2.2275714014886927,0.3328193704824252,1.915038465990364,2.815648183395442,,2.3470063161785175,439.6188056897863,Yes,Merlot
13.408168299720156,1.6140580974681737,2.511813459349469,23.57776248308484,115.80632108790454,1.5847356018658656,1.4453178799673787,0.6882487633333829,1.0984428367028942,8.060782741389906,0.7027359770527721,1.4907023135219535,392.0271564976898,No,Pinot Noir
13.295955792047263,2.300448214778612,2.602282293561691,22.490278960320936,109.07299874067463,2.2803973842297314,2.0291185818031447,0.4148045373353507,0.6415412902573764,8.156472689354883,0.6307061675324818,2.102023714726237,650.1055537071529,Yes,Pinot Noir
13.475963860654332,2.797675120468371,2.395561243500247,17.76826941558844,98.67333967099528,1.8899651518940148,1.35535486386596,0.674259980778127,1.0534410158133272,4.373425897664779,0.6301478189374974,1.353434445454205,594.3662033707558,Yes,Pinot Noir
12.350700016702628,1.4667039793985421,1.9186449516383348,22.380220612907426,80.8748501873686,1.8274096221388632,1.7167189503010225,0.19384668623588241,0.8922955527489345,3.656177755731012,0.9154037306797882,2.0335056623410535,272.7442694280976,No,Merlot
13.651747049251341,2.7039715016821355,2.178846144818204,21.481515978324552,,1.7191141441045108,1.6715246205879115,0.41020172800830595,0.5444307133030926,9.25318852077161,0.765683861095011,1.9572807839867448,515.4676259214056,No,Pinot Noir
15.152533584620203,1.271589763241297,2.6163745959985576,17.841002346724682,95.90471108840734,2.7297554933452304,2.477401095535591,0.36576463508542145,1.4203531495419077,5.012639625434817,,2.172572176688788,1076.0570110631838,Yes,Cabernet Sauvignon
13.113996403702592,1.8449247189884397,2.59371387432187,13.432158994534397,101.76994878980291,3.5713350429178163,3.1205533800865357,0.34790209597348554,1.9887931110705084,5.863722261940397,0.9800382545176828,2.63447607041053,1067.9517677813387,No,Cabernet Sauvignon
13.450352200730423,0.32401778656967006,2.749954316658854,14.106338419416446,98.01383392528925,2.651102610200027,2.4442415242549775,0.3596877529713877,2.201148866859552,6.729708080500927,1.12133334271073,2.6927249882729427,976.6320219147896,Yes,Cabernet Sauvignon
12.970557805840643,2.6590104027324806,2.2010884510891064,18.582352825522534,82.71763061620047,2.043874282650837,1.586030475103287,0.42920162809558926,1.9457168136060956,4.904702196255943,,1.9527047904135095,638.2105117631833,Yes,Merlot
13.229153391884529,1.9436438558799565,2.289419552074326,20.757761235642057,89.34719907887401,1.2086860194983489,1.0344785749052183,0.4895988198570107,1.5367035328465937,6.8669959607150535,0.6173117213961543,1.6258811257858925,732.346918424074,No,Pinot Noir
12.44309747127716,0.6897297283152284,2.305580583569144,22.218211904568662,98.78849248805835,2.06891990873028,2.000558529138001,0.38406829662802194,,4.3023781165777555,,2.9883092230405155,792.2218290956547,No,Merlot
12.09416194383047,1.8137489503214286,2.5867938497943603,24.011121525394753,92.96877267125372,1.733617499221727,1.515713758368899,0.35759795639628894,2.267208758882077,3.2528707111200017,1.2384109787539659,2.3402968096279766,503.34874380766723,Yes,Merlot
12.293444284501666,1.1369516070503454,1.9012360742548173,16.41402057817717,96.06851520243401,3.4274485618417914,3.0304536674825737,0.22703513442645948,1.5212359149481685,4.036429279466497,1.3022650389520278,3.1374258100721426,509.29548602822126,No,Merlot
13.597419155566977,1.3554047215336107,2.4635750194910813,15.212808595256226,88.9387864641714,2.4282308403051047,2.298720442883436,0.3087713946668721,1.9556446959046367,5.6381576410093714,0.8774443477840955,2.246980678690834,1205.1858286957247,Yes,Cabernet Sauvignon
13.733015348780608,1.669756776453165,2.5061469517082924,17.681613158580323,116.79627724238927,3.0321133946053265,2.8932763775461785,0.3741890564575302,1.7142478431218204,4.415758664108473,1.0225013762610482,2.6953549035270887,999.0922968828211,Yes,Cabernet Sauvignon
13.37559155344073,3.1073859064647857,2.343030620539161,21.391539555656834,113.00483600497937,1.9327249173893493,1.6742165015100374,0.5868026534451937,1.2384853609570046,7.950010183363687,,1.532440739829866,465.0602641905175,No,Pinot Noir
13.309889459379928,3.5913454599617345,2.4370732519603697,22.6051190636303,102.99022172413724,1.4064442412211813,1.2703468237038769,0.39382161928237375,0.8542384319861946,7.824105596453831,0.8207188194481432,1.9019752237603853,711.033346699787,No,Pinot Noir
12.685490794596575,1.0304331651348062,2.028583377993023,19.988847336425735,88.52614444390682,2.7786457418347017,2.542663508333666,0.5580443001382852,2.278562677753015,1.904121518858885,1.2128572384740028,2.992724898128528,839.2743731312976,,Merlot
12.716989035306252,2.310352098892637,2.2075190568982617,21.3548303862614,105.79408698461019,1.8339094884611122,2.075148497076342,0.26263960877972736,0.8678977993124193,6.600372314341179,0.8491476160876856,2.0567516395343186,498.4576145547869,No,Pinot Noir
13.697439066639964,,2.449577632301204,23.776863818045815,112.66920271719579,2.253312464532654,1.9880082291970052,0.34335044693710803,1.7641579897573725,0.1,1.0983023317539302,2.3050396476558292,972.0871838891372,Yes,Cabernet Sauvignon
14.08725655788485,2.9672306248043476,2.9252316476253117,20.600320279142398,,1.2994244746966448,1.2731000720381551,0.30646467214118933,2.1654022259937067,6.493221308078196,0.6033706426497142,1.4862418244634483,769.2342504635021,No,Pinot Noir
13.282079847181576,2.835755522043105,2.786747134081196,20.944122938370768,100.24343088342621,1.5309944753078089,1.406802183896159,0.41189238783286336,1.0114240644974621,8.80908082132205,0.5849735987549742,1.1876570600363916,615.9845580742605,Yes,Pinot Noir
12.762474997323915,2.5874171857785706,2.272588039191916,21.082195493460507,86.24424877873216,1.4169311181737596,1.4507452418037734,0.6268809276146812,1.2085067677999444,6.071807451881925,0.6036654160244465,1.3810888355526874,647.6021852200174,Yes,Pinot Noir
12.92669363672379,2.18882655891756,2.6906686432315556,24.048660924544386,100.71312815369852,2.061602464285038,2.080628631123013,0.5414635923524167,0.8579334856537391,4.85351452518294,0.7197856486872746,1.781523320443133,591.5042203618957,No,Pinot Noir
12.246394415523882,2.1015034363612517,1.672289056869023,18.702262467431183,81.39767242453046,2.6872107222866815,2.5765996364324244,0.20134393223000407,1.004252575661631,1.9705719993090212,0.7726061405061568,2.107122423709777,488.1875242230418,No,Merlot
11.477099413955493,1.4168177804162805,2.528207066513741,18.41749327156084,84.80009406848794,2.2047927069004434,1.7306773806014837,0.3432468121841064,2.299928023448325,2.514786497939813,1.0071445811732902,2.2464646258446184,314.3714422431855,No,Merlot
13.427155661644644,4.543043940918417,2.2789755328150676,20.162044413061224,113.30102884101997,1.6485772626150779,1.3781747852345456,0.5144316567182717,,5.282856100032111,0.6385823759120395,1.6211535159146113,606.2444926376256,Yes,Pinot Noir
12.768999472526707,1.9422785766695478,2.2367945935627844,19.328785175516273,,3.0982781835977353,2.871595300614032,0.1570267082757776,1.70716710453687,4.2269862522811215,,2.918139062552216,365.3024904840927,,Merlot
13.203549908566783,2.899419192632152,2.3860667293299116,21.960270781702746,89.69046672085649,1.6228358013646031,1.5958262458825159,0.2095027339783679,1.6198268482988571,4.867564458133705,0.7511396815081777,1.5566259155377842,645.0858688570886,Yes,Pinot Noir
13.105956340636741,3.643610615612083,2.5483290129904455,22.72184387236678,112.8512115662866,2.5060480373801375,2.482621841527687,0.39425467655985297,0.6918044346472865,6.969806221450985,0.6681089902628121,1.7410572860163074,592.4100449221461,No,Pinot Noir
14.571967263083895,2.666437557197923,2.3995556162184926,16.736939664372823,93.70939637743598,3.2762565336673624,2.881808623857114,0.3228877446243476,1.887702467095788,6.4908051439643915,1.3729823834398402,3.0026354429442375,973.5876146790406,Yes,Cabernet Sauvignon
12.297116226908608,,2.716941316512168,13.76817272257085,54.4621119519689,1.595829976340559,1.3687129739964772,0.20320049214524974,2.3483001504215406,2.8736645669678658,1.3655942357446031,2.6904418734493603,402.1811335717979,No,Merlot
14.277656018053348,1.7543333324474153,2.6642059724957,16.02330599350201,110.32714557279506,2.552172852873714,2.2959959660903384,0.23601388836357526,2.227779029047159,4.3419847302645875,1.103673476252338,2.6157024134441214,892.9869248992948,Yes,Cabernet Sauvignon
11.877113602637053,0.5964779458266569,2.641784757094203,13.891009972820033,91.59819951427922,0.9781609310908699,1.263903166850203,0.33191015123038253,1.8464893535196738,3.1571598360018274,1.347448491569047,2.616227747288969,830.0583623913421,No,Merlot
11.983578272573942,1.8819149064617828,2.4160841827008426,22.258131877381075,95.32938078558873,1.4228642330459447,1.3165249571675517,0.426312141642554,0.9970315364798242,2.8971720363400006,0.8262857000286283,1.674277053838117,541.9000876394792,Yes,Merlot
11.331999435457936,2.307028710431974,1.819639005118668,20.065537019203262,79.61072078160744,3.1641539897008837,2.889947871530155,0.5755313574782843,1.9527507675481732,2.4282111000225246,1.1835941515107884,2.658334843302763,536.4260022761874,No,Merlot
11.986684220243735,1.560487893313354,1.775534936200553,22.150476469620166,114.89242598703906,3.009369485622299,2.9002413991109584,0.31079404591633936,,3.705932507646797,1.2805564494655146,3.2011204277680947,398.0043668003676,No,Merlot
13.21514865183599,0.7883212209130201,2.5497583694847283,19.908962039622658,95.33416892827834,1.9801815233081241,2.038877907809746,0.4997458028370036,1.4851930842209193,3.9197794914355666,0.5660397783595039,1.4086075882495102,634.2555915242301,,Pinot Noir
15.156931233003665,3.140255863336794,2.112158744616254,16.454927179738945,107.41483751740392,2.9472156380442653,3.2557190484727547,0.12710301421382825,1.6425755500197408,5.956027958858336,0.9691022505488202,2.691263664179768,1440.6996674647507,Yes,Cabernet Sauvignon
13.090593469788185,1.4137756171403653,2.286717739320564,15.16928654649481,,2.5043952416933424,2.4140239751264216,0.34935711204245895,2.511725391586918,3.8801591052451405,0.9581314155614459,2.5368816978152964,1218.3332782867776,No,Cabernet Sauvignon
13.364429861301709,0.9055654364919181,2.797420810655959,22.239996875563598,104.14483071259502,2.8370973559985377,2.755770715428063,0.2894702892358194,1.4159788601243863,6.250254316695359,1.038128523672324,2.717721995487814,1419.2318925889615,Yes,Cabernet Sauvignon
12.99066223268976,2.681446820812439,2.1766396173660194,20.853786242330873,75.59538257449884,1.4336329754510633,1.2026296924511293,0.534422251626485,1.9557560932807827,8.446088243965121,0.6991457464046249,1.6105868961463303,697.6174852813322,No,Pinot Noir
12.992861639542985,3.7722987592326054,2.510342215375941,18.124955782196864,92.8798609793906,2.0616777162878503,1.9890016177228467,0.471034225037271,0.8662028523608882,7.344210235050596,0.6679088750849261,1.8877883820382302,595.5230192444182,No,Pinot Noir
13.806906072822816,6.176400119544965,2.645721706804989,21.563749923100843,117.40605859686565,1.5842077153786227,1.3165495086227395,0.24328093573129184,1.662309326457268,5.659716732147703,,1.6081929647108073,629.4824600986141,No,Pinot Noir
13.272139098702146,1.7570337085073182,2.4668730906516387,20.032745737966174,91.76477154496612,2.0943786933621418,1.9510549091945988,0.38029448218919737,1.3606826777955572,2.2957898109084303,0.7889341418905627,1.9103242815371801,798.9284428127272,No,Pinot Noir
13.036803641130216,2.1743252856148594,2.426639975263033,18.405682179786233,105.66084234507397,3.0137932013324416,3.003259702806323,0.2408763137613252,,5.446320478974559,,2.5591530833682405,1171.4209603888771,No,Cabernet Sauvignon
14.440727773829487,2.6515867584453705,2.390565871545839,18.246798602674307,108.93409784774306,3.110490963371003,2.865467442133549,0.2790504964599691,1.905294669120668,4.002846641027449,0.9262777994680843,2.653342064418079,1181.913098160959,No,Cabernet Sauvignon
13.58525638927002,4.546333900593808,2.2086793979561996,21.906813815456008,76.93120763135248,1.9770483858791026,1.7751192333629895,0.5696762097970843,1.062071764306406,2.8255301166210733,0.7968532201248484,2.0708110373707065,384.82174628280103,No,Pinot Noir
14.10967401212736,2.8699643164694755,2.422577915366263,18.22990600707791,123.41204338726074,1.303955222810653,1.3952328917697416,0.4087641228489185,1.9220378133973675,9.964568136075625,,1.748843175511962,572.3537868077241,No,Pinot Noir
13.400216771751934,3.7772945683655648,2.660052293327195,18.91098780266827,100.62202227035736,1.3010424412915989,1.0119721093228926,0.43623015099717255,1.3790164244473606,9.75287283947787,0.7003773664639682,1.4584081234183122,505.1008127676211,Yes,Pinot Noir
13.50514648030942,1.4764674755337077,2.3520905552069316,27.271230824545352,93.1746577899455,2.4266657556512676,2.393443193124244,0.22554514211252544,1.5539822227265443,6.061057285377352,,1.440538455883058,590.5048883153975,Yes,Pinot Noir
12.72911315469063,2.4999471060535874,2.3240762422084673,19.550736701405388,105.19888874763308,1.9873531691733382,1.7924675132419363,0.35050276366006,1.3617796624998486,11.226426502995517,0.666184037916242,1.606874437746175,536.7948490482866,Yes,Pinot Noir
13.700042196545706,1.726675235376033,2.6800171004537297,18.28299952769295,117.17066738131223,2.646662222222407,2.4361414605829066,0.3249851673007059,1.775344226420112,4.967318036297493,,2.5028015413716136,627.6383745672365,No,Cabernet Sauvignon
12.697860540440276,1.892880108887746,2.5571413410660804,20.042533840037578,77.38035018715314,3.159968810490058,3.021363232059894,0.5192129520545751,2.8242960485947224,1.3079671441161715,1.0710478518577733,2.752217037278183,458.41619655724844,No,Merlot
13.94348624039279,1.678927300542467,2.530404383981424,18.309877385481677,120.93933205453986,2.754341046893293,2.448025350341857,0.3936069442599741,2.3640371386574204,6.167939998813065,1.2412923378006269,2.717569569773447,1127.3515348537169,No,Cabernet Sauvignon
11.588699675608492,2.4266255117149687,1.9835395904783373,19.19089146334929,,1.8004906591417515,1.3024108012523627,0.508061095303852,2.1293185839659063,3.314454087936034,1.436704126068809,2.9110190977474946,210.42815700889736,No,Merlot
13.195814082275815,2.2933078405893506,2.4214168113687107,19.514889732322654,,1.2906307931217011,0.863386545735364,0.19463370368423505,0.9960666729982739,3.637275086479979,0.6467075978889216,1.5039288489097278,337.58968288876025,Yes,Pinot Noir
13.402925022151603,1.7996258865110157,2.6093421890403703,15.007722526758274,107.60532123559251,3.0674031315608437,2.6661852084772586,0.1738078483006218,1.8022684579281882,6.002198889460462,1.2037699508744417,2.9429295306982777,1010.3351937512242,Yes,Cabernet Sauvignon
12.45767100889329,2.3198435350745563,2.5135871210127005,24.33194790087835,125.96451178295155,3.6067723208462295,3.4376999090419065,0.4837695675528846,4.0154944256363585,2.5878401556386903,1.152589801948744,2.7717582992605303,537.9515256059401,No,Merlot
12.821639108760708,2.2713921988834103,2.476036540945405,13.881706325764577,111.3238052334668,2.7790007752955277,2.693150272372957,0.3786413190018556,1.9737466828702654,4.205251375541639,1.1100828282258235,2.6393793458567067,1210.9814797112301,No,Cabernet Sauvignon
12.801015996655124,2.598908996540418,2.2243243238204955,22.414341009796303,97.9717557355678,1.9942028992851715,1.7094050476553504,0.34288102640828444,1.2608871830614683,2.49785791936037,,2.1189825508795543,293.90119758762467,Yes,Merlot
14.157951271178005,1.1443379812220678,2.387784935187535,16.367796384205423,105.0004197741144,2.9788501275777812,2.7733721760218564,0.3470721250520143,,6.8792522091493815,1.1399560150066066,2.8246106818509586,1194.5521148055884,No,Cabernet Sauvignon
13.535517479347131,2.968326239034977,2.5305437987553465,24.099477916714868,89.09062322286408,1.2594643976960747,0.9887305217590472,0.3799485569735011,1.3399159274737484,11.968309604705448,,1.4696141818262485,356.08073247133717,No,Pinot Noir
12.786235278523447,5.645535009698523,2.463291827463856,18.73406635179389,86.88733949200136,1.0985548340294033,1.356323530248845,0.3819263791306786,,9.364516903147972,0.7475952178581573,1.7803094829479262,697.9257562747047,No,Pinot Noir
13.778524283722671,3.095302615168933,2.213226055929871,19.060499049489657,98.31451520416687,2.479424173794647,1.96225336898054,0.41754386549399897,1.3495826673707407,3.865539002976817,1.1535946994245112,2.615299438578974,1106.179119337024,Yes,Cabernet Sauvignon
12.52371035560119,2.496893896230846,2.2728607267054293,15.827303211676332,92.20307847458731,2.8266049083983376,2.3842640935816855,0.33713252226515983,1.0577610664322081,2.5439741092773707,0.6291940357292589,1.720925841414406,983.5772227309667,,Merlot
11.63505448877971,0.7036311493703806,1.9739629763848625,18.725568559741728,123.79252821113266,2.6202160992834727,2.4486706137586394,0.3804755340461512,1.5047003701190476,3.195882959275064,,2.8354411504218358,615.3477567586493,No,Merlot
13.53277191382206,2.5535612048252925,2.214168238496152,22.814449479704212,115.4658267875759,2.699468455281932,2.7883889021966266,0.2957902741304232,2.463962486910011,5.807961257297835,1.0851306749905554,2.5772291598183448,582.9048578069428,No,Cabernet Sauvignon
12.485883820276433,2.4127370933704277,2.0278872889162542,22.25801892871845,83.22957720151419,2.9886317461633625,2.5020172235423463,0.20419074252456706,2.116053708559645,3.062676620950264,1.4116831228986058,3.027355143350706,340.8899482653765,Yes,Merlot
12.779255626890054,2.0848201140263116,2.2509305419330525,19.420320731397695,85.18801831810316,2.1682988005086603,1.915091583254787,0.5015234775231694,2.4481146110805865,2.5335581120032047,0.9772594039958354,2.1332334666248705,721.3150170231072,No,Merlot
13.933754671126023,2.491367538354889,2.4526516997324017,18.744542097500013,128.09630924803653,3.242800882158339,3.2133322460989215,0.37154611116316894,1.804153137826141,4.958589571312703,,2.752191371139361,1367.7233169610033,Yes,Cabernet Sauvignon
13.261813610211359,2.4251725826500077,2.5421831526778447,29.440283588517275,,2.8709328622167916,2.6413767107195896,0.20013627440507853,2.047660200726942,2.707262421770433,1.0916607074181053,2.5301223454656174,712.6387053626454,No,Merlot
13.125797440724112,4.787695414801585,2.8078595320574777,24.896282478758053,114.98685934433949,1.737138069288372,1.697162335938194,0.465006742933427,1.0633610272290177,9.10105501377015,,1.561695167699498,545.0067708225208,Yes,Pinot Noir
13.299274113636862,3.9837300496613586,2.0978588160492757,19.02379965804639,95.89233679821531,1.4233988131776512,1.2724447579556093,0.6121256766761174,0.8219273442564635,12.510582265124413,0.5232378350120052,1.314139058324029,571.6110709105861,No,Pinot Noir
14.234235777994519,2.194700608518239,2.4724468853929267,16.11596314596589,94.2907997926121,3.191149435419837,2.934466749987227,0.36981466352557146,2.294898941193364,6.200543854351538,,3.094508939300336,964.2465824206147,Yes,Cabernet Sauvignon
12.41341341164218,3.1190545495197877,2.5644084062965686,19.56665980149754,116.78228563991618,1.997351800339064,2.040493205780058,0.34684130246351746,0.8948077015874971,4.9486632567140045,0.702707093528528,1.649550725671061,590.5806518220331,No,Pinot Noir
12.478570962214437,2.3752168117250703,1.873527049316249,26.776051242756555,109.81834028404015,1.730464762185592,1.7086756886773307,0.2844786467322724,,1.237058452167679,1.1618083937186985,2.5734869104600153,655.4800287171095,No,Merlot
13.062156838331038,,2.5371054523747816,19.216897636011847,,2.77217469954132,2.502212774709469,0.3356078434450771,1.432155999008469,5.782143931781998,0.9266394877634302,2.0944113207763357,1118.8581183680728,Yes,Cabernet Sauvignon
12.15142763138493,2.8082007156295496,2.2432917527479925,11.950228610528091,85.52724451188179,2.630908159120822,2.711479162166879,0.2773593551612838,1.1100856979647844,1.9271511447159198,1.024341595602175,2.6360545531751165,507.4248800041173,,Merlot
11.18731840645101,1.5740279793505167,2.392678252121431,19.40578808050212,115.15026506646228,3.0954481909530944,2.831489783647432,0.33723075551923215,2.5507601138821174,2.2308240912693478,1.1826191381550166,2.7631359802352775,370.94190442567424,No,Merlot
12.965019613916352,2.9615687208980597,2.5785214416461715,19.704246456056126,85.26659649774486,2.0504265291380737,2.0456803939605686,0.26992738598145194,0.807646431865466,6.843663277230048,,2.1108195268219676,578.3672654086886,No,Pinot Noir
12.43459289441383,1.142685862214817,2.1899076551311696,25.756368804662447,106.33552685121343,2.1493068074564716,2.382705603895316,0.39737152485600774,1.9868405749054276,4.02667016477594,,2.604439198418997,469.17807298155435,No,Merlot
13.89292327627825,2.2235801846538603,2.449693616682463,14.869602985086015,102.41732078918898,2.867060446071443,3.0821508969904348,0.26339733564654627,0.8041867510842082,6.535780886444966,,2.525633581852491,933.5830343349852,No,Cabernet Sauvignon
13.170450892983562,2.0335595506518995,2.693292094895791,25.189368700565602,88.41709439376663,1.8654099884209376,1.737554672777314,0.37801907100080445,1.4893604224815185,3.009302096194565,0.6860454294639706,1.5834273014256033,536.1346998015988,No,Pinot Noir
13.421614487885808,3.944136646750188,2.2013702874672996,20.338340701964345,,1.8728025419922827,1.54629962691288,0.35215646491401953,,10.376568745009452,,1.1710220785729215,612.901502302174,Yes,Pinot Noir
12.382073680038213,0.8548208157496635,2.863496497312367,16.612123438758434,55.76228694142893,2.4427795313920773,1.9792482664611155,0.21753631212391597,1.8450109476649823,2.9252804698938615,1.389144522723642,2.808122130123786,450.42685773576244,No,Merlot
14.525463966115623,2.131581511240273,1.6473491784527479,18.855072257448725,104.19651149970304,3.004380528360187,2.8965360532983624,0.29112905906932024,2.2903936201176207,3.7566909438854235,1.0557198961735161,2.440661748109524,915.2262648875869,Yes,Cabernet Sauvignon
12.661631529911885,3.053107507386315,1.8833953110237713,22.668407467028462,80.77907014909752,1.8473494107425195,1.453251574551203,0.35223599021405716,1.621222368608466,4.3106819089635575,1.0169146281115056,2.014262268627993,374.56159320953344,No,Merlot
13.814114165069451,2.378792127563172,2.589035926427507,17.942369464238432,97.47882958111731,2.9137499213383555,2.9092576557381338,0.35435965736528896,2.021386760326668,5.974171382838071,0.8974961470250935,2.2207266219280837,902.7575425375047,No,Cabernet Sauvignon
13.170731959010794,0.6981152154180601,2.3981175403215325,17.82572486404148,107.11592173715054,2.7856566375804706,2.3887812727641466,0.22302143009842473,1.5951216275851003,6.762225832633024,1.2086849510146118,2.5727111757351935,818.9963584547633,No,Cabernet Sauvignon
12.827707006512902,1.9877060214657878,2.6642567082078283,16.47647793240098,,2.9273622684390923,2.683565814966833,0.29322406970039805,2.4060639781953306,5.124215273310063,0.961931759986076,2.327922067774246,1304.335854914132,No,Cabernet Sauvignon
13.89247548305293,1.2940247706398247,2.541034309781847,20.08225483525674,108.72742316937062,2.839328750830579,2.206250850238805,0.25793427388323104,2.669798414805029,5.884539416615246,1.0823527626733296,2.3453039984424797,885.2283725721448,Yes,Cabernet Sauvignon
13.11375540202024,5.7035284290361545,2.3804829207888587,23.946798415939,111.31266458458101,1.7699017150174932,1.4317775467690255,0.5339045629861234,0.8777393143441579,5.59419761266426,0.7889177320115852,1.7097510183382296,463.03447811833706,Yes,Pinot Noir
13.157157339992159,1.8070404264653004,1.6762185725004168,22.903825036575654,110.41102490212663,2.37399980155541,2.155547587129012,0.4407793926049761,0.9258266382700087,3.699658874220358,0.9929245096653065,2.3673715095682293,398.4496675275757,No,Merlot
13.293113635876061,2.524603729809418,2.536078225185312,14.505370041889936,101.97983446474352,3.2768582895915923,2.990755866862237,0.29391575450926805,1.7537132857415163,6.424838538513716,1.1393347910079772,2.8257945943513234,944.5501609727608,No,Cabernet Sauvignon
13.314821405989093,2.198087382400771,2.478412774427734,18.297676463041334,,1.005219922714503,0.5520180973135931,0.605551009552417,1.106208470667758,5.029717970976758,0.625048158918151,1.1551512557401267,566.852746588271,No,Pinot Noir
12.984807229137678,3.7998546365104167,2.4758407837751553,20.624563652859415,94.6234365041785,1.4646509105324805,1.2378285596123721,0.17018253755563106,0.5922963415109695,9.552143685142186,0.6433351234867243,1.2436920276574879,866.7009401582176,Yes,Pinot Noir
13.607568818227369,1.874272010317979,2.438736635400349,14.032323934064074,103.13010194699065,2.489066769633499,2.1443035599677356,0.2556844494972857,2.3931454973236037,6.914141020381997,1.2780486330160148,2.74241960910166,1325.9374643224114,Yes,Cabernet Sauvignon
12.965498857089688,3.538621553958684,2.5104217704813387,17.045611702592147,104.34888889201432,1.7324797686770879,1.56190353586939,0.35060875252870116,,10.079489130037892,0.6775467909907799,1.9003960788087548,631.7039191743752,No,Pinot Noir
13.487302450189633,4.160409774357461,2.1903543069548914,26.74959694844522,128.0218385125019,1.409858256573644,1.5506746443696109,0.27115363485791283,0.9077357798293687,3.139826642382869,0.8317386390280237,1.7899876691871361,578.3048959722267,No,Pinot Noir
13.01148224838784,2.9436098587157105,2.68258341483347,23.906229068144953,92.73945250747975,1.6111803055696041,1.3707721652603582,0.37117881334348835,0.6972302197417113,5.646788946893076,0.7226667402582562,1.4521301275714948,831.226294846984,No,Pinot Noir
12.913979872173378,1.362597581254986,2.1424158748442528,13.784016662290757,,2.8998041038461437,2.8027388725451585,0.2205007234516242,1.9842138683156987,5.536007846237128,0.876656627371074,2.4175181475498277,1337.2140133102841,Yes,Cabernet Sauvignon
12.74334503770305,2.923181770105507,1.908247409037221,23.843805161159985,95.79360614168277,1.5328742249075635,1.3495326255034064,0.29500148887213257,1.8725819834438837,3.196127189392306,1.037915619898318,1.9868523702709644,254.02944336058846,No,Merlot
14.048173303440855,1.5354987981425805,2.5944703436561913,20.643233997352333,87.72047410671816,1.6077067694783995,1.879014930755828,0.4984355007357485,0.8727942702140588,6.20993870000518,0.6862476295884202,1.5352969395203093,451.06040657683974,Yes,Pinot Noir
12.271612506691893,4.006832334933399,2.5776111743563717,20.860554781953596,99.6131787022037,1.2649744752338163,1.1028750490058634,0.45292716838354063,1.4914850988511066,5.462863150553743,0.5335266007251952,1.2956216993302263,638.1631842425746,No,Pinot Noir
11.965874712772715,2.0757538886407336,2.2958757912003858,18.351007436236106,102.67995950746715,2.512005470963613,2.4818537822635403,0.3605406078611221,0.4815387807087137,3.4317389850555395,1.1147254549069223,2.434950545673089,612.5580343416848,Yes,Merlot
13.08776548413975,1.5429586987347017,1.8052692373123895,13.027756089553186,108.85788642486061,2.6955678166029835,2.4476725124963306,0.3825753032066186,1.6516714457277644,5.42470397923759,1.2214890004931827,2.6265287580230217,1211.783272671286,Yes,Cabernet Sauvignon
12.337895774982178,1.1148534025355863,2.47553796279628,13.839180252134735,92.92991048375606,1.710949829587195,1.4992426746386542,0.43598405216511715,,3.755355101449004,,2.309152346697489,889.1745565698309,Yes,Merlot
12.033632163482363,2.984986508032258,2.229399661004157,16.605448203543602,79.35965895087105,1.831750960889489,1.7089247788790976,0.24563095617240266,2.2351486322406267,2.182076194907668,,2.036529936586142,307.0559889212499,Yes,Merlot
11.913402441578562,3.0021664218398243,2.3295424848061197,16.845514947707912,109.25715427357935,2.3248869040246833,1.8002489048734098,0.4701685960338099,2.1436062565423653,4.261906563046587,1.1333117607099379,2.1975689853568063,194.2177182399251,No,Merlot
13.858247130836654,1.8780790863365295,2.494610510615521,22.57432960352387,105.91305033089441,2.494397528290775,2.2504062719786018,0.28242366631739185,2.2478703026777964,6.277136772663474,1.0505831972484738,2.176479535936596,1080.3900767733373,Yes,Cabernet Sauvignon
13.629604556791806,2.0920400717638166,2.16905638210655,16.941915722874086,106.02199292056596,3.014314568308895,2.8581311251522368,0.2496206068796181,1.1337739342124022,4.632117176870993,0.9290622163014793,2.4345573949924018,681.5966929662534,Yes,Cabernet Sauvignon
14.106881844983105,1.8686303063500835,2.397103816644525,14.32074668284564,92.86197971203094,2.0641817777597664,1.6292460852091595,0.29037260023161904,1.9474656678895983,4.243489935080254,1.1200698153914572,2.199101665491334,930.451655907246,No,Cabernet Sauvignon
14.11399408839853,1.4213064671581739,2.2491668429218583,20.667953126772606,112.36527797196683,2.5640826742423855,2.4171797694741044,0.17742699321519206,1.947649571746511,5.085811759308522,1.0678094186967444,2.398339518838409,937.1012966280379,No,Cabernet Sauvignon
13.487824732639174,5.41773438553518,2.4584202303755083,22.97870219625555,103.32652577249095,1.4952355854359531,1.3679153353485283,0.5326569461459365,0.9565345751448411,6.888691220361832,0.6667418165914503,1.6522080117887692,739.9710972220448,No,Pinot Noir
12.295675686993881,1.1191387327956561,2.8525841307532103,16.346418671925214,125.1279242738906,2.4875618898062113,2.389410640462533,0.22822771762928082,1.9639558945356566,2.9814358470285662,1.1504043271568454,2.5619954795799464,628.201730143191,No,Merlot
13.809998341985882,1.4963638367006467,2.2055569217981374,18.989445024360585,79.44481363865859,2.8928768518748043,2.5314218391286905,0.30968212159504355,2.100434173048986,6.165755826070376,,2.4614034024607694,872.6431974936623,No,Cabernet Sauvignon
13.20563384077956,0.9244933393549146,2.4961338745328687,19.419201769320512,89.39804341925478,1.743229143907418,1.4619734651663352,0.3690874029682093,1.743013055967143,3.766334395741234,1.1689354794344224,2.273312451111555,633.4557086994188,Yes,Merlot
11.987979280060395,2.933645768722316,1.769531000928807,19.74555224542413,110.50349315833586,2.508521323531396,2.2240184243180052,0.35209223546293383,1.7223996766664287,2.185204594824703,,2.656311401622597,439.3060795151294,Yes,Merlot
12.552748022104138,3.137273814907589,2.906627506898891,17.042083648335957,97.98892855895062,2.1088389738504585,2.031799554668905,0.2655114728040735,2.4273320197637265,5.109807748971128,1.196987601140404,2.781880246760056,449.4808205195355,No,Merlot
11.693554682729072,1.1002738377187335,2.1006701992232357,19.06569538392508,83.7010214709204,2.713443365742382,2.351791658233329,0.407455037855897,,1.7608450252604246,0.6115862559728659,1.9041071089089994,728.8230725942514,Yes,Merlot
13.971577134152596,1.4138212433207764,2.2115862579812267,19.136714325338904,107.53916743243025,2.881292863711024,2.7484422144505416,0.37804452656086096,1.4551822982563194,4.169436430074353,0.9046094875138657,2.4159507895797137,1095.6559699276227,Yes,Cabernet Sauvignon
13.541878703828209,2.3669314899689398,2.3276377690531924,16.039385217798575,104.12572734308277,2.8986163690605355,2.600559875626859,0.4494201313989269,1.79144940282731,6.127412512898837,1.1177605571369857,2.725446604644355,1150.0011732815813,Yes,Cabernet Sauvignon
12.062754385286466,2.6024869985468504,1.804080166442413,21.023698582349308,93.73266453128164,2.357666249313609,2.4818105873061973,0.36160822298616463,1.7391625051771529,0.01,0.7396020973587355,2.042201051506324,491.6494936168692,Yes,Merlot
12.828657683670553,2.989134663374529,2.493316826620829,24.915012644580663,91.2487148253391,1.554768323459221,1.5582651897997104,0.4503789267286207,1.2943794857394717,2.538817275731467,0.5332487460671897,1.3258684067626503,675.7037668068144,No,Pinot Noir
12.985533695384332,,2.237383741784537,11.759656865147779,,1.7348322700501764,1.825920279639757,0.43502499115198845,1.772098522088006,2.4376522113201036,0.7865680599003095,1.885656537360182,368.53313502746994,No,Merlot
13.005534322330917,4.204131578070235,2.607667618512503,22.153672480164268,100.21179617561577,1.6474540197124226,1.694752153084313,0.2925501485800931,1.5808613641728995,9.572148304897187,0.7983723493389828,1.8804008541044603,588.8564942516606,No,Pinot Noir
12.349457739381556,1.76505795957919,2.2611118409939213,16.8636874807408,107.40867411479397,2.015450909895267,2.0313893150896067,0.22050406976096681,1.9685607808151482,1.9317356306819484,,1.6756775991221426,390.68206271411015,Yes,Merlot
13.54532673013988,1.9818960064323006,2.3760933704911675,20.312389198454078,94.25646854050626,3.0112606130742114,2.7038578032199996,0.39999350712576576,2.456828368389702,4.001508867150746,1.1254159232507204,2.656198285147358,1180.204264425686,Yes,Cabernet Sauvignon
13.701607694133115,3.1512029377771245,2.203719687417426,19.720125708518097,99.96259790228514,1.1918308288914994,0.8924715885742665,0.40505796324366317,1.3771897835297322,3.4797808322968784,0.5283542577525911,1.2872790685948299,458.38559771005896,No,Pinot Noir
12.87541987457603,0.5398995821536856,1.834531710998408,19.887131754013037,98.7752710273029,2.4355241602406013,2.238538274261906,0.37414032906211575,1.4400490692261176,2.7734978031094744,0.9129105361520212,2.1559506483229867,457.3038883335888,No,Merlot
12.580264137636423,1.680289505422643,2.265033220594188,16.134574167122135,88.27962783266327,2.672200420687624,2.238980551820045,0.39384863954727595,1.9550806113586048,3.1783206917389313,1.0458931566309668,2.4345246263326037,458.91417947819616,,Merlot
13.339123472869032,2.2234141936384644,2.6761868354435996,20.59492474509531,116.9595104728494,1.6034317992737144,1.5613131149709385,0.42782835359875804,,7.61511735306938,0.6997618466877912,1.6336843797101406,676.3769156036743,No,Pinot Noir
13.875878204199601,0.7885298761449473,2.457933183895515,18.6293703535076,88.48785697534399,2.2859553857096486,2.106557891113007,0.4314447789143082,2.010727891732328,6.344818089185985,1.1070229146332924,2.4716994005227173,1098.5522360490722,Yes,Cabernet Sauvignon
12.778363923948104,3.44465764989813,2.6347270542370618,21.14912761735699,102.1711266429791,1.9641175563897122,1.8184734285130102,0.5988876390371431,0.6588599477946344,9.705774660702922,0.6120976653446583,1.8331664574556754,602.011034805659,No,Pinot Noir
13.337386967732122,1.4216393735452333,2.2592588436088463,11.788994612528814,94.72048859444305,3.418378780858564,3.3468296255671053,0.32998218464037327,2.0195672610336604,6.896194977167768,1.2859999604082855,3.093019213180736,1409.8559682094024,Yes,Cabernet Sauvignon
12.85123325718403,0.5424639514013376,2.388623986398535,14.461342150240295,87.36707467493298,2.465704871298228,2.1864548592965733,0.17460241694260745,1.2491583536593247,2.931807954773048,1.2327596028824876,2.828865495426697,358.66318739323077,No,Merlot
13.380124233625125,1.6082993997653574,1.8996260342848763,18.62562251394591,104.03479314084721,2.917785473897216,2.7448873203288655,0.12394631303555395,1.669320604428999,4.398749230599689,0.9763048780447006,2.4935477103384613,799.4711143593273,Yes,Cabernet Sauvignon
11.962675890908839,1.5282010424829566,2.195548219934368,19.948554282320966,93.79726622361353,2.981466242519698,3.093133985173744,0.22114456216873019,1.217511130409708,1.46685206418138,0.7766540930671733,2.568259364637084,520.0079774483233,No,Merlot
13.335458081128195,1.435380766984839,2.42585848004136,16.939256540572963,118.09110711102593,2.586394104185316,2.3498105871661332,0.2986618010087973,1.6351020722701628,3.1998209538819085,1.1285620172877169,2.799322828595049,955.5937577986602,Yes,Cabernet Sauvignon
12.453554181291212,2.192213487905965,2.294414569139404,17.933135950456332,88.1338078787411,2.6229636882283818,2.6188801991011297,0.17647367210300643,1.7822584453103147,3.7902464768688566,,3.1956860391565707,497.13660198609193,No,Merlot
12.219438241271815,1.6483679618342255,2.1389330661376564,19.191263057705026,,2.0405552240419826,1.8124593051021665,0.42814851761934397,2.1534734399417244,3.309718914267324,1.045704301267602,2.370181504570336,525.5506072834811,No,Merlot
14.063449490760341,3.7366233608061776,2.3442982778908967,21.168588345870205,88.8413766005761,1.1762211035684178,1.1177704641262762,0.510916010940803,1.1307950592993086,13.440697196287474,0.7363426615540616,1.534543735729364,689.2880415399336,No,Pinot Noir
11.595023254992778,1.6842575993222784,1.8301800795708587,19.326253156014378,96.89862149675636,1.4789940285537382,1.4077020960246938,0.46317168777552953,0.8719619953544794,2.204519089521301,1.410395820932593,2.4856184481002495,782.3548395222399,No,Merlot
14.09117517120883,2.7790761241621844,2.503625545688363,19.40740143312362,99.53947160959844,2.8805842171895715,2.3822872659066725,0.2519352036953093,1.8641076920353525,5.4328654815456785,0.8853757893895569,2.169204652775279,972.9687474593121,No,Cabernet Sauvignon
13.789637817478157,2.62662948738018,2.658482914166626,17.243533532394455,111.53353535214552,2.589304503223691,2.579465768909757,0.3586133610170275,1.6355723616771438,6.156000439139782,1.0987203249331394,2.675900769283498,1045.4525281669328,Yes,Cabernet Sauvignon
13.065247630641936,3.608256059620516,2.4904138714174793,19.89025028799997,99.64699146464874,1.2141160433362863,1.2663328707008115,0.25713592419608433,1.4702879321364426,7.3178139429544125,0.7573938490663537,1.5457798514302445,643.560275983524,No,Pinot Noir
13.85780250179517,,2.844761412012079,18.01213771908927,98.7799201709708,2.7252470337286128,2.641582550564257,0.30513432734258816,1.8623939303659376,5.287027015487695,1.1538555929155985,2.8806808803131045,1244.1966855838648,No,Cabernet Sauvignon
13.22772630037645,4.545890056062311,2.467814512122266,17.30426995064449,112.48516748837076,1.5920607628472117,1.6065860643672663,0.5155532683876771,0.8727672864803389,7.019318423369376,0.680191812506358,1.6706390295973979,881.867159760708,Yes,Pinot Noir
13.758804154017838,3.880367166378183,2.12783293356458,21.28611731301547,97.91719594309403,1.744762616577857,1.4133651950494608,0.46559173547939997,2.1083629582741334,2.991916878985929,0.6257025717477815,1.376159884308733,640.3400302336192,No,Pinot Noir
13.772453206011699,2.9618288799917774,2.443189751110926,19.8988406308493,88.37445404985193,1.9530204176456252,1.767758394087248,0.547951153750463,1.0623359040888998,7.8711358222241135,0.4503108513387756,1.3437793886241325,660.4099707907786,No,Pinot Noir
13.240273856999194,3.3657087920884097,2.201888231723823,16.53510830703488,104.08778529895922,2.8845477098630816,2.740613415793877,0.2873925523213511,2.59096731465124,7.439178908994457,1.028978406987127,2.4711133732886195,1007.1695633873366,Yes,Cabernet Sauvignon
12.41667077953435,1.0782188522592309,2.987928631912962,12.911341878855355,105.92171459358633,2.862145814701995,2.792802888709692,0.30280403110900933,0.8935619216908934,5.023019998084683,1.0688668553182574,2.423367944007062,854.307654177473,No,Cabernet Sauvignon
13.295869697438519,3.1587461588855623,2.454380315369534,21.759408192537883,78.04463448004914,1.1209596920530185,0.897931049531584,0.35878782707049034,0.5306207257102762,7.7330121414897555,,1.788506598636637,443.45890473145556,No,Pinot Noir
12.746186687255726,1.4836754673490806,1.9703000728903648,13.251720381910353,122.52577029055573,2.282337728387671,2.1179329852557967,0.45985585937485407,0.8079192100135005,2.6296369863594053,1.3029367697785865,2.8197807791841827,502.77220001892255,No,Merlot
12.554558784525485,0.25901457082948887,3.0606442618536827,20.196656332629168,93.01468840161617,2.5004148635333903,2.462688589088743,0.4794036934060807,1.3474930923968356,1.9972393227326435,1.3167523996397401,2.7676021385392726,267.8106805594628,Yes,Merlot
13.265582797376954,2.5506606140486,2.670809050544409,18.352246109615354,97.69933577575063,1.783668950711554,1.510320481320594,0.49822169364777746,1.4718997320682266,6.623920079773934,0.9121331786318421,1.98655363100234,553.5648637951955,,Pinot Noir
13.267084442153378,1.5420017063187113,2.510104885027467,20.71229696683463,81.64393891852697,2.755499175164492,2.5208867985482453,0.3634649024104323,2.3157476179674212,7.91589574575352,1.1851752446340054,3.188284077280227,1025.20190128243,Yes,Cabernet Sauvignon
12.996324067955294,4.173189338825499,2.496138699857907,20.335639615266516,109.27708386762995,1.6018495239571038,1.499088183443775,0.40754209830244,1.1112794940759425,3.098767768944157,,1.7371811444646408,758.3823982195242,No,Pinot Noir
13.809691250681928,2.2340065899484003,2.64500667110495,15.598114589780636,100.57258525579053,2.9777293807005956,2.8005300421300166,0.19807825972600435,2.338425693222872,5.602445657923106,1.325958608972809,3.084925763967253,1058.759264889485,Yes,Cabernet Sauvignon
12.871078127817423,2.973170668932099,2.2891011674960597,23.453663852061865,79.55496576026314,0.6496393159611316,0.7783767597590874,0.4562187993120439,1.0119891503676248,7.222303459735592,0.49344852424316754,1.2398198111321475,587.283272665101,No,Pinot Noir
14.6103230788234,2.7344215350089445,2.474287059634688,19.471383106163287,91.58673575258017,2.4871127458713675,2.1619563778838535,0.3725268205014154,1.3714543713418923,6.082826751028618,1.367966694402104,3.0116352471822077,1279.3062983395448,No,Cabernet Sauvignon
11.952210030452795,2.8689943807277043,2.5069012926758814,21.718399394504686,100.09888438816147,1.617846975569395,1.7449922835400895,0.42553552300365693,,5.677177239072206,,1.6571133227335975,607.775075883787,No,Pinot Noir
13.781376532552502,2.2533452977501907,2.1943425071984572,18.050566773686466,112.05222745629085,2.760605103066591,2.3510101987522973,0.14616670846272942,1.2061554012251219,6.43741744626849,1.167222699659524,2.700528073928722,854.5729986467571,Yes,Cabernet Sauvignon
12.415773412639162,1.6895075401738582,2.490753630175136,20.6422147713541,,2.9859786849287318,2.6089814953149855,0.4411470535683113,0.667889474652816,4.503606977900101,0.970623519678405,2.54562473728568,923.1217091679194,No,Merlot
13.847996994843548,3.6678215978788513,2.4829653310772017,15.900030738675728,113.30789041663924,2.790498682459654,2.613644017692662,0.23289213464108968,2.1124892914370323,5.203811445386097,1.144606225216349,2.526261642283559,1236.0759223090754,Yes,Cabernet Sauvignon
13.14379426400829,2.1241772802458585,2.327290303882327,19.488725707363294,104.37120354997471,3.0175503890406232,2.7279433346558406,0.34876976635419765,2.4686507912328834,4.696005883746133,1.0417784476747578,2.4689273748440046,1009.1983334416891,No,Cabernet Sauvignon
12.74435031230464,2.8570870260311114,2.282251716678018,20.660410696748208,93.48625517954675,1.8292688414806004,1.7521345141615736,0.4272494324863083,1.7748550793811317,6.092431497630891,0.7682294461640512,1.7091444942589575,817.1296036838228,Yes,Pinot Noir
12.585017098042012,0.11920089979957882,2.147663110317952,18.47019640935849,62.759976924785605,1.7014991360643363,1.5648042342587978,0.2427167256368458,1.3190065760115046,2.855666608726329,0.8533353674122989,1.8069908135928627,321.054510336353,No,Merlot
12.252250963345178,1.8462284389356007,2.7155324459248473,18.706946879608033,104.74991236138472,1.4726094967150125,1.4892829198591713,0.18656460621226437,1.926359016510004,2.623306595035563,1.1288300432383718,2.3925832714476645,807.6111889439901,No,Merlot
12.930097304030765,3.5390537902291532,2.287123823296924,21.192333056695055,93.19268893298258,1.7515933498301892,1.9527378358164693,0.4629394976929026,1.4753490757893302,6.70443901435507,0.8073009438242921,1.8605815769757739,675.1900297095211,No,Pinot Noir
12.384373797614096,2.5816814362453426,2.2094886916812624,25.216350203975672,95.75454869007933,2.4713093442307663,2.3742151083927734,0.45221804848087177,1.917132090128999,1.7360029140229543,0.9234317451068957,2.332676956824011,774.953339964353,Yes,Merlot
14.435745986496578,1.5002876231744613,2.474122506006282,14.82951642339805,109.01184229855872,2.520282185860766,2.6400713457437393,0.39313891570092296,1.7821724981353553,3.237312514667835,1.0438219150540535,2.899709219640766,946.621786673533,No,Cabernet Sauvignon
13.339780489313656,3.985394306867435,2.574226004788137,17.429318558992193,118.4758421235666,1.4472585793792165,1.4150358000963676,0.3793471775549159,,5.327273003597682,0.5856460951758742,1.338360667303111,735.3918226868728,No,Pinot Noir
13.626235659879823,0.4269120112614011,2.232502027124387,14.04630233017795,88.11307062510832,3.0318050456948686,2.913560959328645,0.24903680857510918,1.0821086947980716,4.906792059780767,,2.5297711465198685,1215.3226800640082,Yes,Cabernet Sauvignon
13.068670380594853,3.8144462150378184,2.231093672536786,22.930000811395335,101.26162545989561,1.305167416481273,1.3529989814368848,0.6475452240550048,1.1089104005151484,4.554129166316009,0.619663922702067,1.3744674632295029,545.2183833653448,No,Pinot Noir
12.637011601158099,1.7303739306637926,2.0682438206901432,26.03580358409569,111.04082043663652,2.581103561502202,2.4155436745297414,0.2245877236434335,1.2095672615462623,2.6895434089609855,1.143864141705176,2.663826272557835,336.88165796816105,No,Merlot
12.945092434996578,2.135220787573182,2.277234209557298,18.613541050451843,105.37408433978118,2.1139030375243113,1.7828075868644306,0.2620575874895428,2.058586376722253,7.393546539268918,0.7086612559754981,1.5104694737457114,500.97766630413656,No,Pinot Noir
12.206300389548009,2.008934145697217,2.4452585551147896,26.243291057905424,104.39999432524108,2.1464608140423485,2.0490826601500562,0.4648519504867435,2.385365893921878,2.9144113217959497,0.5532683339010683,1.6297367204267599,579.5327324711101,Yes,Merlot
11.806241110075653,2.30907868468193,1.550205798853264,14.22552917561757,72.52010408197326,1.577574827520478,1.7607609196187677,0.2556709866174394,2.701854224448054,2.60661453146679,0.8251983347954714,1.956850923001954,142.7124841967833,Yes,Merlot
14.055613289896426,1.7600496943949344,2.0403940662866478,15.37359094898602,104.68697180795435,2.607652040060871,2.439023680514903,0.3468214996997551,1.6658485992107825,5.415141289930645,1.1561776671291026,2.9794678560101646,737.5331774367703,Yes,Cabernet Sauvignon
12.027714634052545,1.9202322665383627,2.0571361373029555,15.79099620831716,87.81393490062352,2.4662600380817965,2.7907433454759665,0.4870577360559354,2.2583116444937406,3.2938407944105097,,2.8356278780892366,262.25364034678523,No,Merlot
14.489545628205217,1.4725306937498355,2.1968098079791756,16.492645140811575,100.87655018656115,2.8386232945385714,2.7634424637359656,0.359715707937558,2.121732001852956,3.9196899116404644,1.012969007053753,2.4707838997511757,1183.7967674404563,Yes,Cabernet Sauvignon
12.143952339976854,1.649514196259505,2.331709935134057,15.057222976934307,118.3672529103502,2.3484956153010614,1.972658858918624,0.32554838301653194,1.3551347429932827,2.1130086443224623,,2.62682516247211,559.3111127659531,No,Merlot
11.990023168053575,2.9682022101391725,3.2326034571983566,16.59030443371845,87.60407524728177,2.7587732438992125,2.971931592368289,0.3111590814816684,1.5386517442685879,4.0425551415102285,0.9942454230656611,2.36830135501112,481.21012447589067,No,Merlot
13.638165517045982,4.0510442635386825,2.110037998637684,21.076384510626088,96.12384075088673,1.7765937725952492,1.5882541640318755,0.5894194824684809,1.1845772553472733,3.4985226210034863,0.5658790719968618,1.6671771152207222,811.4895071840756,No,Pinot Noir
12.205888739354036,1.5445024558316427,2.498271077009588,26.090921746487435,97.80489990798966,2.1138969511828303,1.738278498904437,0.3106398921275642,1.9442358739907752,3.316682828659415,,2.365656855818632,922.268240497159,No,Merlot
13.209172140227045,2.3307006695652706,2.500916798165153,20.062206508725865,108.76432947867632,1.8774171028352498,1.7001954678599933,0.644932641994968,0.8366292447836947,8.660271276799985,0.567147871914665,1.5852411032459708,767.0063603073542,No,Pinot Noir
12.32209495977802,0.01,2.032525307640024,18.144691239474678,124.9422865575799,2.514376328418671,2.243424764470586,0.5683230175032212,1.6050203519538715,3.692127151153379,,2.166399580242084,379.91978902822876,Yes,Merlot
13.01148224838784,2.9436098587157105,2.68258341483347,23.906229068144953,92.73945250747975,1.6111803055696041,1.3707721652603582,0.37117881334348835,0.6972302197417113,5.646788946893076,0.7226667402582562,1.4521301275714948,831.226294846984,No,Pinot Noir
13.27035376855838,2.0967690024410772,2.4946154009175117,17.276532806446696,95.44629471543945,1.8442812534335913,1.544974874716789,0.35494196796858435,2.0461949380154016,4.134007927646869,,2.3837417112951718,953.9582547607429,Yes,Cabernet Sauvignon
12.396740877679914,2.4109047122240375,3.228735865437524,19.166839786924278,100.38910584972577,1.7403038514543465,1.6450822712062327,0.5067757983591306,1.4815181520642722,8.057821236251389,0.3983002500275014,1.1959977094000114,630.1842772412796,Yes,Pinot Noir
11.957708155586074,1.0345911479903531,2.313338507130936,24.061219133924862,127.7432712473844,2.6234132090488176,2.6138711936695196,0.5707425681702167,2.2215936840315536,2.3116420291267312,1.0293452419075535,2.68103453557372,328.23722424940195,No,Merlot
13.118512887758817,2.969863614524132,2.2663327624110585,21.53359873516107,105.17153901244357,2.2812312273790196,2.416296123030908,0.45694822917923267,0.9324688122894029,6.001050877254819,0.7684506031381994,2.2084920440217677,524.9906201556046,,Pinot Noir
14.563675107082092,2.571743107040554,2.416189277040356,15.338434999842173,82.81541673624156,2.6719533899660237,2.4970228872682134,0.22062255790888546,1.392364154056075,5.08219625099599,1.0650823603396449,2.338696213146374,1239.2869437802992,Yes,Cabernet Sauvignon
12.42313904574693,0.8905905448501068,2.2201704918289655,19.24519453876515,104.5189585278518,3.0535681757112156,3.317931576065482,0.20255999825066512,0.9401975751947147,3.1224072409890873,1.0718451788569108,2.999838309139517,468.7478402811951,,Merlot
14.122192595242659,1.3748085648905963,1.988560789325769,17.33086626600668,111.97144046925355,2.69969118787791,2.3362824533276694,0.45748737061127687,2.0091823019453554,5.4515891361591855,,2.5854454012038306,1225.8030632552918,Yes,Cabernet Sauvignon
12.394878280581327,1.8519913339779448,1.9536787240422084,18.9202247382649,108.82568246761348,2.4638753009255607,2.025375064019115,0.461518101570815,1.4713933679217235,3.393659291151709,,2.7841577652716585,1856.9754172877963,No,Merlot
13.23319115999506,1.960251763925116,2.2974286437940985,19.61218203113607,108.11663229544999,2.386418789288592,2.1216439544842145,0.3378826539182167,,5.022666503271751,0.9587498668125771,2.6546814747932936,758.9900007059537,No,Cabernet Sauvignon
12.616419566175805,1.714060665489253,2.1572182466426058,17.632024861883043,66.52168619815785,1.9604119545325043,1.852593309669219,0.3673171850920398,1.5725427610341165,2.516196577743882,1.4863210613117168,3.0185263050502384,435.07887853806267,No,Merlot
13.493736115388772,4.28651033128921,2.38363996479288,22.626984479012027,107.99842057221072,2.3336158904221156,1.9685332477039081,0.3087280127502867,1.1434106527809977,6.978669673299196,0.8219584589741562,2.170191922203119,710.5095094536291,No,Pinot Noir
12.792834181737861,4.35359018104844,2.636961331072292,19.93238272434975,112.37557516770308,1.1122406273263317,0.6496997696927322,0.618223875315987,1.2528171411842695,10.25982242659548,0.6505242011469509,1.1675482695629498,533.5844683702344,No,Pinot Noir
13.45969912045129,2.7970302743447992,2.572077061228413,21.19160554987929,122.15249815103515,1.2349062059951075,1.417608386008727,0.3848971344090796,1.1431776704438064,4.039621070463182,0.7727863578466165,1.5406135814748776,515.8456843490486,Yes,Pinot Noir
13.572826723590444,3.582782718542423,2.39384601479123,23.18641513753249,90.60433822821084,1.6180024420428265,1.676466226034367,0.49691166622129573,1.414830854678329,2.7405984539288184,0.637560618279788,1.6415480516255732,632.8776543043072,No,Pinot Noir
12.053487872308791,2.918846230489611,2.059807975206303,22.024004052969214,96.60826041629528,2.3594393653722494,2.1405478733147003,0.39211410108373373,1.2553198297867973,3.9558297981059902,1.1729782813769285,2.677497345217187,501.1223232739409,No,Merlot
12.977341114283316,4.481535861257516,2.5110255261651306,16.34773823385222,,1.8649121131476067,1.7773269205547548,0.5741315263472447,1.6185214528465655,9.633587128440873,0.6989187624918827,1.7594092763739313,503.49699595687156,No,Pinot Noir
12.748680729510014,2.114718499045424,2.2334414201046946,15.396662159670104,80.04660622870033,1.9414610520231879,1.8920867706761215,0.29406153869268437,0.6236753160697435,0.1,1.336126220069895,2.8271728083480405,555.6852077146361,No,Merlot
13.443725000326575,0.9900705819670699,2.166356418204276,16.099886991390548,107.53516296847305,2.879242086942836,2.6183579500054845,0.2514152868016976,1.358541473259,3.661032797019409,1.3541147478449227,3.2889720989447193,453.03567869816857,No,Merlot
13.47250825982961,2.2074926005660616,2.7063676578203792,15.312215119641346,90.79856065500005,2.197342809418848,2.0375637820254116,0.3278791586752628,2.288199192345492,6.344977769967742,1.2581089660757612,3.0623973394317603,1166.611027796556,Yes,Cabernet Sauvignon
12.67510056247316,2.249323230977361,2.1946306732158734,18.048700009534592,76.63000889645946,2.565832444698162,2.4684018594320545,0.01,1.9161199514199416,3.889516077354813,0.7467770372584004,1.8281088926480882,352.88765698345134,Yes,Merlot
11.674073893910045,,2.0753283714290727,23.234062212742327,77.05660598416763,2.0459084236948852,1.5058408380347015,0.34406442564712086,0.01,3.146360076249706,0.9101208438170468,1.6633351889684935,608.0890895681621,No,Merlot
11.965706071276255,1.3638670521279346,2.8678418124295195,23.73727975540277,82.03698836819586,2.93448817071253,2.9285507061017695,0.28543238739311594,,3.3324276140615168,1.021872506081608,2.461349480463871,683.7040556852278,Yes,Merlot
12.700471467285565,1.5689980945077568,2.6584437187638863,20.077002952403042,93.98538767542775,2.374643410051876,1.8114479930491614,0.43831440989554793,1.1843445676652964,8.236705374994896,0.6581323962700292,1.5109829818167508,405.95972757287115,No,Pinot Noir
13.650757257745287,1.7150452345547724,2.342254959761734,14.193078919322513,103.22388462517068,3.02995667644913,2.5926729143215725,0.2733094554313788,1.7425450114811822,4.696382286313356,0.9066781332761913,2.506904684209546,804.0261887964164,Yes,Cabernet Sauvignon
13.105618472838573,2.304418990024553,2.355105323587308,18.655203836454383,118.86491962023273,1.9913768560329426,2.208567143641495,0.2651788716924049,1.877423561245157,4.756428420383186,1.1753848152997588,2.428551144421061,802.2123448096346,No,Cabernet Sauvignon
13.643026271172563,2.7624522476975546,2.6690543048979833,15.095063854224355,97.9852846621452,2.8390127359594106,2.829605443522377,0.2698200179310877,2.098109178427439,5.489279358529635,1.0859956710231022,2.6740057270696993,1242.1940817101947,Yes,Cabernet Sauvignon
12.451551894870239,2.889541299759134,2.5036454571434863,23.826773082675903,86.35221343784733,1.3959811295569928,1.5830185071489744,0.3555484966860846,1.3961018081331822,6.385776148990406,0.6482134426791625,1.569474824087354,254.90507749157672,No,Pinot Noir
12.668380861597628,3.0228252067042303,2.604159094509109,14.976284202768085,107.72956127779813,2.645228855185942,2.2198923871398577,0.27914068081735843,1.7149914464228697,6.011348736183312,1.188672079908407,2.864927145281362,709.972043195574,Yes,Cabernet Sauvignon
13.46752340300731,4.165548463826488,2.0609059908478224,22.584371423265384,99.76819846099309,1.9367914059910625,1.785143294639426,0.5508894440308764,0.9047180240402676,8.151958348971435,0.5742596415447668,1.4899338629087946,771.8253340052975,No,Pinot Noir
11.542552796394533,1.9801110283111203,2.1008132802764337,14.385010558840605,105.77291047811742,2.4213779439967325,1.9854245009260925,0.3617607800602924,0.7518920741453835,1.7897836062833672,1.24094583003128,2.643455946811976,383.72558009890156,Yes,Merlot
13.532536548043314,5.23561408877562,2.134808339200339,23.273645581317528,102.54234748260833,1.5847338851990507,1.3508141937229223,0.4376991946904779,0.9837704448887667,10.792628908631173,0.6015312307528352,1.4923385822850586,568.9830549087287,No,Pinot Noir
13.62373873377382,2.701221778356055,2.549069801169639,15.584262711047485,113.9734013871182,2.0654941377291065,2.090664864973981,0.33120481062161816,1.4098432802123566,5.978778280842815,,2.443130279092639,822.0381527873537,Yes,Cabernet Sauvignon
12.96471305932162,3.0316849665872576,2.432636548095759,20.412357592271764,106.0797003839511,1.6394602348715848,1.7207984408050612,0.37121997004442675,1.5630425384207514,7.253006947925347,,1.8127727298796847,911.6217780120357,No,Pinot Noir
13.372704403140114,2.282940283872346,2.44350522995684,23.938479343188433,100.32068848905146,1.8727940701568384,1.525042492725908,0.42948344531604776,1.6715307095425365,0.1,0.8396415374917386,1.8697863411756268,462.9646820050374,Yes,Pinot Noir
13.22562953556815,3.6096759656022197,2.4556150268928736,23.870129945306793,92.35025859780198,1.5251503488271323,1.1528870101313737,0.5609861032703289,0.9863393401126183,10.584264635085628,0.7970192844288058,1.6633058329346746,398.22514273202427,No,Pinot Noir
11.80717191551666,3.0837129658698528,2.0701865952834906,18.252635507880452,102.50104296376922,2.1214761990349955,2.1749181986614623,0.12765727676886118,2.505931752746262,3.5042151360189733,,2.195215994691981,491.97881926260567,No,Merlot
12.032485272845813,1.5017261810150508,2.13970373354125,19.347542821005312,96.4643418937959,2.2701853972314736,2.1739678646247715,0.2234129460299697,,2.0703749276425905,0.8273217791809548,2.059369142399369,654.5766447137933,,Merlot
13.623664692696742,1.8174312748013832,2.790027453730154,18.849876687274012,102.59412076239397,1.595614332910448,1.581257476448784,0.6784152359785374,1.6497017752365957,8.230051285035875,0.7189746301332615,1.9660826065397492,583.7869317806501,No,Pinot Noir
13.21448078826505,4.874776117502049,2.532679082692921,18.182144656374984,105.40592674555663,1.231446821879608,0.9656255721579861,0.28023608457488103,1.2091903964896489,9.018189110022828,0.6502733717061788,1.288957167033778,589.6068459293854,No,Pinot Noir
12.451871251225665,2.2445611379786303,2.1327875127246982,20.74028344169146,,1.6537834781623095,1.8135333447648798,0.5015958887349107,3.1940856948819993,3.2273673046482303,1.4540979930967954,2.8675428526926594,447.08789860639496,Yes,Merlot
13.056288709362985,1.626583356984693,2.5248461949110346,17.23545764558078,104.41287183627719,2.6208929584581373,2.5421775866341303,0.33776747568689547,1.916472008139671,6.710919764480806,0.8859852230818311,2.108079231433409,1082.1462478442706,No,Cabernet Sauvignon
12.86479042711373,0.6972309209332168,2.182009655582247,18.992425300744415,94.8622273360369,1.5076274471080855,1.3658121555820728,0.31772380239478504,,5.380416311923196,0.9269783655944122,2.2260030628788283,724.1756421165584,No,Merlot
13.67310872459084,0.9039686494736401,2.6672291319102084,17.6441010523029,103.49838646091727,2.970928878368612,2.837174461620365,0.27301666668198077,,5.361035788033881,0.993079575450558,2.4944098754693647,1120.7116649553711,Yes,Cabernet Sauvignon
12.856332783020985,2.433419781882775,2.5112867011925974,17.81752467197329,98.54121318657151,2.87899632023664,2.7195471144943006,0.26517118879282253,2.3316038556944454,4.868191964180662,1.0992431919339194,2.732454554222573,1253.0486572678058,,Cabernet Sauvignon
14.764234866217581,2.17336613077626,2.4762296894480262,18.53567609589266,100.08407519007147,2.9400446309485053,2.69024177229374,0.2219866858890928,2.1703915423227693,5.132557505234143,1.0686295143855702,2.6437648507533287,1228.7379038754511,Yes,Cabernet Sauvignon
13.170731959010794,0.6981152154180601,2.3981175403215325,17.82572486404148,107.11592173715054,2.7856566375804706,2.3887812727641466,0.22302143009842473,1.5951216275851003,6.762225832633024,1.2086849510146118,2.5727111757351935,818.9963584547633,No,Cabernet Sauvignon
12.763613242844396,2.9124395521341784,1.8555137709060094,19.7839507299793,97.72721870399211,2.3554556262419877,2.161747370499114,0.4490315903650716,1.718398078567613,3.604813430404084,1.3462493158580031,2.589642136884518,707.7182835833644,Yes,Merlot
12.523068913619895,2.8233389184222046,2.6137610833045093,17.65857732728573,98.1037033461174,3.9430202903149167,3.7360514937680787,0.2793209279822615,1.556285766743833,0.2496758947986355,1.4569910027567567,3.7694217667574286,378.67096752804935,Yes,Merlot
12.534768183507914,1.453757271569175,2.755488299652601,18.981596138152923,85.35110631867713,1.8425295126162564,1.7988102862141595,0.4345860912551851,1.9999711773777018,2.8311480286563286,1.1977029196229683,2.4943602801082485,278.8208519922853,No,Merlot
11.418457202883037,3.0793865507483655,1.9090055135700168,19.426857182319697,88.84313612839213,2.28642673206238,2.0372569138258076,0.3116536851389238,2.512935645701321,4.0769827306786315,1.0255299055492844,2.236538864101745,858.9273873782106,Yes,Merlot
11.946130610260033,2.3568955919998458,1.718189560880192,18.993002827143147,99.60498843650005,1.2570111097939458,1.3247538553422955,0.554195506746886,0.5640997446385871,4.377259557212048,1.0551096362506787,2.1616792896222785,442.53126006051906,No,Merlot
13.15160721077268,1.7118531744486536,2.597417433284482,20.121894431026266,92.61609739774953,2.538915628204658,2.3665197274632943,0.28509909988310395,2.3570356891160458,3.869347304892381,1.0610507514882532,2.822509412210335,1078.641046595064,Yes,Cabernet Sauvignon
13.263626273210672,5.252153875746201,2.4577075401460178,27.08793634902399,124.3419366278705,1.0770259074909814,1.3167231232493564,0.376793835696286,1.3655615764459466,3.396751642747563,0.9363781758395293,1.864957561312904,675.6550742555977,No,Pinot Noir
12.93729533269067,1.2063886662950498,2.028280194411578,19.726210266094057,103.54699471736761,2.0650500452478022,1.8071027976842362,0.307621862596198,,5.10869364028982,0.7900806418027211,2.0322283500578946,645.8100936241252,No,Merlot
12.689198420579261,2.3566154170233053,2.2593120674154363,23.987623026281515,104.66127921056584,1.8670099448951933,1.8676874505553083,0.42366116819100114,0.7112513085308316,6.56219449562297,0.4434161943338177,1.2959630383409126,561.2475158659936,Yes,Pinot Noir
13.856756923725097,2.467828212675598,2.301276192750099,15.500626377202838,110.27321620936695,2.6973566136128886,2.591916042282599,0.23785119428920506,2.124131671292903,6.535705021654426,1.0367298736611419,2.673367773613638,1378.9405516757174,Yes,Cabernet Sauvignon
13.995453161396677,2.5371220683228586,2.275188119872488,13.567492457786152,113.4637634654003,2.6042742923752744,2.4299003223992717,0.39263419737379773,2.3241308819118776,4.899258224813616,1.1090755104672443,2.480674360076596,1553.774268829836,,Cabernet Sauvignon
13.516603268778606,2.117209488393052,2.2443781084286636,25.0115770093073,95.24580094641145,0.9344480746471061,0.7227311008666354,0.47937727957456827,1.2200073621398415,10.840721707589982,,1.4487785003169402,475.71827699333267,No,Pinot Noir
12.543077655038193,2.5594398484924206,2.144669339428701,15.76378649236542,101.35987990671669,2.302713903094743,1.9150042714762308,0.3327783927961851,0.686224741603318,3.1498000345219377,1.418912605676411,2.8596230418558153,277.535186359576,Yes,Merlot
11.827308660320092,3.298208201644807,1.8729719269547427,20.26484531395068,119.85663077962903,2.1125274666637734,1.6362706684694703,0.6180263057307274,2.2463607422300127,2.329133827904622,,2.5929629574547453,525.5938566816224,No,Merlot
12.30618056595263,3.435346250837896,1.5908897859739057,18.634431835292713,123.0652208016317,1.767702316868873,1.813910223349913,0.1740185054412899,1.1682718546251207,3.3461802823254354,0.776377053283996,1.897504758307741,392.9738433257379,No,Merlot
13.2205586995855,2.160447961880548,2.537338086989745,20.682383930473936,87.43917536145312,3.1883648513050593,2.638205480217032,0.23749987846260417,,4.930584479657153,1.0710186601792822,2.2712511622958695,1155.3352870796525,Yes,Cabernet Sauvignon
14.02196939663843,1.2495068850011988,2.4258599606272564,15.68321152013448,127.15240813473235,3.1047185164820434,2.7317783443016816,0.2874922677333831,3.1238124915987293,5.8098954243966725,1.1757282374626117,3.078241773040375,1607.5429666111731,Yes,Cabernet Sauvignon
12.620151183832869,1.6048980436319087,3.063017646477336,28.26553099767702,114.0538038944567,2.1794141340028057,2.2583437779116387,0.4764193768087176,0.6318461128243454,4.2034532047125115,1.0455556755305515,2.4304144090803526,224.7795233359368,Yes,Merlot
14.128396991283262,1.2894524659898288,2.299112411241139,19.239013108285864,93.49385160448522,3.05832066094012,2.6897336268961523,0.38006130919010633,1.4081970410561608,5.655291444275043,1.0187731932009916,2.831158191190091,1131.2044508982829,Yes,Cabernet Sauvignon
12.665747154902434,0.5163013457860228,2.036297815238453,22.34459731252547,,1.9366337734533363,1.5871450766192445,0.4238679223517897,,4.436384737431922,1.1439993500139984,2.344593887375559,368.21661407649424,Yes,Merlot
13.521868014469286,2.064064124721246,2.43714952635109,21.208965523845055,114.3804025144671,2.9932232417385354,2.897380038449721,0.18269945851531047,1.686592189726848,5.226964701564135,1.0256504985932682,2.74016941014419,780.090869266227,Yes,Cabernet Sauvignon
11.638003952634946,0.01,2.0790391959299988,25.530919901489362,109.38759638393613,1.828462330164625,1.7206889654604944,0.26963439129681316,2.665791578824348,3.0405972693273244,1.1014275833314162,2.4845355691834463,414.96942142268,No,Merlot
13.605635649883904,3.4826231559863,2.3244291608046255,20.03789592299618,92.90003373192944,1.3195392083387165,1.2382371876803182,0.42493205488849006,1.5681939702049488,6.062094460229929,,2.044872118363351,762.030311669748,Yes,Pinot Noir
13.397292069833108,2.745605380800094,2.5501038767077517,20.69701216945335,,1.9747177341131965,1.601749432726478,0.38388304949774216,1.1839233491399244,9.189277202184066,0.648484003908399,1.6465800721350945,738.2059720819445,No,Pinot Noir
13.752978772750087,5.321963366242677,2.57340695193779,20.43635404237115,90.96441375953542,1.9978936914964878,1.821817990788643,0.25983323781444945,0.6814823420039868,7.61908051412916,0.9115095858474271,2.0334803943396196,669.2270758441126,No,Pinot Noir
12.165487084386674,2.615913887383363,2.1370007327392178,23.237367844524016,97.52007340256215,2.323946973575721,2.2603923704833497,0.3278871590377049,2.102913463255221,3.3810092554868123,1.155489920824921,2.917238489152153,232.01825266139747,No,Merlot
12.639201437648317,1.946258068885383,2.4202876280520793,26.6906665216118,96.66310463254526,2.375729282397614,2.090124067833449,0.4274759813671364,1.7393479556343145,4.109542153869402,0.5557083458807109,1.3879382767762076,644.1863033043185,No,Merlot
12.451938153383297,4.372158052106485,2.579072158569301,26.242852484735458,91.02691812434836,1.5852513526367782,1.3631493790786409,0.34027697325849104,1.6378801828223741,5.522968908039237,0.5497266321271821,1.2670717846967556,674.0982928917238,No,Pinot Noir
11.862445178902652,2.3491203406459698,2.2109132351737157,23.69509157868701,95.75101488733111,1.2952258371299739,1.284223624726978,0.2288956819473461,1.248279594052616,2.77611297527941,1.0917830571671452,2.1886304597413555,539.4179680944014,Yes,Merlot
11.638287286618398,0.8345189236240236,2.2632233857891264,22.442028001597787,91.09638223641751,1.960207268851133,1.9388850702127434,0.3456609707472005,2.366184196450098,4.563278996737953,,2.383997193864351,470.43745047744176,No,Merlot
13.008812911785562,4.501262727638937,2.498494508598886,24.158520652147942,113.65768986751075,2.1727821089090824,2.2493814507481282,0.45056026746912586,,6.332332689867917,,1.8547369581840587,587.2690906902383,No,Pinot Noir
12.734033249425586,0.22736085603311795,2.7046682022525808,13.690076060160344,107.41586854130844,2.094754533527723,2.216908237261142,0.3547744116762129,2.2928392615270976,2.7141218872447546,0.7146563695359152,1.7728466097565951,550.5290736974824,No,Merlot
11.864826491171284,2.0877777158383064,2.6281994401489497,25.870182896789558,118.72634865463257,2.2033770105971615,2.3303857938142456,0.3445566913746356,2.0407065467851706,5.154000288471843,1.3525034665239957,2.950653073248604,430.24385161530824,No,Merlot
13.133950974664284,3.3695972803253658,2.7039755729529604,20.428495848822212,110.45590588473128,1.319034726069848,1.3510859698599333,0.2718852254956191,,7.354102017576049,0.603017747096188,1.3336928288872132,817.3506146847612,No,Pinot Noir
12.971422090072165,1.9082393445185915,2.505634659293378,16.358364709000618,109.75659554090483,2.2637885622070426,1.9097061356841016,0.30825280688988166,1.8700924313741087,6.624852360303578,1.180507465264539,2.493806644184849,817.1623456996913,No,Cabernet Sauvignon
13.261569610916204,1.6915433049011803,2.436957817874295,20.0650847747767,93.06179651692224,2.8186614475044185,2.8013099651458893,0.27493288803966914,1.6758204760822508,7.592346240749878,,2.682867826502357,1135.2789636559032,Yes,Cabernet Sauvignon
13.779995806786719,1.2774161305955143,2.430667116668564,17.94011092405653,132.12067205029075,2.867738345786866,2.573049307045272,0.2476780968674321,1.9922689209522502,6.9499153905766,0.997175049420429,2.631021211357774,1059.1557365523827,Yes,Cabernet Sauvignon
12.172749473296694,2.0595071307413004,2.154359339233255,21.318574267495677,69.77105416141224,1.5927629863625106,1.2621355633747702,0.5075073096751418,1.835354246242689,3.746309433386353,1.216082191645732,2.372121731807024,411.2828270896941,No,Merlot
13.597281221066185,1.880714693185057,2.6328270086869545,17.169966565127723,118.45257517255595,3.220483824006034,3.2674618461867575,0.24701406572589418,1.622382670456943,5.946790672072366,1.2325027091770215,3.2484688288965096,1653.1899289602711,Yes,Cabernet Sauvignon
13.14728727081803,2.9581315687305807,2.3337408242247477,21.821014081879408,93.20256017665515,1.97911461827255,1.7832017716546205,0.6914310435524225,1.7089680608650273,10.056283404958208,,1.5778798958380151,564.967344273574,No,Pinot Noir
12.39403701714952,2.0370703352925874,2.1361289933129552,19.48909237349799,94.31531630613067,2.853334516076005,2.5215285435660233,0.44975306745862587,1.800161382804729,1.1400479167401096,,2.8336646126537057,600.7565907056639,No,Merlot
12.548102981484364,2.5042377011638175,2.1456778362273385,20.71819718447953,107.805972665556,1.7895294677714866,1.6623367848189468,0.2843661127015264,1.232349642633042,7.776378548969601,0.5358857379804082,1.4307808902724464,668.8097067199101,No,Pinot Noir
13.350534785710627,1.2754453201715514,2.6248850956414382,16.96646053268798,102.70728301473106,2.4253205446229966,2.460297896172135,0.24779151812030972,1.8763831130779778,3.7273504438467624,1.0404246688679746,2.360463179459478,1191.949799897313,Yes,Cabernet Sauvignon
12.94356184690366,4.738492761166851,2.6609426976301047,21.529754182659453,90.24882096723911,1.8802483909637777,2.0505812443262106,0.5245922853022539,1.8411837831816444,12.305695440956258,,2.027011326255539,505.0051423185221,Yes,Pinot Noir
13.556308319225412,2.376624107949776,2.3437861650805782,19.398976314375183,115.8214139795525,3.2025924821906187,2.640813067902107,0.268501104883995,1.7670229862640918,4.517802877107538,,2.7162657472932867,1158.2068131022413,Yes,Cabernet Sauvignon
13.149271001738818,1.340747099751204,2.2099888186234278,20.335238305533853,92.83129870467218,2.247955790722477,2.400094078641542,0.5858093772727195,0.9053679744447279,8.928069153776946,0.7110307488108667,1.9767532214454357,614.343910067711,No,Pinot Noir
12.97470916922184,5.165349123690184,2.289570006734653,24.489192609987956,93.52038373381434,1.883114606080756,1.6938110379663462,0.25601613910750187,1.6810881572723722,11.078254665879102,0.7780465822889349,1.9648966580629432,547.0269436305609,No,Pinot Noir
11.948060329475101,3.092263269064526,2.0815204415380304,19.372627588016492,67.64478214769478,2.3697354316391337,2.351733476136435,0.18666247906165312,1.4537500318388306,5.575418139597943,0.6608394545056083,1.604660685094366,356.54174733355796,Yes,Merlot
13.771212868035281,2.048566794592945,2.2843637782097037,10.370729162701995,110.15768097794168,2.407682451353003,2.0727716542946375,0.20703707936273774,1.8897443758609302,5.844748913243636,1.218489385780469,2.722038575358081,833.6838070890883,Yes,Cabernet Sauvignon
13.899887113361718,2.004437343653588,2.0238672748048088,18.54547678666325,109.56413776608977,2.6748287967172164,2.392751153854282,0.2929841717106423,,6.144920625072805,1.0613836352587016,2.4425249570418153,974.9708690333841,Yes,Cabernet Sauvignon
13.66967973825766,1.9818611174084733,2.166165666660836,22.377235950573407,112.72420959029631,1.5790233572724588,1.603772853309522,0.4673963244369393,1.5230952433898504,5.155170593931075,0.5732937697678188,1.179086723570683,723.1918274830803,No,Pinot Noir
13.10208017720548,,2.478832721730152,14.747757511738563,102.56409014178543,2.5906277193826526,2.2625707187085196,0.46723332744195245,2.307804367065852,5.791173125588634,1.077767711736923,2.509982381476169,948.7577223864577,No,Cabernet Sauvignon
12.285084459527727,0.6980888346761147,2.0092601232643865,17.661870281445278,112.98048221729138,1.9892870959321296,1.5854545729286644,0.3236332577561174,0.5887768811099832,4.427772895514219,1.0596634379010057,2.2136585250961507,557.9022542389603,Yes,Merlot
12.793661547013476,2.7062024599335315,2.129228138036897,16.61514215899112,57.710693184957805,2.9336102218847873,2.9204218398017106,0.33715058915879453,1.6454827347755514,2.3848590715171194,,2.421029592427414,520.1138326261209,No,Merlot
13.252636490522086,0.9816242603195477,2.7515190174951094,21.64873701905828,107.39256381305464,3.1089472763234567,2.463746818813215,0.2925536528929962,2.530150659774216,6.1549525118199435,1.1547934343623705,2.6186532453426143,965.6666017547208,Yes,Cabernet Sauvignon
13.675640799034941,3.398107571523596,2.149756836515656,22.774611055225193,107.07364391744984,2.681019731624688,2.398060256117951,0.28199744823966766,1.397047010007452,5.904348011272228,1.2824319845938823,2.9464137704656723,1047.3438917622566,,Cabernet Sauvignon
13.621681051170954,2.4947947486293356,2.3989007474166684,10.05501429817857,104.44464947641818,3.025128999548162,2.8564020441617988,0.3438276110101622,1.2342574426679196,6.725059385202969,,2.603728757908901,979.0280305072544,Yes,Cabernet Sauvignon
12.043274006475446,2.2313318996785663,2.3772170297068516,17.605255798546807,116.44515469486993,1.2388633426522315,1.1978862279620612,0.33360108987439474,1.5810767307413398,2.616411690576843,1.0597237839543319,2.00140178779449,498.66372940782946,No,Merlot
13.456851318473806,4.268176422474295,2.834822858290272,20.053556489815094,96.90300629852157,1.5168646511582178,1.3843558733791332,0.412222073981103,1.0762104859709134,8.223584102302418,0.5908872843803977,1.427755724127116,1841.5819368630948,No,Pinot Noir
13.369037029466673,1.416641835835416,2.4578268249366175,20.226409405802936,118.45958802571548,2.6650516752949853,2.6532832165445717,0.22013834846942854,,5.722615967901692,1.2054349483486324,2.7653136592550394,1424.4554174031418,Yes,Cabernet Sauvignon
13.246574772233412,1.9344993980613734,2.6137952256254704,25.79917470639312,97.29440286175222,1.5279938578028938,1.4248140239534546,0.3623546530560714,1.032837445713808,7.560430253714019,0.7033328912376967,1.7678066464806255,780.5876109565455,No,Pinot Noir
13.192210459396229,2.2412516583652367,2.68085471431955,17.058388290286388,,3.093156055203617,2.8362333940373574,0.3849734210224774,2.1702426532657912,3.386452714428946,1.0322005456169636,2.698352726444933,1160.902908012141,Yes,Cabernet Sauvignon
13.390571000117847,2.5385828748280432,2.5266766011087185,18.533982259271845,97.70086842316424,1.9226451456072646,1.494690054114387,0.35307360283808603,1.2293449057440833,9.591153845638642,0.6735526835541364,1.6240012999958198,718.6312880917272,No,Pinot Noir
14.128987940628576,2.780214711204164,2.7171217623642705,22.704082193190153,95.16505579503114,2.707948749957554,2.3783950832959118,0.3951420476290191,,3.947794168793949,1.0698459899740196,2.4394539585825714,1184.3094679455576,No,Cabernet Sauvignon
12.616880648768893,0.7088451101753295,2.535226332352543,22.597456861985407,86.91449383747411,1.7874673804277454,2.024602258380028,0.7622368893790124,1.270204190730049,5.7073572064018965,0.6306626467857067,1.63387565693224,588.4731837597136,No,Pinot Noir
12.764604870549283,2.6761911296969303,2.6887909973696473,19.837095191394976,103.94352447920066,1.7961375413718457,1.723469298540407,0.6770620520361875,0.9683875137899899,12.415217990399361,,1.7464797865950548,531.889560276656,No,Pinot Noir
13.870777775470254,3.7845295668249017,2.767307054060974,20.693484085425087,106.79219406108757,3.0913924946205085,2.5461140443331747,0.3279536700006979,2.6551695886117863,5.832813015664258,1.1179367846315034,2.6218362245537743,1093.1734182502687,,Cabernet Sauvignon
13.435280286316962,3.015825194314745,2.6312256890127603,20.68402848063274,106.77461040060018,3.265507900280463,3.2487404147369223,0.17019687881886783,2.2234190998408074,5.020335932452284,1.0604738406577476,2.7699044546756593,1076.7722743403247,Yes,Cabernet Sauvignon
13.52563746387578,2.747055691600388,2.456801801167194,15.219157338968229,80.21222360739239,2.9286681636963503,2.7331365933926173,0.27765438346574683,1.538076998714231,6.410023639172879,1.1406199413181288,2.7006214683444782,1206.8215766670023,,Cabernet Sauvignon
12.445855504547055,2.3686488088315647,2.1483797098282196,20.738131686177912,90.67956017837353,2.559737648838526,2.2545029769650267,0.41468279022659055,1.0418199144164104,3.279562373772906,0.995274951830302,2.512158842453965,779.7711994875508,Yes,Merlot
13.822441695354211,4.646682559360581,2.6021034700739625,21.633797872519008,114.30275231789463,2.081942711620569,1.8618042672936836,0.08663729243181434,0.9383693194146352,9.931828905492788,,1.8658283097005868,705.3682851588574,Yes,Pinot Noir
11.999651686115332,1.4480873839535688,1.8687081132928471,19.138560449481517,,2.5691044145841246,2.4399882456150364,0.6661959927948147,1.4837874750102258,3.4255188028392687,1.174034500821702,2.6079172053338264,518.4884434764374,Yes,Merlot
12.55210375926723,2.9326399136198287,2.6576033564308563,17.665747068657502,69.97806353562379,2.749487385238676,2.5652431979029076,0.33728156129185227,1.4881705444236901,3.548473810073232,0.9589050036006997,2.246965562796254,531.7135584579484,Yes,Merlot
12.25870426912742,2.016804090215659,1.6525764190633274,16.417207011095392,115.5750174201751,2.603175640040979,2.7008078103958733,0.2709280035410826,1.422312644685464,2.771558221095489,,2.9935997514679844,581.3752467984185,No,Merlot
13.112392519949898,0.24431050917778196,1.8010318215068903,17.60848494430208,,2.449493003697455,2.580099442404383,0.3613347963457393,,3.501748279804782,1.1522424237408695,2.595121083650814,463.1917332107576,No,Merlot
13.84291306980127,1.377841880738357,2.640513100451774,19.97603390823436,,2.5480088623717645,2.6960128061560478,0.1558381772737252,1.930159817258425,6.702200763459289,1.2135700726169218,2.8781534055684106,1285.5504211071573,Yes,Cabernet Sauvignon
13.175413035524684,3.8980561301363195,2.397233722822699,22.858091746381916,101.33117428393946,1.7056274236634479,1.5321279459638324,0.47123896860815834,0.8867253081649833,2.973014385958943,0.7641476208215303,1.5959842169050589,665.6683482492288,No,Pinot Noir
13.633088517741978,2.4056927997335342,2.3758969671190697,18.438866274999736,93.6642584938102,3.07356999789016,2.576104899488815,0.33301080860247323,1.4920959258474145,4.97034122516086,,2.563829086324944,1244.521837033852,Yes,Cabernet Sauvignon
14.35002229734948,3.0488621082077123,2.5501052184764545,20.79110025147351,123.14697872578995,2.994426372266321,2.565796672682277,0.3887113396711355,1.6273541789878263,5.713109340308311,,2.655437546214651,1395.8235942118044,No,Cabernet Sauvignon
13.01929763077087,2.7985018378078768,2.375010313020905,22.060088944101523,130.3542915239386,1.5694793886931624,1.568307770097808,0.46977883568471684,1.0524931506416624,10.85563941200466,0.6969689241855881,1.510604393507297,586.1898536972217,Yes,Pinot Noir
13.135140210393875,1.038562454972665,2.911203396494262,14.517560810496217,101.95735884608916,2.848134079313215,2.3037460454026784,0.35901420235002124,1.3888213427052951,4.328291156933125,1.2608435937975786,2.537865300532342,494.7353530836526,No,Merlot
12.600551972010008,2.25082604848467,2.139272976026243,17.812995623543635,86.19700184688588,2.621919586775459,2.377728491823314,0.27256627649528575,1.1158207431864275,2.6518791923444565,1.2719608849862736,2.921763854227432,715.3064924491687,Yes,Merlot
11.18731840645101,1.5740279793505167,2.392678252121431,19.40578808050212,115.15026506646228,3.0954481909530944,2.831489783647432,0.33723075551923215,2.5507601138821174,2.2308240912693478,1.1826191381550166,2.7631359802352775,370.94190442567424,No,Merlot
12.72443296131772,2.021883386720977,1.8705273877530404,19.878239344574702,128.81051424446716,2.3682157302593576,2.1729154794029526,0.1947826798871438,1.9273982336463873,3.3123665279879457,1.3782523939600404,2.9854366478564556,438.2602644916736,No,Merlot
13.219898100315131,2.428109821890323,2.0903217776609724,23.133695883090493,97.25554694293388,1.3370155760553823,1.240608864350215,0.4251687006018718,0.42672336866937866,5.762444256175232,0.6679851036308363,1.9303130374287614,745.911461936784,No,Pinot Noir
10.914022184687036,2.58700496277844,2.3633011044715175,20.298177457374244,115.05666167563584,1.4510014924157253,1.0298648430935327,0.3405419494829661,1.3491552226113126,4.607919417234867,0.871950022794242,1.6936630126363916,453.9616472076916,Yes,Merlot
14.618456764160657,2.9538498478623385,2.367534878162526,14.283580351023524,115.26339655051396,3.15906788743274,2.656050218384614,0.2640007584742552,1.9080149163465245,6.787909398146988,0.9389378133666834,2.3412230173399413,990.4383595307999,Yes,Cabernet Sauvignon
13.02542833987158,1.6174517907269332,2.2804099639160222,22.179428359020147,87.30356766705917,2.3454804000976743,1.8362093909844206,0.28833148028083927,1.9684813144700235,1.86432641918504,1.2954490665658194,2.599412624704043,280.6130887307862,Yes,Merlot
12.34559458022426,3.2950023075272035,2.6623134881734503,20.674376491586994,82.30356004377194,1.672055164521971,1.3885219356069016,0.4355367966650737,0.8317967291162367,6.417114884201943,0.7343075757077551,1.9926567446363206,794.2280989336737,No,Pinot Noir
13.471150284521586,2.309781936942837,2.4508351753567212,12.163673160717206,94.16690445490244,2.1952327363674313,1.7933570558915541,0.3214870728589574,1.8712005630240844,6.974073242001261,,2.1718559985266785,942.1510537811494,Yes,Cabernet Sauvignon
13.383428675272384,4.139640093052742,2.3468007244123923,23.902385664035073,,2.187017659597373,1.8234123082003304,0.31322672918374705,0.6921576891804553,7.884443772678698,0.7501090214735947,1.8489394847011391,617.9182753555777,No,Pinot Noir
13.207337674464485,0.5490465097406367,2.3971374735388116,20.555364854333398,76.98123645941072,2.59261296605996,2.0887632820064037,0.5249365459188499,,1.4366025876567563,1.3972915233164995,3.158608321453439,460.25741468089416,No,Merlot
14.16371924077909,1.3683038336452413,2.6036845959817314,17.976326490798794,,2.2353800316338175,2.252088294140258,0.38297096346270576,1.9097794887679145,5.698618554420115,0.9784879562243216,2.1233988890512965,1132.128479338807,Yes,Cabernet Sauvignon
12.271215118797299,2.49514759799474,1.8789930441305387,23.06433378334926,86.23081965561312,1.871521937369033,1.8376455506774734,0.43946560582876637,2.289521882602326,3.598658409621002,0.8296991377253112,2.0100528285772232,782.6421695761385,No,Merlot
13.188251253689067,2.9547035608697367,2.49962316469224,19.498340831186223,89.81773242176621,2.8548444461636047,2.546650312155634,0.2587751435078816,2.5018026874356907,5.438118592628544,1.0794754282260903,2.8606053828698896,1186.0783167463383,Yes,Cabernet Sauvignon
12.501182674209911,2.6458402655160773,2.3595009130289823,22.904040198853824,91.43234953883818,2.697283770550238,2.585737971537792,0.30534676047964193,1.187799559651655,3.3068573172757927,1.2377687557708859,2.9977927979391303,530.7381702954949,Yes,Merlot
14.096673617599961,0.9661995282079878,2.4564041882468675,15.314468845688728,88.16995129861033,3.0100809766040473,2.7644224479173864,0.2221139723419448,1.7517158462107578,5.5535899371561595,1.1789512273330862,2.9121525726959057,874.6380605156493,Yes,Cabernet Sauvignon
12.647344261198604,1.649263804474416,1.9800316292619085,24.453146894626265,124.66109779956406,2.611399290934903,2.0387541721686557,0.39050288118691884,0.9588507563905785,2.2761712340934883,1.1464367249320486,2.8565330553381174,581.4474527438301,No,Merlot
12.314127685755023,0.8226510801190872,2.1751138061875785,20.364920716531763,111.76625881755626,1.9585980356163122,1.700383279078729,0.35732720656386413,2.942769180992207,4.2774617529353325,,2.757504320456654,545.480823594138,Yes,Merlot
14.184139177295739,2.299523308486442,2.1993256197598536,14.354297372905908,109.80299237781738,2.6566029588080657,2.5594160462688964,0.3490755824087349,1.465586178786341,6.209584874622982,,2.6836653091584117,1201.85847965214,Yes,Cabernet Sauvignon
12.489233469646493,2.5339705017004883,2.2511059414854793,25.084758567605313,100.47490264689367,2.230507964340967,1.9351559789511503,0.5425144480069276,1.6779797752695982,1.2647679235549678,1.147769763327086,2.2525326536905186,621.679513503446,No,Merlot
13.844559699344991,1.271619242589726,2.4055416860143315,20.82944722650263,106.27641582337637,2.8686158171659586,2.848369892635441,0.22685222032732638,1.8797487547772036,6.985792361787819,0.8900170059918366,2.435595661137115,1245.0434331747224,Yes,Cabernet Sauvignon
13.588070591559749,2.3607872820305675,2.551941357327191,16.05548366810432,101.725035008265,3.033198075041794,2.781815126953733,0.3287153750917671,,5.6289384432367795,0.8888576647168572,2.3435499053214297,1157.9838015065357,Yes,Cabernet Sauvignon
13.706247059363843,3.356061813700662,2.637282826465854,15.558381769415767,,2.5968183673848886,2.450749393849162,0.26285484311154966,1.7120539003121709,5.9954696742668805,1.1092486533104575,2.5177957141093263,1024.0068465962281,No,Cabernet Sauvignon
12.72331102276531,2.5766608985968347,2.2303869146709894,18.13465001869421,87.12060749458358,1.7680642885851248,1.6147352385742415,0.43003656301777493,1.4353293329619865,5.579182675321326,,1.6869213078785714,498.2116932322788,No,Pinot Noir
14.017575473407202,2.0696342311110167,2.3601545020039603,16.06263827537716,111.89926666098982,3.067629790703126,2.8300404118301383,0.1708054971674683,1.5856814922468907,6.671998443973756,1.1737190385538874,2.908262257838466,1192.2881287173418,No,Cabernet Sauvignon
13.095788174481516,4.623584045318467,2.550215991838023,26.03993429561897,,2.3906272043510857,1.9542796284922077,0.4502095576140395,1.3823405705070049,4.101944039719607,0.9650168384703607,2.203664808538991,498.7985216271152,,Pinot Noir
11.584873358378816,3.3574916422659626,2.2633359653494827,18.96117945888173,93.12493028718276,2.6298989592940862,2.571585447272524,0.16348568364669624,1.6734293941628897,2.802024117190604,0.5297271040237207,1.5023932180392015,473.85681333686284,Yes,Merlot
12.493073450496096,1.5391013690778539,2.303073040278785,18.67542309223094,76.27511986964747,2.6063040059689566,2.3410060852670305,0.5572843578437863,2.947341655203514,2.528278888822879,1.0967393669520142,2.5860372995744414,355.98800679559645,No,Merlot
13.758342904570364,1.3783063023864432,2.7332128445531145,16.973403308454518,95.65756670181712,2.724706764620103,2.3826480780513735,0.12316279079298464,1.9843458408352348,4.935014010669357,1.1140597848933549,2.599071556775431,1133.9197943011475,Yes,Cabernet Sauvignon
13.788286679226855,2.892113051858867,2.5004859774019934,12.666977241977541,111.57241469609279,2.582988424969457,2.252940092347413,0.36060678491683873,2.200953493085071,5.8966234343051145,1.0500649088719358,2.3411017802458334,816.5480327933949,Yes,Cabernet Sauvignon
13.011656926221844,1.7918736461116551,2.327299644751053,20.623362003090758,120.0017104563013,2.687155490979221,2.4790014507090112,0.4002974314519462,1.8565853469259372,6.326334041174666,0.9296846891971444,2.3991075084536226,1281.1553907147422,Yes,Cabernet Sauvignon
12.767341031448165,1.720108371611523,2.9025275548513996,19.107533246142133,,1.5787494663051884,1.3670634824076036,0.3570966134122374,1.2837782607618307,2.351267286184196,0.9858330236626976,2.1698459201024916,277.36894468987106,,Merlot
13.113926984347033,2.1041857162114637,1.800795450504193,16.12203827073236,105.24936078794829,2.3216234884148514,2.3039089940946336,0.4496011564690717,1.6877737276651106,3.0872439495187503,0.6321990552856137,1.5834395086442412,583.2533095322193,Yes,Merlot
12.106763563641547,0.5908351626675072,2.818655710237991,20.410817944160993,95.08157201165757,1.786895830882465,1.7715298771698496,0.358413170898173,,2.4833628600755335,1.20225893695873,2.8568068615876885,586.9270159550115,No,Merlot
13.65048649271134,3.6634240440837305,2.6290830758080626,19.134629913548423,89.61793255950161,1.9901528335441454,1.79510772102467,0.35402117141805617,1.902211890427096,6.346075970894136,0.7238327804354023,1.7020744647217967,601.778025904104,No,Pinot Noir
13.618278550737744,2.254418036487351,2.539767958913879,16.465488604773775,91.2777934754377,3.3593526424848026,2.8522156336321784,0.2703951961183387,1.544083869481121,4.118087759910453,1.0307905477907842,2.5655916944596173,839.2728422840642,No,Cabernet Sauvignon
12.098352343539688,1.7049760713496716,2.2018799892107745,24.737195447844293,73.87839505162198,1.5463515454122452,1.494307123640764,0.21639598588985814,0.8573222683225425,2.064997769859133,1.2708561098185698,2.179737939226908,548.141320707484,No,Merlot
12.297585813861696,1.5974878576362908,2.3804212874757433,20.589432185326107,73.89060371903672,2.315128937439564,2.0983975709635287,0.4752085156705921,1.0902153789184692,3.5835116962100955,,1.95794759035968,592.9241556229232,No,Merlot
14.232990115393822,2.1807601763258866,2.465382307818862,22.008773526003356,109.10151454133573,2.8837446976836474,2.7553588362924235,0.2888214293386602,2.011333175828202,5.071233927679821,1.1139667592701477,2.6257104698177454,1102.8002575422588,Yes,Cabernet Sauvignon
12.501113065070095,,2.460049167460548,17.97808316029079,80.42072302804777,1.52837027982791,1.1039302627995238,0.5926840330608225,0.3995796515848701,7.34780948114092,0.7358759936822107,1.5767853879010998,557.623927058718,No,Pinot Noir
12.834220973364577,1.9765236635531762,2.4280080186473425,17.69692457393551,93.30223384465684,1.6027842821569642,1.3724511756765199,0.5365694848271152,0.48333122567384346,9.152455643908139,0.8271997527050952,1.850809981954426,591.1750464520456,No,Pinot Noir
12.86239798258562,1.7139050528032953,1.7216848979802433,16.927883968503508,100.11659184615169,2.921174099161539,2.466188008871377,0.3133827809258144,1.5018535587866098,3.1956028078939505,,2.2847752079093113,656.7605640781217,No,Merlot
14.583964956789941,2.4462296318557852,2.7046517067646496,19.113707771204634,88.23444020356733,3.042425684767055,2.6451343694221823,0.22293918795091394,1.6858977733477685,6.770263379370179,0.8512270929648355,2.5332241598927503,674.3809775243175,Yes,Cabernet Sauvignon
13.919543339464788,1.827966949990969,2.2047842681250565,18.27474562119134,106.63151078581974,3.1732631625814713,2.7567752528746627,0.44110613074933835,1.8786788524035383,6.004387395731355,1.137148592217931,2.8113593871544085,1237.8733399536638,Yes,Cabernet Sauvignon
13.906945142686347,0.9523529170676717,2.5643253261362307,17.82485884664316,117.26508723825127,3.1610558948969314,2.921658297447098,0.3048022106654742,1.2808668669040353,4.697308791995897,,2.849916137982933,1031.2625336453998,Yes,Cabernet Sauvignon
11.769923051200868,1.6827674907687704,2.5654469780538216,17.320554940030835,94.69421676114231,2.892068430450448,2.1513920016095858,0.27855868057248256,1.2965547372538357,4.0198043401919925,0.9640195184650079,2.589636203671915,491.0435443274877,No,Merlot
12.491447547580847,,2.5897189177896682,20.018407710912022,91.30157435265235,2.2478908735343186,2.1502076770198744,0.4001693888271351,1.5422941010343234,4.519955579482466,1.2751538987414301,2.973879858083316,458.02793389466194,Yes,Merlot
14.201378912652302,1.7034753754774132,2.2208507208233206,18.165444155493276,116.06086459385531,2.7644609444260224,2.5883576499516114,0.4447448614175268,1.0028689513558264,5.910404148905226,0.918017880939282,2.4820046586349513,1090.1311184082954,Yes,Cabernet Sauvignon
11.89285622346336,2.287647330822986,2.467668368501615,20.68223441515793,,2.5512968011437898,2.3148529091617704,0.22012063921131447,1.5588535185647892,2.5738072540081287,1.1335406458359427,2.839097512711665,513.8490953645404,No,Merlot
13.582399442256047,3.597895572569116,2.179291110857204,18.47636563391413,107.4785176267253,0.8298883918173222,0.545046374332873,0.4395693675567428,0.8323504237016358,8.276925595247635,0.818854244389111,1.562171096321132,779.3782004880786,No,Pinot Noir
12.302661503313555,1.2375928898292052,2.651519156697051,18.062498777841565,,3.2657457729082813,2.8572155978535796,0.34318378458863924,1.7289159333368753,4.108793539242132,0.7873698972829487,2.2598885428564492,696.8436820587442,Yes,Merlot
11.693894988126617,1.6352628086389922,2.060687522424896,26.050206746200445,94.95548853303045,2.893723665628025,2.671588672045002,0.5271386219180363,1.630832002261712,4.773433981270902,0.802963581509025,2.1351244571090975,566.8263478582409,Yes,Merlot
13.779269845538357,1.4080372770628569,2.764046762410591,11.375540555120981,108.62460870021287,2.921700142215446,2.8891274862861787,0.31267931793905007,1.8059397413542257,5.316122847690143,1.1787247222075332,2.740567409543796,1185.3018814791394,Yes,Cabernet Sauvignon
12.337083088303011,,2.2564974602639873,18.24258352578433,95.21152608830212,3.774409746077483,3.336524177915031,0.22608793696903534,2.9120248965591244,4.587167193458192,0.8263000173041348,2.355207380110589,420.2282865191724,No,Merlot
13.700188016092428,2.2863689511508385,2.314814039201101,21.203143444795145,85.26210482772541,1.0367088762767596,1.0998410397298166,0.4158476055017838,0.9612286256832983,9.619711627889604,,1.5249334404280241,797.1781723230308,Yes,Pinot Noir
12.518724217430767,2.0050840790853095,1.7085225997433335,16.33423088611331,90.472741495074,2.138543044746764,2.0830649881829166,0.33540692803660377,,3.849220896910919,1.0423136247115445,2.4922346107166815,300.44084694969325,Yes,Merlot
12.124140419239172,0.7010688198775188,2.3409860013431563,20.878666913963166,75.32041800300225,2.8788975850879432,2.6902061359539218,0.41530210155596037,1.3997203688127813,3.0770546303728126,1.2262694102038267,2.8500483065070217,516.7579438536815,No,Merlot
12.378966674417349,2.9992205163820076,2.6202719745937118,12.552486774315248,92.1634011208169,2.4426670008666944,2.0277034399393807,0.3541714213440875,1.3529989525138035,3.8673423426961047,,3.18917046863536,631.8268309437773,No,Merlot
13.404646493018255,2.1646932781117845,2.775440392348331,19.07280267766513,99.191587921495,3.6214888893268147,3.307442128914835,0.40947373482932814,,5.1085075820514065,1.0882363948947393,2.4322097671838745,1013.4387153573921,No,Cabernet Sauvignon
11.371989655056606,2.7337390730499216,2.2373223591299554,19.423246023717134,104.02778217429969,2.339644953393787,2.011649012879159,0.48941232916904165,1.9252327903292183,4.084641488333262,1.1123492189434396,2.512294831697005,509.06489416006417,Yes,Merlot
13.604674471247419,1.8284575441665083,2.4167255177157974,15.18847237120569,106.12084064880278,2.5964426323491887,2.584136914296584,0.3887921890113698,2.5180928606786237,2.7889433469068665,0.9766627103003529,2.5079084225168473,1276.180704622408,No,Cabernet Sauvignon
12.606172460049226,3.945393091803998,1.9943054208859408,22.272892616600785,82.16111618953519,1.6037631292765235,1.762482790345301,0.2869981679961052,1.5644910562538699,3.8434068412782634,,2.3360829090800883,295.54836457649805,No,Merlot
13.71092607276172,1.7650748423169476,2.4013871900870023,16.90365434539147,116.7120097888904,2.6321009617127435,2.302823299464536,0.2771691710500918,1.714479823459426,5.1838272997851575,1.0231574758999034,2.5628770553910867,971.7148522007682,Yes,Cabernet Sauvignon
14.020123031591204,3.3667005873493085,2.5458140690251727,24.34627166209703,97.94538954397012,1.2616949867274458,1.2977783668219254,0.6389135830801516,0.9384967605935992,3.0184892862462194,0.6733835714140288,1.3696670568207912,755.7484156540095,No,Pinot Noir
12.01784338111938,1.1816688656922083,2.3534787714480077,23.863508582412834,101.61363927274368,2.511256532715103,2.257486042921678,0.34014117664429594,1.7346042732656655,2.527524200865423,1.1567882107330658,2.611516913894567,560.4312760478132,No,Merlot
12.968471311365269,3.553404821053694,2.6773536114068226,18.783728103819477,90.80561623645383,1.338064758402474,1.406017828489874,0.490732606238098,1.0000301327456915,5.44782879173965,0.5788543144541434,1.6269749527960582,856.1163139228786,,Pinot Noir
13.301080788322743,2.8339041858985823,2.7305771562802947,20.145216161677855,84.87575241452129,2.2859635438224504,1.9692098449327597,0.7480108680097459,0.07084324882374982,11.047927723821722,0.7354655672868354,1.819209451442136,338.60007734027533,No,Pinot Noir
14.77082380043523,0.9624702217900256,2.285858383536447,14.126990007029264,,2.2826768258209045,2.1062146685856558,0.34784851169252806,1.3882012816344407,6.530855269813283,0.8860558140337909,2.2821418522673205,902.1521829774484,No,Cabernet Sauvignon
13.835171619640862,2.5649057973611296,2.370520506499242,14.124786264619091,125.89805996291048,2.9314054393715456,2.7510216217490133,0.2750232799297432,2.3228757080965465,5.187725643324255,1.1105890292938547,2.7320985857305766,1409.4031492465037,Yes,Cabernet Sauvignon
13.63749548484021,2.0693243747050407,2.4094813357666514,16.470665493639014,83.91317644114862,3.007611540819734,2.8686504181325243,0.3912941087221771,1.831836137106007,3.681169694183834,1.2607366919587828,2.808931337458059,1065.3752553649072,Yes,Cabernet Sauvignon
13.532378671746645,3.892924466909544,2.399203034965836,21.08569606654897,86.79534859840925,1.5181397216879533,1.5038359760124285,0.38035063657642293,1.2597854155234178,10.236395434994757,0.5962338275494685,1.732108102341732,684.7347242209892,No,Pinot Noir
12.657769025852,1.6201839951346846,2.563099436326023,24.36306574687647,96.81639120630936,2.972281241394225,2.906548785237246,0.37093079601420326,,3.8149518910399967,1.3190936734026304,3.27101917926767,482.2714266444927,No,Merlot
13.10716876985665,4.433182059333933,2.319615572730839,20.45371815615958,107.98612442268103,1.7452675512036613,1.6641750826548383,0.48823518813662997,0.6181937347394059,4.760895093771042,0.4949969434202743,1.3748579575281157,455.563290481102,Yes,Pinot Noir
13.726577673788933,2.1150734920841114,2.448980746110644,16.97801327628607,109.31707537494195,2.6063357283105546,2.6498947350843496,0.16855167425681966,1.3598314327778458,4.289240826894096,1.3489133399940592,3.278301270294412,1094.3202696696674,Yes,Cabernet Sauvignon
13.109800526223266,3.8119431100427454,2.5452330573065605,23.63140855316001,99.12804673980364,1.1868196933132777,1.334138142620001,0.5574246994663488,1.3593891020588202,10.783318201026345,0.438314750564057,1.0,718.623300916884,No,Pinot Noir
13.500126235726771,3.168014113182284,2.2953418596810984,16.99154030388475,,1.5419069771409675,1.4425968235901532,0.6584819888139044,1.7099983143627124,11.821490734744224,0.6761650420505966,1.6641832361887132,564.1421590412656,Yes,Pinot Noir
14.450469177116995,4.950553424979683,2.4734946741909636,19.957628866037062,94.70682929577863,1.871560445692455,1.5735031595090792,0.5057099488405901,1.3398337011758081,3.4547519791448043,0.6679692441638801,1.3569869994098687,508.46858277452816,No,Pinot Noir
12.600411061580676,4.643121186417931,2.3423608755012175,19.594378413257516,114.4990747002139,1.759079942931168,1.5202370155108342,0.46908689976649104,0.7264236235701285,6.99594083156086,0.6579814794029376,1.5831692958604981,300.6016104764759,No,Pinot Noir
13.540775332982234,3.8113584364313793,2.532348562970886,20.800090741844265,90.23297785614062,2.462156633050098,1.9822845982869346,0.5718971330623042,1.1505184826124426,7.485348712864553,0.6058267916497396,1.8272831186773966,465.14995352862536,No,Pinot Noir
13.505095098422116,0.90732915290389,2.2667319209848777,20.84241413479411,100.42737034431677,3.2817213802703704,3.077917479666422,0.22692761795215333,,6.77705138662961,0.9783053259828732,2.8086335322723395,882.6216101760531,No,Cabernet Sauvignon
13.81179777438734,3.2045388818161884,2.176274706650609,17.91340935515942,107.78265514969162,2.5499960467608926,2.6970213801715244,0.39289560616588615,0.7553926519597307,4.413561744781801,0.851441628093933,2.500822667484,1717.6909092838273,Yes,Cabernet Sauvignon
13.652868722873722,2.022475371779654,2.2895568739977947,9.832362615543142,97.44633479476906,2.740384385153128,2.6589152908454095,0.4147605654893298,1.3373997491951068,6.422324518595643,1.1042684828677873,2.778851376368402,1081.742956248079,No,Cabernet Sauvignon
13.483493420662372,2.7928736531716734,2.590664468145895,21.017717198763535,89.8684080901329,1.5617360196533936,1.2535301497805929,0.37074621832709814,1.1142637065349943,9.355494619867905,0.7266724417018597,1.552009100260691,423.4175432131233,No,Pinot Noir
12.84490657984003,,2.6253873028353025,21.85305355257006,113.75275178565278,1.747588430509189,1.2251736576529377,0.43230163320093506,1.4954255056292656,5.004349969659148,0.6666772458201682,1.3470464765265373,444.78333930745686,No,Pinot Noir
13.622747160375049,2.169161803874587,2.1382947396286878,15.974150066637227,,2.920982384820282,2.504771339315309,0.2516348946728624,1.5674856656195693,4.448122210980164,,2.6037246645709344,1044.384435115581,No,Cabernet Sauvignon
11.834698222655245,1.8055137643247077,1.5806307369202202,24.39453717383847,95.39847226777214,1.9326590482775676,1.892437398682902,0.4711329300538252,2.2605147840287736,4.823410756938299,1.1301866152909397,2.6460363577507335,476.83326691240313,No,Merlot
13.034860100719099,1.5245786237616639,2.2345517732847147,21.405785227855908,73.38439576381703,2.147083716082185,2.0343102247869536,0.5155995992219891,1.0598991229933667,9.960395842817618,0.5658875399282577,1.6887330301102763,547.6491739949004,No,Pinot Noir
13.917383037233309,1.86705331128442,2.4614781301046573,18.506631115766247,91.18517196342478,2.9597356633222214,2.6468322442083934,0.2294260017528716,,6.03066647444392,0.9448070363915261,2.720213989750557,1305.4797406995604,No,Cabernet Sauvignon
12.928951313844012,3.812363416089826,2.4802227642992642,20.846801299176473,92.42119627951325,1.9489048210304514,1.4501556539573053,0.5928059014319703,1.2644947458256652,11.001157296882338,0.6964294050468546,1.554344075215647,491.01199304057053,Yes,Pinot Noir
13.833855731171917,1.8660592093134578,2.799420743572838,18.989596638049434,125.78116471015369,2.598065025287482,2.411184137973739,0.2594988938283282,1.5072360616196785,6.177900737527494,1.0413138068062286,2.550270387383553,1269.6656009899905,Yes,Cabernet Sauvignon
14.045242677033883,2.112133415321953,2.253243869862944,13.554976807880335,110.97792260877551,3.104052774708267,3.0323216564961357,0.13694906148746025,1.738886823557504,6.3985766631789724,1.0554023049336936,2.570045993793952,1203.3847622503442,Yes,Cabernet Sauvignon
11.937302871185882,1.7425631061965439,2.4835681759380224,18.18499559221122,119.05225673884044,2.3683817034072643,2.2742059829156784,0.5408122310542273,2.0363015498081696,2.686968674985545,1.0357570390552762,2.3311038756311673,373.74976657578645,No,Merlot
12.674790135298299,4.000790310317895,2.400789238617484,20.35359833000493,110.2170410360714,1.8259154336793437,1.8626602902436253,0.4203518364205694,0.6944916423938354,7.4852923056446565,0.7637373620981547,1.725481473181873,597.2108125980195,No,Pinot Noir
12.24864302666255,3.352096864202823,2.459185458129603,16.209899694552846,85.01447585471473,2.167001125429187,1.997244077787883,0.4555260740983593,1.4114095424598196,1.5376965130758393,1.3340566235981153,2.763191104200111,486.1567743433533,Yes,Merlot
13.36919229534273,4.863361542513687,2.519413212411404,21.678218259616266,100.2388743938018,1.8561101571281937,1.6784622704801266,0.6458064523330511,1.1110156616126912,2.8690263490354857,0.5892018032592341,1.333395320700812,641.4242803251744,No,Pinot Noir
12.86265852764782,1.686005054380152,2.572228059503028,16.013567870326515,107.48635797054891,3.232453362184377,3.248998039782523,0.2187179127347119,1.7317966626252435,5.6035046034700065,1.0999589387172284,3.063497244250257,1100.4376208084725,,Cabernet Sauvignon
14.039456781535947,1.032472939236072,2.3797965486576027,18.532413451186496,114.02687241162079,2.5624986962314815,2.237191357539047,0.3018631709835282,2.0209032873941846,5.684895990578642,1.2163183531876762,2.5580986311666467,1305.6005716967088,No,Cabernet Sauvignon
13.039885347927394,2.3666181943030793,2.2044979282604245,21.883849573970366,98.66896718388065,2.006004318261429,2.0534383677962547,0.22959194774143854,1.0457227231510209,5.759486523079986,0.7685508232021904,2.072596144734419,723.3654127232732,No,Pinot Noir
13.04754220517553,2.3749873764537472,2.4320467512276416,17.737669840735432,106.55557151653721,1.567986785910401,1.7581031156265263,0.29430731622726825,1.2582927435841842,7.15409635644006,,1.8775066081409513,659.6632623318482,No,Pinot Noir
12.703389915274052,2.76594808883162,2.230392496701289,19.719318458448463,75.59035744871696,2.0220564766313456,1.6285087179412268,0.4625091582382189,2.3508764255083747,2.808007738573323,1.0279840061843961,2.1709380067212454,200.4212961439631,Yes,Merlot
13.67572985942136,2.0308378854274154,2.671156937171736,26.354655936720953,92.59197517937515,1.7035935943303402,1.5563818706162285,0.23751167652282693,1.1553713661728202,7.960546486527967,0.8351459765477972,1.9090433772844375,660.5626422083859,No,Pinot Noir
13.47863126699053,2.683212273206046,2.7977459985284976,24.944982293652263,94.02449916446642,2.0729093646640995,1.7648753021323018,0.4383563709173735,0.8336992871774034,7.15073325890546,0.6133321251116466,1.5697684893090147,463.5998586115706,No,Pinot Noir
14.088668788030871,1.7996439351115316,2.2253700646507695,21.6557939034872,109.26607457809723,3.048316563950966,2.9570684309444104,0.3631948084146486,2.6778391169040914,6.24444687271763,1.277087358049504,2.7246906048616526,1197.6606654747184,Yes,Cabernet Sauvignon
12.579058505974828,,2.7152500303801133,23.115060404604012,,1.95558841851519,1.8011918712840607,0.28817295925143854,1.7515119461903284,3.1351505793905092,0.9600417471688003,2.129848455663836,608.9063183114938,No,Merlot
11.687334659208702,3.6774019768216224,2.6020437638266594,20.51698855908756,97.8486481780742,1.9454229225919901,1.4219306332734678,0.43163171913877146,0.9195588163460037,5.281375793878537,0.9634525111353315,1.891014671411773,494.8709732427521,No,Merlot
12.546861357230124,2.587697401315397,2.0696390882242457,18.6630315722623,88.82395795810959,1.949489363914616,1.7043695243780819,0.5107702696629162,0.9399939077503261,3.640130966958224,1.1014812970802337,2.285691029226146,323.2533561441484,No,Merlot
12.380471068308026,1.415159293105839,2.0411594854247967,20.324485559051386,,2.595184933183415,2.7241788700508605,0.22988644789975707,,1.2829129708798472,0.9574117770020438,2.600774425214479,1026.6585051300165,No,Merlot
13.679618736932282,2.463866179269839,2.4666569233505036,16.131191469516203,,2.7853185817111448,2.655931634806481,0.34733729182384965,2.8975708022911957,4.841985354561978,0.9998294807070506,2.4803097412783788,887.361382049356,No,Cabernet Sauvignon
13.99450587219581,3.3292243724933024,2.5399815431109416,25.127758738182557,105.59332166739433,1.453171552513239,1.4598645032741013,0.31456877463488586,1.4226343476157708,3.608577770149003,0.7538631617199362,1.4954071041042685,514.5216924996363,,Pinot Noir
13.72623339917812,2.3374467848678675,2.5693707819242313,19.30287686598698,105.99380593164746,2.695419519693179,2.4230973627814385,0.3207661301004,2.0689869696948904,5.576964162853784,1.1256640487039773,2.743738409272367,737.4252909533986,No,Cabernet Sauvignon
12.665893010928805,1.7440144502615669,2.7085600632671167,21.3370708728977,105.7261443859363,1.629062192673065,1.330911828948849,0.3715563391460988,0.955011154079374,6.540592859710513,0.5011738132835917,1.4181640015364911,613.5821889605629,No,Pinot Noir
13.58608905158924,4.646031302387173,2.4290913295637746,24.989323121432687,119.71838224134814,1.5559965998135978,1.6826333485462517,0.5330956944331998,0.9299237699222092,5.815691707977258,0.48508115211265757,1.2671889767119848,940.821019012099,No,Pinot Noir
14.139698987431414,0.3829275943571493,2.830378974994855,17.460144578178912,112.10896251359434,2.5924569599673313,2.56563745970114,0.3212663060695232,2.1764250263467506,6.6950304692468325,0.8834438423095685,2.2960953666594217,1173.8588629478418,Yes,Cabernet Sauvignon
13.327537216056182,5.361781006868156,2.3758552873714693,21.626014238254122,83.32237111292388,1.7355527876968708,1.8032302007745662,0.5383155844467332,,9.170067042735447,0.5992318777545899,1.653042878264222,599.2312058873109,No,Pinot Noir
12.476209689505021,2.899506466263491,2.536499222149459,19.601962651986703,83.25315896479944,2.267938985650896,1.986703531267616,0.22693903424552775,0.988831684960355,2.524006097766227,1.0282063783541566,2.3434716287907187,573.8757810147251,Yes,Merlot
13.008472207895323,2.334371949510198,2.632491118594111,21.495246492105323,90.96702279175359,2.0257298339094767,1.7696194746112677,0.4174949061555703,2.1879574658183127,2.658421864652004,1.1730256081017663,2.8173986213948723,239.9058003973475,Yes,Merlot
13.485836088918445,2.3648170790124787,2.4525179966001227,14.537104919222934,121.00235357425959,2.8318163073160445,2.855391849275172,0.3158550641789933,1.3057843361910904,5.151921071275298,1.1816606920653066,2.8457617484827016,1042.6081921493924,Yes,Cabernet Sauvignon
13.993111165679638,2.9244631588697168,1.9843360212264833,16.744008233472258,98.26624011012417,2.772077069713265,2.414944378478791,0.2767989706895793,1.9718586723120213,6.763173301138673,,2.898716305298001,1476.4015464262786,Yes,Cabernet Sauvignon
13.736016786616288,0.40348350823965395,2.5816363503564745,17.286461092559694,121.53764376957106,2.3900880801591633,2.174062239736828,0.39761502863284615,2.686450988550236,7.754054958391755,1.093335311122599,2.5141238107582966,1177.7272450952998,Yes,Cabernet Sauvignon
13.580913128012666,0.9539160661264854,2.524772579462395,19.956326854381643,114.9011420503849,2.677892247220494,2.5236265232163744,0.32361688067582367,1.6112021841053152,6.160304491640439,0.9903420377499047,2.3971665043381907,1168.886629949783,Yes,Cabernet Sauvignon
11.87701612910133,1.3206199475509237,2.1603088940979833,18.068315064750543,97.3416058889423,2.1382451012618713,1.9446677234112009,0.26634550505896015,1.976855096899096,2.53792812488988,1.3625773349507073,3.106893414939199,430.39365191937213,No,Merlot
13.133356392998259,2.2441431258324065,2.793516404396786,15.777306329702691,90.49033326607737,2.748789895017441,2.450869846155374,0.333512091918468,1.3792261719345982,6.958578899797232,0.9549157340298211,2.1509003614270346,889.1923400946574,Yes,Cabernet Sauvignon
13.460506522004273,2.6450903286885947,2.2321204218585025,18.13083119046751,98.77018299480591,1.7166328779427023,1.290203223544998,0.4013624468651558,0.5477800119799574,8.207631147205362,0.8518924115070035,1.9577376738639838,574.6593666527224,No,Pinot Noir
12.614168195979932,3.5013685926695133,2.280868905856497,18.648188887921908,100.27793119836976,1.4824840537340527,1.3048570595335376,0.45032289916976326,0.3114482252358176,8.728427832360616,,2.205045749213572,714.7227758562503,No,Pinot Noir
12.721010960947847,4.495364294778276,2.739888983091664,23.923777311521274,90.76274280783025,2.2130832206822664,2.2408157143162892,0.5835600247255812,,5.049338213609673,0.48660871535908157,1.4781756191204325,553.2813119145993,Yes,Pinot Noir
12.267419190929655,0.7664759160615471,2.557043755061714,19.31483044154022,121.3430528970281,2.2008803088121836,1.9281343825758812,0.23254714694914724,2.3678128094027002,2.986530045609926,1.437111380712822,3.018409669616245,445.1201196962856,No,Merlot
12.968278999081498,1.275984363827921,2.64152223407234,13.213113060516152,97.48038932335265,2.8823406316527964,2.908854276248077,0.24789774319086957,1.5729766406680137,6.797740563554239,1.2172485172025285,2.7068514004391777,845.6532497907024,Yes,Cabernet Sauvignon
13.809344298364506,1.7493883183478995,2.6919955230752586,13.55903125230513,,2.255057455182099,2.1500364678436297,0.3261691973053926,1.8295147764152095,6.387191230809884,1.2870283989222335,2.8402042768742026,601.4810507137329,Yes,Cabernet Sauvignon
13.168792794070217,1.570216239024972,2.47876812134054,17.72807854211845,94.66211264874426,2.9553012952277795,2.784946826412117,0.3288668051995597,1.554879992170692,0.1,0.960236931639451,2.4439909341363903,962.498871848662,Yes,Cabernet Sauvignon
12.836266682355099,3.880992824879134,1.4103307150712743,18.007684007409114,94.74462478358795,1.4612684207634483,1.4691721088403915,0.20386866041624266,1.5212284374260714,0.7123577915091088,0.8863537651970572,1.6634612380444018,381.9291441192905,No,Merlot
13.182173123587093,1.3412145328525291,2.5373473260034083,15.902365224737656,88.42142387195615,2.4458474233753216,2.0356409935357584,0.3619306749387675,1.7542286327743033,4.5137976443109356,1.146344971755671,2.4624914389200154,1639.449428356012,No,Cabernet Sauvignon
11.290877957100166,4.761878039941163,2.797540430782795,25.888849632808743,95.79721578443379,0.9954857579375191,1.0308880964485208,0.3995181278334521,1.3294259040879297,2.314979594733128,0.9229502213230627,1.8916882581538355,576.921407265416,No,Merlot
13.515875521605984,3.127655896508326,2.178341120879475,15.320219940800808,101.03477103939166,2.8290421374353714,2.5931505985879846,0.37037794971611915,1.7060041102953103,5.239427664308423,1.1136671676221523,2.6995473441493356,1310.6709604353955,Yes,Cabernet Sauvignon
11.125014392377693,,2.158966815162417,23.771732079636315,108.95828245443245,2.504652997182923,2.3835898231371133,0.30264493049189206,1.0756246899262707,2.9019538292752216,0.9673663590950088,2.4612048114499143,396.0715284350151,Yes,Merlot
13.06851894994561,3.5483330773932273,2.2261138571723373,25.730092752101243,99.9269037682875,2.3545892138978144,2.0875233107509925,0.4866858323667403,1.9921100387442658,6.9997957885032145,,1.9766389161250797,729.4876577857954,No,Pinot Noir
12.582371129245205,2.3067300550542837,2.5536748059912524,22.00868942347107,119.9242482584295,1.85759336575641,1.7917399423966853,0.41605630534863036,0.9800312635979487,4.739524015747423,,2.7222760423271537,454.6871748602361,Yes,Merlot
13.190948112932464,1.783161845494702,2.1725344917260268,21.513349039957507,111.39924389010024,2.5147183591338202,2.230020100758704,0.13393500456754043,1.6791743807975434,3.0123170775420927,0.9900549401374454,2.383810858225775,663.921158194634,No,Merlot
11.756732486882855,2.415155597226417,1.81556842622421,25.108718907144233,110.66980790324176,2.0628470929541924,2.0383188995959567,0.5373638153192356,2.0147692593537494,3.3978244424866033,0.8220994471323095,1.9494907493477656,828.9721299357223,Yes,Merlot
11.507372688696119,2.3823935244327017,2.4543434946932603,20.099590355821277,71.57251384164272,2.4349274067264495,2.4330667053462105,0.3892872271178121,1.855398287582059,4.495772152812251,1.1008335734905048,2.6913150373834003,371.0229050452516,No,Merlot
13.050102445477462,1.617846142060837,2.6090975361876985,25.564636824712263,96.97350279293461,1.2346589997286854,0.9219839860492202,0.3297077434415505,1.4113678044477405,9.497660566506855,0.7132600373877184,1.8246768750361722,508.6617037658458,No,Pinot Noir
13.977058250662045,3.249617881450492,2.413713689412832,12.794183795522432,103.06945112517305,2.891866102177628,2.981103736667031,0.2885505545125636,2.3366334477509887,4.172997781417458,0.897514273837633,2.4215333297819304,879.4004609142057,Yes,Cabernet Sauvignon
13.502697438570204,2.8735649895416024,2.943442468728657,18.644720026082947,100.18731255772921,2.5845062120258118,2.353923493859399,0.3048199648919418,,6.389538120382026,0.9828521435259775,2.52459435159411,1060.9414297943163,Yes,Cabernet Sauvignon
13.891696932176746,2.8314075652833557,2.4506838810408405,15.438491479462053,121.64316984915912,2.5910228484385227,2.43276103276654,0.2838465458841549,2.500494345530884,6.489925467536923,0.8562334793512151,2.3456306685473143,822.8548469214429,No,Cabernet Sauvignon
12.996810305103393,3.359247064047417,2.2718121996892497,23.667775459134596,105.35454508660422,1.4877783790011219,1.426887540509463,0.3476889787929048,1.5744066506235925,7.467747345167854,0.6737030861857172,1.5085898841003058,524.9275327969331,Yes,Pinot Noir
12.996810305103393,3.359247064047417,2.2718121996892497,23.667775459134596,105.35454508660422,1.4877783790011219,1.426887540509463,0.3476889787929048,1.5744066506235925,7.467747345167854,0.6737030861857172,1.5085898841003058,524.9275327969331,Yes,Pinot Noir
12.762287678297593,1.866963523942904,2.1996041576725553,18.12615591609896,73.87842530057299,2.609844841442713,2.4996048842153433,0.21964027246877796,1.1873154897937312,2.781569675534055,0.944388052025203,2.4632940041665523,512.915360744954,No,Merlot
14.437974524026753,1.2163248873106318,2.6348484357927235,17.44685240821582,108.59126857703883,3.2346717896616606,3.233563926995663,0.2870296332944624,,4.886998529136381,1.1425465909843935,2.945595228984236,733.6737701774227,Yes,Cabernet Sauvignon
13.83443319668848,1.9309587740504024,2.239843630216146,20.481046240290866,105.43480607260051,1.5795715476787615,1.408868866949269,0.556245306347895,0.646454614946365,6.988090790005054,0.7896498722025547,1.8163354834765932,576.3213649948113,Yes,Pinot Noir
13.794382621790339,3.6629825013947364,2.589965931809367,21.76784262646956,119.08897554529223,1.6718194003014375,1.5883773883779841,0.33257117509620543,1.4481549235372848,8.251114271510518,0.7596030636216108,1.8247126615914928,605.308716766923,No,Pinot Noir
13.801153095915597,1.7397983123900136,2.396342855760986,21.993785444511907,88.82676785592231,2.2407087863302415,2.086050254549512,0.3103843640792045,1.5636203445318166,6.092118385820434,1.2559349620339726,2.9639695365236896,1094.2933657950798,,Cabernet Sauvignon
13.174764418926555,3.228520920910473,2.361699732188215,19.99333877534983,104.26157950247989,1.6167386171597875,1.544798983351194,0.5065380975996107,1.4285999697181846,6.842130022757901,0.742723852844879,2.1009079949335243,531.1486562002171,No,Pinot Noir
12.425045954038819,4.8725186373026075,2.220261427905079,21.44542597303653,94.96944537684183,1.4346587191693478,1.529570146612308,0.40526571465441763,1.0157599480048356,11.140932352288875,0.7285294049989242,1.642224291932585,714.3118303781866,Yes,Pinot Noir
12.489438456010088,3.8198444662029916,2.2284868172187213,18.625218124481943,91.26621038850732,2.4835105417990957,2.242602326707183,0.3492310633524805,2.018151197471777,1.711615699010143,0.9124643644431006,2.540902931583904,582.4718631388375,No,Merlot
14.958737018766959,2.5340485376358557,2.1410607984200354,14.18253022449784,99.65303991484713,3.578153351356333,3.1959156903649406,0.3965190316915871,2.1046054807676766,2.2006775367537337,1.2165404664462782,2.8671807103914975,973.3587169260494,,Cabernet Sauvignon
13.239592489041092,1.78647133427323,2.5759834447252192,17.290985695714852,88.75505101762246,1.347854256632336,1.428020911099382,0.42566717150824024,,7.630478485826965,0.6280704369945117,1.7227507377646047,717.0824808270231,No,Pinot Noir
12.186161185407087,2.54496795982584,2.2637579631014475,19.828519307005628,99.1560269504146,2.170036913869206,1.8701480293997712,0.37372189317847154,1.9964633238495602,2.133123908269366,0.9765578661568506,1.9535343181364566,226.62251602204145,Yes,Merlot
12.93306929754193,2.4375596408737077,2.769891039920641,17.901479194142105,114.46159828840841,2.7916364661209774,2.56076000080768,0.35775991631877047,1.8890266583265105,6.416937286602147,1.1366053079905047,2.804127402118201,1152.6064416482259,Yes,Cabernet Sauvignon
13.75567972234615,1.6343735283249152,2.5841712839846505,20.81052469914078,90.87769933544963,2.1491355665593512,1.69188043780859,0.5240752896793873,1.1922150228820125,7.8566593775361255,,1.6024917677512138,622.2021258212302,Yes,Pinot Noir
13.246218468964042,3.1363919501560718,2.004462738821215,17.61366109197995,101.67985355277315,1.4029713946648046,1.0632877419314537,0.6108219080269457,1.866318435444418,8.74750481081826,0.8917430490747249,1.802043985832523,736.4909272008205,,Pinot Noir
12.579398926071159,1.1827381120469145,2.0205738812566487,25.008993848819248,116.13117672482883,2.7558455643280624,2.7345549965284577,0.35792550685308144,1.3793802272522036,2.1231118636125585,,1.8398650517300237,0.1,Yes,Merlot
11.830727726345383,2.5939325950838246,2.094167996531037,18.687683694552963,91.01105307706476,2.175332433024292,2.231938102492896,0.27323909487321557,0.8212822174047038,3.3051446873090278,1.446762879749135,3.001934553414719,592.6865316956275,No,Merlot
14.018766905448848,2.491164553662697,2.451871237879094,19.812609804270064,108.544102250177,2.4944047614737825,2.2643707292920343,0.34766046489306546,2.5509605357858742,3.6564732231469064,0.9905002742008941,2.1572438949506276,946.3655016646485,No,Cabernet Sauvignon
13.012552095815009,2.3671551627002603,2.5863344324061455,13.475451427630475,122.08590789820697,2.604525894058441,2.2229187538711703,0.33418668296470033,2.2648609583907113,5.681848954918319,1.0687640013194322,2.2813287647358975,1093.3481700952884,Yes,Cabernet Sauvignon
13.91541050150394,1.0924693703476673,2.4167685869264757,16.091041774233002,110.35060016998759,3.091701177221737,2.7825286536553726,0.30829942889109774,1.1360948377014877,4.485615442026917,1.0558469462106617,2.5944789015334657,867.4508277164364,,Cabernet Sauvignon
14.025296393912349,,2.4585609055183215,18.043679896855036,104.39608496102302,2.5854657825464114,2.3090682827419435,0.27107221405331905,1.55520705787465,6.757635493140703,1.1449432625087756,2.923651967964889,1077.6909980505961,Yes,Cabernet Sauvignon
13.05055502319461,2.872400830697216,2.6669915683608356,22.977563927639824,96.79091146922437,1.7147908847936184,1.6699910824383926,0.3963234231598236,,5.703623165992137,0.5690505039168412,1.6517340666096014,604.6992379563758,No,Pinot Noir
12.896881317438663,1.7537438932002956,2.6295571315836246,22.169596770980657,90.65848270588724,1.586522388465586,1.486995316107282,0.48938906908319807,1.0121521175769679,8.630427103662962,0.7111057718717222,1.5173812845748096,601.0536614396058,No,Pinot Noir
13.173310744406866,3.599133728724698,2.3582459028551606,24.88040305933358,122.88336132059743,1.6161771998663756,1.465383684999236,0.23173303255309766,1.388819622624808,8.855274636772485,0.6675950741099084,1.8197264891752054,568.5220402849333,No,Pinot Noir
14.1232919929217,2.0407920316548127,2.390231635588796,16.943286811685883,99.82012802121851,2.8221084391012137,2.6485637628490926,0.22096319226383815,1.7587025232689566,3.428071982651466,0.9121711197139534,2.4615407872872757,1434.9939690109882,Yes,Cabernet Sauvignon
13.92721016910718,1.7603613429352825,2.472423695221985,20.50296568758474,101.49386178795199,2.5192160038971485,2.206622412909517,0.4077668509738069,1.7826387635744103,6.434595660545238,0.9740689871238294,2.159954812586316,1033.4651282212303,Yes,Cabernet Sauvignon
14.00438073611222,1.2844038028468694,2.723231199299039,21.26463170136141,90.63341736473755,2.749358837824677,2.2164233475449353,0.4060163284162748,1.7663517066478764,5.166284448414509,0.86346007467706,2.090432357716042,1182.1722232167122,No,Cabernet Sauvignon
13.940373329452953,2.7741953589351085,2.294401803410678,18.398850926540415,103.60546837221878,2.5839269991740546,2.5856472687019294,0.22817602581914126,1.8332897063992055,4.628626716776369,1.120046672151306,2.7225548666259507,1057.3370709961816,Yes,Cabernet Sauvignon
13.440860078816861,2.453239283496632,2.3891259801811433,12.580944717651548,113.27516008880879,2.9415055452995795,2.815179638615989,0.19683859231705564,2.4534881444771997,5.649636733181616,1.2029281623608894,3.0868986047509006,900.0058291509915,Yes,Cabernet Sauvignon
13.936206364897032,3.0331263822045473,2.051245375528727,17.89289563844698,74.34248417084936,1.2393386107713715,1.2219940740394837,0.4175302679836538,1.2079729008306823,6.657848563844174,0.6469560623742768,1.7304061513977744,556.4331416153639,,Pinot Noir
12.213739007008009,1.3277776991071322,1.9154688985151322,26.53897271288387,118.06275344656336,2.3478681169177134,1.9078493536339989,0.27199267983863407,1.8727726141404937,3.741321388465356,0.9739619999776177,2.153897311665706,624.4030450668558,Yes,Merlot
13.567995538220584,3.166706981486342,2.3021070512994144,24.764077388385715,100.86234131901253,1.2098099713403025,1.0434785808799896,0.6091421956115495,2.054545929916828,10.215455051414988,0.7873679950169354,1.5849548644713178,589.9703360940159,No,Pinot Noir
12.610377410320378,2.185669403919479,2.9100092322632696,24.85685167469261,80.17780527633164,2.4059592712222284,2.334579827794442,0.20609464443552153,1.6694876097532558,3.950613589569128,0.970187674951082,2.629431675416103,472.34581448432067,Yes,Merlot
11.754670012815359,1.8541217212252734,2.1369527588357973,18.3289054913939,84.29349870842204,1.4600817671949258,1.3475564645174256,0.337828755536843,0.9063075282747327,2.8394878458002815,1.2388048806180518,2.122118658272673,579.4933043019282,No,Merlot
13.838045543518957,3.5481308469514308,2.600002067771401,19.521352488590168,,1.5995124836588122,1.3283150782757374,0.5801224049601421,,10.932000935986673,,1.5440264138526527,762.467834131191,No,Pinot Noir
14.566155802704971,1.702658390544836,2.4329816404394125,15.516949537824102,103.50899957001448,2.706713857024568,2.4325334148483444,0.33369289907286726,1.8870102704330178,4.3995412642470875,1.0871707378232591,2.6052141823535733,1121.5634331678605,Yes,Cabernet Sauvignon
12.887011389657962,,2.7926513774501736,22.35183414852622,112.48539416769702,1.3694479007437121,1.094774661694753,0.44557633164275684,,6.18358513296444,0.6375215010764295,1.6513205488529925,620.8308659422814,No,Pinot Noir
13.051057573997307,3.3354431410066283,2.439122799446466,18.268892547462002,104.18656512799804,2.323672841619657,2.1026785795018164,0.23709296746823494,1.8393290835688405,2.9122919386082025,1.0801563457900463,2.493437666164863,561.9171658076393,Yes,Merlot
11.976620541760216,2.6475611927858482,2.637484357960826,22.76718292609089,79.09270461984141,2.943609535440243,2.5239247420671633,0.31036609771791507,1.1350021711544533,2.6223746966454264,0.7191258924534756,1.7886135944199655,400.90307213204017,,Merlot
12.185172993701727,3.7315083625370105,2.2279526441120456,21.421474451115877,110.79948376856915,1.6015949167674357,1.390989546066533,0.5441557456060074,0.8346867396860143,11.272178138151535,,1.8539742761772673,813.5925960259164,Yes,Pinot Noir
11.706776010903722,0.36057875538405204,2.1560810052681774,19.97445229840552,84.54290400718385,1.551283019811717,1.4129650256436337,0.39702160375359485,1.6594558051131576,3.2845085537227803,1.1469575252429318,2.3209144125737065,453.5827819478576,No,Merlot
13.971229132087124,5.5396200333882675,2.6677437798953036,21.738098639463946,79.61358575373067,1.8153798440485844,1.6947180154457282,0.41039117243666184,,9.848051373564672,0.7481624050083214,1.7778786343013258,710.7538423021833,Yes,Pinot Noir
13.33624644987018,1.4246483524487228,2.344200081892933,24.950709481722164,91.30161054441673,1.8733486036114195,1.4106855094958406,0.5526567110946178,1.4585522106201865,6.986369640126757,0.6532782960225464,1.6001247602728634,546.275237878691,No,Pinot Noir
14.07162708560172,2.0644886609038764,2.264090027846787,13.698777539607406,101.68756224542196,2.429375927334883,2.527161073901381,0.31936254249972734,2.242884141422645,4.940300192791079,1.071200267441363,2.709817547656958,810.7976025343021,Yes,Cabernet Sauvignon
14.128092150057142,4.996730053528566,2.2738450090233315,19.320520763803167,94.15797893458722,1.2507884062459547,1.2129158826545363,0.626510934300637,0.5323700936083302,7.110529031788681,0.7603238438157358,1.7846364652711597,805.9138167463432,Yes,Pinot Noir
13.666523413550898,2.3909842714919565,2.110402455445142,13.599354084276683,93.69863601072802,3.041163050535908,2.6164213897357103,0.27624511057213247,,5.160204005336193,1.1589999630872707,3.0090566957500666,1048.0517627122456,Yes,Cabernet Sauvignon
12.332885837593832,2.2937659420304035,2.362564208144539,23.229882543185848,77.80647080453393,1.540656588118674,1.620890072770943,0.4875176836838164,1.198325672073671,3.281005536730847,1.3709723662054274,2.6550452140439593,470.6038219188231,No,Merlot
12.034271548846604,,2.4347783721324125,19.775096700092092,,2.846189511917848,2.645702652666647,0.09689521905546983,,1.6014504726283125,1.3510456792784629,3.018287079025093,477.43732423370403,Yes,Merlot
12.057550003610583,0.01,2.403806691855758,19.032360876027536,90.91364125069842,1.9765364420324731,1.8811093444072338,0.27084950785091566,2.0346852700991276,3.7047499039397995,1.0795064145002622,2.208075302112622,335.5734593671996,Yes,Merlot
12.990013060840296,3.629877993214657,2.7171372009864334,20.59042734123377,,1.7645989278341216,1.573203387445974,0.3261276858415408,1.5135483533137863,7.4830007483572345,0.7343517506099968,1.8289425091281573,752.1529280774065,No,Pinot Noir
12.493812885757375,2.6804636327008113,2.3100221987349765,22.54679551788393,115.41439378395484,2.077233897029366,1.9671476412884445,0.3502337754621339,1.683900457008989,3.5517293456235164,0.6952258289959199,1.8028420492416435,533.5213085773353,Yes,Merlot
13.898138007520986,3.884780020883711,2.5397451033416956,20.093719261905168,79.10310310913702,1.4019683510511545,1.2584773891996235,0.3577902478213161,,7.431324662124483,0.7205460234254893,1.6825290000113489,669.5633352903483,No,Pinot Noir
13.158698547815632,3.4156736729748656,2.5255025555873054,21.232019063472666,89.68630183289685,1.9755661460373168,1.9028483544946808,0.3743313130112136,,1.7423367660133318,0.9014276987045704,1.8610313458949457,480.4565969998649,No,Pinot Noir
13.882722032182038,2.580663329416851,2.4053589233449797,21.504354869367866,97.16435898853125,2.5143159674364584,2.472957816262646,0.29093630689011035,1.8040915948425633,6.0223047486052765,1.1676452150031462,2.959007860591639,1165.822194996213,No,Cabernet Sauvignon
12.875473068170399,2.349805458901638,2.52781336832254,17.210740984254002,,1.7430176649908309,1.4127465748688235,0.38751996424689644,1.369014977951936,12.558303664256465,,1.4686155712211666,681.1439888956417,Yes,Pinot Noir
10.105442707567583,0.6204441326961707,1.7583590583453912,20.04266365067422,,2.4872746706230795,2.449379681434098,0.1907267879146888,2.0574055356588694,3.6179041881781333,1.747185523196904,3.4726634957285207,517.6263447092149,Yes,Merlot
12.698238853966743,2.598513527008095,2.458190124012747,20.280063155549787,110.98320631943389,3.472442422323507,3.2778764471306836,0.22346246549699803,1.8616465589736115,6.633299042248327,0.9439022840948725,2.406841548321767,1189.0572154580154,No,Cabernet Sauvignon
13.059693837822756,2.5341187753517964,1.7921901701496254,27.034572577414828,104.89302514438954,1.9072758306362572,1.4844456295995323,0.32858073682371053,2.5394731295433908,3.1809252332521623,0.9949492172828789,2.51583748543228,366.62785482671194,Yes,Merlot
13.618667039727546,2.169151165173726,2.476659148845882,17.44315341737214,130.94408624289179,3.129280340561551,2.9349915958577486,0.39051958124374,1.931447067812715,2.9680592237440337,1.2706978160730147,3.1872895837212147,1111.1284555637596,Yes,Cabernet Sauvignon
12.947976344142134,1.547922247011405,2.568343030449131,18.06484514756018,135.25540202316094,2.547496705368443,2.560145129186429,0.437885535474682,0.14445495703919864,0.1,0.9558196876673533,2.171862030291096,722.6766903954388,Yes,Merlot
11.498862636324503,2.768807901018498,2.6914441133799056,22.987083837064382,119.05384293558834,2.9548536421368095,2.2282975744483546,0.3338988952043657,2.027458071095822,2.9823443412135178,,3.143149202858784,482.49228768686396,No,Merlot
13.488177591837182,1.729027691837655,2.5425740069505554,21.920075091834885,97.76656975507248,1.175534102922945,1.125688283948289,0.5232021091183818,1.2407604063851185,6.045838595652503,0.7130250420768404,1.3954138540570291,482.63826549646785,No,Pinot Noir
13.235975358328396,2.4617007983515555,2.2653746932876677,21.407856533219576,94.8318839509997,1.6556760658247274,1.6293103714986887,0.5162329221308848,1.7790943799176957,9.071481477846364,0.7588027064935059,1.8843087691869664,602.5736672092634,No,Pinot Noir
11.694613211237446,2.269331832404384,1.8928123828938956,19.652975775042222,92.95359678854742,2.110202064231672,1.6340459386538895,0.4384201585846216,3.088093794691063,3.485818467871978,1.16516303983097,2.2802855978736787,439.91892775313113,No,Merlot
11.334231946813318,1.3493756048861836,2.8965800819004666,18.961196279163236,118.01329737765604,2.2140487159705455,2.229761130679971,0.3125467446823217,2.058457623611026,5.183598244099669,0.948666328217983,2.1636717494563085,507.9878705772667,Yes,Merlot
13.864151527589188,2.7067258762042106,2.4316436613435193,19.45415140492757,102.42290652442912,1.3533845270317932,1.5316520993171403,0.5022006453364082,1.5879633458339324,10.326826208169239,0.8028381605709929,2.059099217448324,600.8555959863637,No,Pinot Noir
13.012173395611049,4.377469360975915,2.8016588456388556,22.883987998138224,107.57993435347092,1.3549708263271876,1.4626728800243263,0.36484514950870583,1.1710583285076555,8.588908618757385,,1.2411376752272592,664.7873712650942,Yes,Pinot Noir
13.279921761518736,2.929380292587384,2.683029222557191,17.371567738257077,114.4868658573811,2.466561645894571,2.3551706174415012,0.31834876232472736,1.9582521257375538,3.429574885590756,0.9562524083193672,2.403859666242145,1084.6296434380627,No,Cabernet Sauvignon
13.486373676831732,2.7533681102264698,2.3782223588949316,12.473453300049012,109.52934610957068,2.225253516791425,1.7344972882169312,0.30050567912415166,1.5222308486387632,4.699898979751773,1.170382391996543,2.0081359327666832,867.9008439406484,Yes,Cabernet Sauvignon
12.133437617058181,0.6381136035615114,1.971000413707474,16.8872534740622,,1.293102449495975,0.8602668243170084,0.45108606786266514,1.764661341636526,2.3608154621781825,0.945236159341409,1.9476568919744217,516.2503432671988,Yes,Merlot
13.597506842022511,4.875797604693211,2.0215771646760037,20.156561376299987,99.99677469064329,1.3652764134289608,1.2468766080846767,0.26263173325049244,1.7091431914310145,5.614079780390537,0.252341522421837,1.0051546640276914,428.6315136265624,Yes,Pinot Noir
14.302926810444117,2.3124255032801444,2.7392577317312994,12.98682188216858,99.77797376809457,2.9569494433656156,2.585028317853286,0.3463416396103665,1.6347304997452938,5.047368550253115,1.139100235069717,2.712888264920968,1245.8895407988964,No,Cabernet Sauvignon
13.616563603090771,0.01,2.5122130900650492,22.462042951323387,79.21560857583532,1.4220466876403581,1.6601648791257027,0.4637751036283873,1.232449216313504,7.797150147063444,0.73966540153099,2.0319373618996344,837.1336499954164,No,Pinot Noir
11.195027770191896,2.0239783230494166,2.275826957262201,18.88727516077561,84.73615015588729,2.3201479331187826,2.118003444928766,0.2356486454317478,0.824149835190526,3.1317291985355404,1.2675978580041554,2.715878666819609,380.98173590829515,Yes,Merlot
12.613361213805197,2.680097576711867,2.2536550494411243,20.964373864045058,99.16033517118525,2.421449978917892,2.5016324200729123,0.17216643877323135,1.1192858498099065,9.525732417686354,,1.4604288934271465,699.3050432100902,No,Pinot Noir
12.496707902590263,2.212012673869338,2.802595493188589,22.65654882120246,92.08785302429057,2.4088729956807056,2.1536863832455158,0.29549259442735437,0.8234320302241968,2.1527500997706994,1.2246281938734604,2.5289693876508874,591.2672619009403,No,Merlot
13.359535227798029,2.13774326765987,2.4324594959515022,16.091848381077988,115.23914865646077,3.1888788962858046,2.575718421749431,0.22769854751654778,,5.739085649499087,1.0651164487236215,2.7258645214123547,1386.0354687183049,Yes,Cabernet Sauvignon
12.81321284027361,3.017473536608866,2.2496789007539055,20.047032781483473,100.95562888567532,1.9500723116023149,1.8863447024996094,0.4833125233681408,1.7190155003913006,3.117806621486645,1.0802430731514507,2.425827496793929,558.4405661755021,Yes,Merlot
13.604347837559192,2.268363979227729,1.8619764247173538,17.743777677963887,100.98919370496226,3.1128595300715993,3.127649597968034,0.3424619910784594,1.3942278555291145,4.524431170431783,1.0339014308992858,2.5939190243293146,1238.828742440126,Yes,Cabernet Sauvignon
13.10666706352976,2.476744224158178,2.451111090381077,21.419664984748245,96.90621190209603,1.8300518855171515,2.004197233452835,0.3351401585701017,1.5670864455730744,6.404429793696481,0.5405775384583276,1.474533605104289,691.3240173869136,No,Pinot Noir
13.040588280169722,4.325391814964972,2.436119861834918,20.742568668019747,109.42098465765012,1.9309501521504595,1.487542073480793,0.4440295022886201,0.7654886310781351,9.74162688920254,0.8358247602443865,1.8602516989816198,814.4341916661232,No,Pinot Noir
13.54462708451168,0.564789982553557,2.1591763078428157,25.92557589925379,112.16544513523108,2.176706713206109,2.205328812390395,0.0736750233163117,1.2285183742351982,3.926123543652764,1.0988272531895011,2.4749829121180786,429.71098211763325,No,Merlot
12.688608268228064,2.913949313766273,2.664361302411739,20.218284781212933,70.67533048868894,1.797697799003473,1.5346050560724351,0.3896224714957459,2.5786273263447717,4.165656889480043,0.7251875073476867,1.886378459917187,511.795883220733,Yes,Merlot
13.157805963883316,1.5606887244941563,2.6118282803342425,19.155000126030334,91.57016517645067,2.872331515160694,2.9210211014515286,0.32391174074738954,2.356325115744552,7.434292572960988,0.9887848773728222,2.6513880304044033,1998.6878731665688,Yes,Cabernet Sauvignon
12.529434719015903,2.221056137259279,2.31492501578104,20.690454759843405,111.94792764251893,1.1954578539368432,1.074746307233862,0.35168614726796216,0.6044944768680126,2.3913184783807218,0.7917292205677168,1.8643995713277068,671.6213981206665,No,Pinot Noir
11.938938864885705,3.7160284344453025,2.3171647014400074,18.040896836251704,,2.211044585101925,2.232055977668342,0.3528112874787405,1.9806277926974507,3.6561568651990908,0.6852104385713482,1.9555731287614961,518.543925425209,Yes,Merlot
13.464813672853602,2.649807894097939,2.311825461580418,21.834483712970467,90.01040792075206,2.921049867880699,2.9086443660870174,0.2555921421689984,1.8434389316698487,7.69145121628816,0.9159995442373217,2.4010022613101016,1135.1358166325494,No,Cabernet Sauvignon
12.691568267636226,1.8235091791569258,2.164822582960553,19.495161388985306,100.36189032412639,2.7796720841205564,2.1007525264547056,0.26561818632011036,0.9179071464919429,1.9153025318699453,0.9330107229076913,2.6208065544485146,410.07928348898156,Yes,Merlot
13.763920201583643,2.3077456242118957,2.468396637030323,18.18271799506869,119.18371820168363,2.86068213323992,2.703742018668851,0.33882418183447,1.7401804233646285,6.082363939675769,1.101891217812144,2.248381114410333,932.0125416621819,Yes,Cabernet Sauvignon
13.142346339693498,2.7407639738965135,2.472774258816143,22.99932041224891,,1.377301106951708,1.2851657442226374,0.4647509541368785,1.1464190640911116,7.203082190496717,0.6019782990100206,1.3439961312470026,471.9366686246482,Yes,Pinot Noir
13.396699276880668,3.664121697283851,2.3580538591944875,27.983206227754398,99.96747006740775,0.9956525841253266,0.835199193356301,0.3409508012776533,0.6313495716860181,7.050436190971971,0.667617690902195,1.5765672811582054,652.173242820072,No,Pinot Noir
12.44808479231437,1.9290839240688173,2.171441746121309,18.814711554194506,114.1996146307782,2.003939227438441,1.566031310248619,0.1386603607426759,0.5820587826546355,2.3594745887497037,,2.446510013037687,490.7188630715422,Yes,Merlot
13.28887499135484,2.3614083004710156,2.4283418794922667,16.89216602589773,108.19598519702666,2.7792892689570268,2.780655596536748,0.2540454617499563,,7.505345474275897,,2.7251674074104226,889.66228644105,No,Cabernet Sauvignon
12.70570366760087,5.1314371362899465,2.3949095664973536,21.24444975966516,113.29274675344925,1.7363966731247062,1.4769845194997786,0.4436361066705642,0.7460458255711222,2.2405358879648007,0.6912303788382154,1.5296883326527204,724.4651262559677,Yes,Pinot Noir
12.460145842003612,1.9033348157177268,2.1795619682225675,22.43125336976363,92.54932299799846,3.0746898502141446,2.8722581732996892,0.44546775673584554,1.6932194476693558,3.325328671489203,1.0200826157672325,2.7925510602474786,539.5976918269132,No,Merlot
12.612096557108678,1.8688092837283186,2.5293007837760833,16.873517639250462,127.97683888597676,1.534912867387444,1.2119323149027403,0.3569232804140193,0.788600188458161,4.587947935796819,0.96670892907078,1.7960170577755095,265.94610198657574,No,Merlot
12.860671844180835,3.101080269386423,2.481187211371634,20.492247718180444,85.65168461492728,1.958500678885049,1.6686202447790668,0.4999381868729036,,7.771402689718478,0.8264027134164627,2.0353961865835206,685.1965979327737,No,Pinot Noir
11.478376515072267,2.252827358251771,2.318169050328291,20.412747456138817,87.05747652767828,2.251479382998601,2.0564598944131327,0.4738674577300207,1.0788330457346296,0.1,,1.774003195714117,847.6774046420163,Yes,Merlot
12.724835126224248,2.8910732800412786,2.6942283113007854,18.16602172422513,108.66017052958564,2.2493834989740527,2.108014212622784,0.33623601618733184,2.501920848418413,3.156011626374669,1.0504966055600606,2.5308363447383697,641.1355067653394,Yes,Merlot
13.218117985730032,3.031787824426271,2.4159297258998436,21.068129082860718,98.87482603769806,1.9168704781750918,1.9930291411981333,0.3768336091984035,0.6725517756283471,6.220759970890768,0.7714701645082334,2.0373864245117193,675.3183908605282,No,Pinot Noir
13.6601408945468,2.1297279545907672,2.4568388293096537,17.216263854803653,106.86458576726541,3.16850626260046,3.2469667160033917,0.40150384623859653,1.9455500776568049,4.7516769884447685,1.1783295264243612,2.9545561827588274,882.6037780292393,Yes,Cabernet Sauvignon
11.812381844123683,3.195167575137598,2.2476366147806663,22.575432337073536,76.00651536306228,2.237905272642368,2.199353523340791,0.06377638505140365,,1.9732016422400591,,2.8109092349690075,888.2898945515645,,Merlot
13.205021089244113,1.2957649647019878,2.441486710907398,19.596651793800987,120.06578069450961,1.6037813092116426,1.5944008825515932,0.5550284862650575,,6.337339065781476,0.6289357956855792,1.6155662414141114,613.4751128441059,No,Pinot Noir
14.564348822202795,1.7163115141854677,2.3398361563734786,15.643605449720438,91.75124697087361,2.5705744493482734,2.4601174422096417,0.3071277347841145,1.8995521112008438,4.906301883369146,,2.6542480646664894,1202.8027051656156,Yes,Cabernet Sauvignon
12.903211762265737,4.442182804674261,2.4153326836392233,22.005182271135364,102.40924669252891,1.2067425800321245,1.50425666763465,0.38067967383058443,0.9788326808362275,5.189207292956139,0.4916752266875279,1.315556589117115,425.4644891820689,No,Pinot Noir
12.138038763035725,2.4883144379301867,2.155402978075712,22.701915663856173,88.06825341309366,2.033060735241873,1.7564948402755567,0.26115648281144,1.3039973712400172,3.7319096665579243,0.51805405144381,1.5290650394178549,472.99096106590446,No,Merlot
13.555220374325307,1.7871902987744541,2.5233319908525313,19.329425050826526,99.56884705834267,1.1761933621547787,1.1415835875181835,0.41778583629250543,0.5773169268491488,8.440547871510374,0.7362128138448654,1.6323648677472031,854.0052175192048,Yes,Pinot Noir
13.733789534744446,2.274979227781943,2.4977908628583156,16.647530256388954,88.54191869121934,3.5103178235247507,3.3923777310076697,0.35997718139103924,,6.663291748897846,1.1630040458716113,2.9833219151793107,936.6044323621105,Yes,Cabernet Sauvignon
13.210660600800326,2.8955043837768404,2.6131139103684267,20.31082276099072,85.01724833993822,1.9946827273178926,1.9355393037831898,0.3089273990027187,0.8360413443974051,7.022285250949424,0.715304656262089,1.8138029767100783,538.6587558968082,Yes,Pinot Noir
13.914378219230805,2.630129194813974,2.513659014530565,17.571925072322344,108.6050872846683,3.187394384368956,2.538849674416353,0.2408071528125157,1.6341653310965611,5.80609845264131,1.067714907020274,2.568741372050642,937.6980887041078,No,Cabernet Sauvignon
13.102204998017678,2.9834039377229016,2.034677619475835,19.241471525336515,105.21722989566281,3.2188769374774857,3.127418265588939,0.38516191611707373,1.8245909364220603,3.1794038151957182,0.9555267281517412,2.598617674984776,433.57595748660015,Yes,Merlot
11.36930512238949,0.3627210651280073,1.9336343276561947,20.095770327596668,,2.0462310669253028,1.6446898722125678,0.49384831957163344,1.2408695591438001,3.7958557560267776,1.3155153043086398,2.8359852570432533,294.0119711149174,Yes,Merlot
13.289306660387807,1.8745413621851716,2.324281171776718,18.884637674834206,119.51262893508166,2.9752969016026145,2.6500090775640026,0.3417784755889046,1.4875191726241659,6.825394030246681,1.0532168148872805,2.559158359483154,1014.8741865114932,Yes,Cabernet Sauvignon
14.764623556014149,2.3297954053799503,2.4506585240639907,12.619753568182572,94.42923999811745,2.6125710898270795,2.22286553815887,0.42251342197957803,1.736440363916484,4.611381015398656,1.0414273156276739,2.374996364969828,903.2212954810907,Yes,Cabernet Sauvignon
13.653158068756545,2.6170962984506008,2.4736257751762407,23.917241328002753,,1.8827683946473108,2.0709212748743573,0.5873023540167766,1.7844758031140657,8.117596232183592,0.7186764889965257,1.78214360050376,571.017632286769,No,Pinot Noir
11.807062512503729,2.3146678091066173,2.8203955425007106,18.436246948348415,88.82389020430514,1.50288163880821,1.5002317741320614,0.3894628297194041,1.8663319781900354,2.9052397732693134,0.9600910075637726,1.9479762796432871,639.0064505258413,No,Merlot
13.93575022649089,2.373311649576225,2.54206688773651,25.72365505737418,85.8929899385563,1.2979646902020467,1.200517904771078,0.7608823003273791,1.105400734142423,9.560738003752414,0.7985530257512417,1.9302429945780604,431.0854672165963,No,Pinot Noir
11.50351227435993,2.6692057778421736,1.8784654725452636,15.399694195651199,71.25738084786603,2.669124427938501,2.1993226936867507,0.12548743358944972,1.2956850141214913,2.727253299692178,0.7263128015542915,1.9106021111490832,389.42944233073854,Yes,Merlot
12.267184659056708,2.905395230310428,2.525407224162271,21.564461867248163,71.01226749310368,1.471072632028224,1.8397410496352653,0.35763541729855175,1.9248135037515883,2.3267035189886585,1.2625712416297104,2.6249615969440176,550.9531082959123,No,Merlot
12.46874656940942,2.4321276478434446,2.6447295510560114,25.127895155014993,93.04526444359337,2.872145273323239,2.414988180251094,0.49826627959832037,,3.8050339974100025,1.1318974789426353,2.5990878182890853,475.3262703984261,Yes,Merlot
13.096508182973919,1.7833103939417496,2.229521904864044,24.281188373192208,99.39693630657544,1.5098076996235086,1.5318038503336895,0.4694114875483092,1.1927832175468822,7.216202988555046,0.7702237770371587,1.6768760049074236,669.1833427168042,No,Pinot Noir
12.949795303305514,3.297088155629286,2.3429818981015185,20.702334667473266,109.91875421545468,1.8454518695790716,1.5460324615869867,0.4261321284308883,1.6090321858793204,7.621930409883015,0.717663955774602,1.8989283970267108,547.260216082417,Yes,Pinot Noir
13.786293958861059,1.7850417471657962,2.5797003149278326,21.59056459932505,110.51233217247507,2.425577087886099,2.096405292284462,0.2962714937157904,1.8569865022935743,6.0595945266045,1.334201275330237,2.867910538980682,1180.1421297171196,Yes,Cabernet Sauvignon
12.83270661503783,1.1367185226222372,2.215819500695077,22.13331103405301,89.88496309188895,2.1631346569214167,2.118654147152527,0.5768689647015098,1.2139506885209324,9.641434201758178,0.5560329510383321,1.5032453527257958,486.68942194234427,No,Pinot Noir
12.017598324448787,0.01,2.1524431824945203,23.534729267078152,92.72501230069355,1.7367654039359328,1.6397134672553229,0.48336816239523867,1.8429233720314453,2.7399916426900885,0.9714819524021268,2.070148127559012,534.0417792514761,No,Merlot
13.117590526153622,3.567614011835933,2.265334854075051,22.400464584903123,77.20783719421752,1.5021527108352006,1.3536706982048738,0.313962017817525,1.6493554303992284,8.507852643234157,0.6210279016142107,1.4437181587775079,689.1473516490156,No,Pinot Noir
13.254395179228483,,1.9670112008847498,21.881847518580724,67.2127355752069,2.636018675956926,2.285715488032256,0.42648778037350443,1.5766103390634822,3.046814848282922,1.2598607399404411,2.973754314899221,512.1167069290811,Yes,Merlot
12.694221862284294,2.4666286888228885,2.1787143907494286,18.60529378454602,92.47648624226173,1.4602260564476135,1.089547098437148,0.4288454448414604,,1.9607718383084212,,1.4240702315556377,707.4104274700887,Yes,Pinot Noir
13.482499488702928,4.581738020282898,2.2841353386788117,24.738650955245774,96.16638783658783,1.957806315405422,1.735839109386724,0.2640884690605548,1.0117995109350588,8.908796906872833,,1.4301707888852686,790.6704932628089,No,Pinot Noir
11.490567353359905,1.8510867413793353,1.8624090618839442,24.00385349568918,106.14583238205874,2.1556649687905756,1.939568719769054,0.4843293540689747,1.7290625406528783,2.398129496449031,1.1444190531090344,2.629242925624304,314.72974360987666,No,Merlot
12.527601362318572,,2.6344971805660355,18.819329270267453,104.21463683377785,2.5259994378882307,2.3879913253024982,0.2087287177440171,2.654832817188078,3.2241652321333802,0.6144135208366598,2.0259044563541506,629.9185776601503,No,Merlot
12.607184208225526,3.906790868299373,2.6788829912155374,23.774503650474585,96.64051354621368,1.3918519227086956,1.1903792045991097,0.3736902934330431,0.4147462126178896,8.093417639768289,0.6762341454808105,1.2382767273751665,509.07181280983184,No,Pinot Noir
13.523933224755885,1.8139128456592346,2.5047332081562383,14.847895803691074,103.3967529288291,2.456509540953997,2.2136715583298567,0.25547447081458624,1.956467607533056,5.504959459185839,1.0238188142633287,2.4830373722219288,1058.7189104666318,No,Cabernet Sauvignon
12.818028618977182,5.3233314444142845,2.589657168826716,21.526062677593593,107.24862966271016,1.6655304412757141,1.2498559920827477,0.26450404848007714,1.2005518217557019,5.49058464806232,0.7244717308491276,1.4584096941680813,726.3507891314349,No,Pinot Noir
13.25621025874143,0.8020200178097334,2.2524853505284312,16.645646483398387,108.34794275177865,2.1794409572825266,2.066535175650018,0.44649931884014604,1.2235969431100573,3.6941007626107316,0.7302095374455656,1.7977306396643655,675.6512019965032,Yes,Pinot Noir
11.757382354428929,1.2448175631722962,2.2186276227747808,10.84699221731038,81.63049738054207,1.865548220189166,1.7263931729072277,0.3907857866224998,1.9804374136474192,1.7723117225614313,0.7035451845185516,1.6789125906126943,6.667127703727829,,Merlot
13.04738427341995,1.78354177354245,2.5160290631384745,19.1300796420735,96.61206578442014,1.5232578682667657,1.5539134063304738,0.38549486777244607,1.1955438472602096,8.452719286003376,0.7347161444232195,1.6056624967923807,635.758244478918,No,Pinot Noir
13.114216685587328,0.31105376834935705,2.533345372760847,14.710441306758906,136.90525867106032,2.8920296169666404,2.391727027179929,0.2520611619841665,2.117550801644872,4.2657949108704765,1.0750560652758323,2.5473236657934795,1128.423268191125,Yes,Cabernet Sauvignon
12.668148242576338,3.319666275759242,2.7029801108361253,21.918987929135735,105.12462934995372,2.6195318123787175,2.115148443371419,0.45114116805157445,1.0348012436003495,4.969228902108527,0.843603074000431,2.434092672079566,662.4805883417085,No,Pinot Noir
13.22951872553897,1.5077889167943912,2.085308709125169,21.766137314839455,100.83419569435043,1.7239787159141553,1.8406866488484632,0.3917245759710921,0.7288115003538116,4.987064964653419,,1.6889233179364977,592.6401492225122,Yes,Pinot Noir
13.018629540218038,2.1610450824973797,2.34614290518867,16.443728851891795,87.43662470793367,2.033135168485507,1.7826510408640803,0.4390464344420509,0.839436838762776,2.95365027615953,0.9993613293240495,2.3744020386517657,536.1913627130687,Yes,Merlot
13.200035612385454,2.975554785420023,2.773014604059157,22.001341106685043,97.48274367195323,1.9596258804707334,2.1219099376494595,0.42458620396390356,1.3277591449917692,9.477563516528743,0.754177188123112,2.1180746831201662,421.0378286819807,,Pinot Noir
13.017009142369762,1.4108947054269185,3.022713155660169,20.10656599234752,96.99687794307091,2.4905527898261597,2.200547811377809,0.1575640513669752,,4.665770475454414,,2.6932863525870196,370.8710699491311,No,Merlot
13.535737388438552,1.6350739569539008,2.6990916058794348,20.596763705898077,,3.0495812222416876,2.8469045035309954,0.31378660021433014,1.6054907533846656,6.438553886913688,1.1602350805709714,2.929049003902095,1522.0907109225057,No,Cabernet Sauvignon
13.788256210686223,2.2445454357923005,2.7738432046278296,16.791378041933516,100.9166021731031,2.237417182852229,2.150690907041672,0.31668899730566824,1.4927529553925256,5.162356009713159,0.9653248652519022,2.4790239379470522,726.7844684754609,Yes,Cabernet Sauvignon
13.998786933312353,6.818836100761516,2.53200292247305,23.87028530237151,83.08129059197725,2.241463742051135,1.8377608937593302,0.32373693584083835,0.7863738756648853,8.177564971472728,0.7437763999241808,1.660610066383909,730.6834635969989,Yes,Pinot Noir
13.297373209204558,2.6816250893510762,1.7754542675950726,23.413342968323395,97.26090286432635,2.487436705178682,2.4657874724310958,0.5070907738468345,1.9686819203826655,3.8439018737144868,1.1450206268126863,2.8088117532828423,592.638634219136,No,Merlot
11.94045726055577,3.3620480613610804,2.065136621584643,19.631788967726088,103.32420211967082,1.8715047994808764,1.4188183194917263,0.41659017694150646,1.960486329417862,2.0349556300444407,1.319660493187956,2.416412498319114,432.7722215860845,Yes,Merlot
12.97109114738661,3.2485782480852907,2.8308607522916613,25.06164034061025,97.32124035333487,1.0870130044779818,0.9620281737897128,0.462201584787486,1.751617893266566,4.831656594325395,1.0970583035668973,1.9843091044411363,657.7968470976273,No,Merlot
13.81608066153336,0.9636244412044888,2.533441607560336,18.582144786518267,93.38484709615815,2.130479151116398,1.7453940722062402,0.29082014924035554,,4.873105082282772,,2.1474125569088516,1522.1019114456258,No,Cabernet Sauvignon
13.908839593371766,3.3582274814588957,2.1420579335644345,21.864501720683965,,1.615572741738439,0.984654705974228,0.2488989872892287,0.8577054461468773,4.619894079050489,0.6738248040049358,1.053792506240725,691.2728306443354,No,Pinot Noir
13.551714523232645,1.452308566226988,2.49989293014401,16.714475270555408,106.96759185964102,2.8545864090797286,2.379070377630995,0.2324108583844629,2.027199477765619,2.255418783911992,1.0109174209218013,2.383496087816378,981.0734767980282,,Cabernet Sauvignon
13.33948789019579,4.686959755591853,2.331906606389894,19.410045186884883,100.4317295794904,1.917773962428212,1.6847073499979546,0.3335942398053574,1.8382020858422443,7.040152803271933,0.6724663711910526,1.6651542025311792,507.5310215104432,No,Pinot Noir
12.545184299700942,0.6375783903372192,1.969966375934612,23.902306527944614,71.89931915073906,2.1924213820959735,1.4621021141780592,0.23506542391288726,1.0006432893140875,4.409060948279402,0.8363694343786008,1.974738113211842,603.7619429981295,No,Merlot
12.610598779726452,2.2840920299957537,1.6692080358097425,17.619143016894405,85.2047668215082,1.9193832791967391,1.8818830725925577,0.15689271917140696,1.6470018759718759,2.729251260060081,,2.63923853433736,547.3966255472576,No,Merlot
12.060861430995903,2.8657083573654907,2.51666726256885,16.63039093164636,100.2240222598572,2.5873643111775464,2.671837430894107,0.38234590348297615,1.4739665362010803,2.7298209893799297,1.204009482099463,2.9514858206819423,488.2634486991333,Yes,Merlot
14.403740930656857,1.1905566378142671,2.4788259655625526,18.069490995617834,90.62545220569756,2.28421965448628,2.157739266644242,0.22831330867947644,2.1531473294229153,4.476768262438216,0.9909665034667868,2.76937611019205,1311.9480484897597,Yes,Cabernet Sauvignon
12.22996227938752,2.3317592639702607,2.482792966609387,20.935567237912664,73.72592542168351,2.927158442630639,2.783895909536121,0.4127648866097564,,1.651832478697343,1.3746358057746595,3.0918983200066688,0.1,No,Merlot
13.236712029297237,2.3255561466502144,2.0751215702257175,18.483886737263916,98.36447582739768,2.692232590941238,2.048804270370795,0.25249995890614196,1.7202066280921182,4.073933374482077,,2.4241888118663706,948.7810418770837,Yes,Cabernet Sauvignon
13.351288088349861,1.3254530889418372,3.068026389470491,17.22685640938043,103.15423508145697,2.8176357223842725,2.2047990164797597,0.3100823782804823,1.8499822336560463,4.870702128434749,1.229889442593054,2.826262493619328,1329.4246919540446,Yes,Cabernet Sauvignon
12.563278625246788,2.0500616526700233,2.8198508451452113,28.758708406828713,42.431241906036774,1.7539394284829075,1.6077514101526715,0.5817371653739525,1.5459938446458286,3.3933208716855083,1.0540077903201757,2.092268947666462,612.4398070074463,No,Merlot
13.669337827085576,1.6952147689392265,2.308239233553135,16.63993084986331,96.32393329895743,3.2066825476337875,2.9607847437675874,0.3222153047604544,,3.7380834881573834,1.0489144292459416,2.5839816959685002,2065.3304985411864,No,Cabernet Sauvignon
13.539103795831075,1.01607481415917,2.378760749592118,21.814297720753366,89.03235208419267,1.542965604721902,1.8969408601817996,0.3128562632651558,1.1830216154481272,7.827128486359566,,1.9569409852491588,603.1842908457678,Yes,Pinot Noir
13.265886907988012,4.164583472646666,2.5655845021536967,22.75165373731456,119.62853670001608,1.4244905892724284,1.3386895824342637,0.2571649621734532,1.476382863739464,8.196902697361029,0.6302633772691328,1.3584256855909689,615.6027020685011,Yes,Pinot Noir
11.325099412173484,1.627366785484922,2.6753087164948655,19.04999594251124,102.05468786082041,2.1409869735120974,1.8523295887083704,0.2950922771684643,1.8877709941881635,4.2665671351039585,0.8451725305520192,2.003630074833202,452.64252593037133,No,Merlot
13.380561075878328,1.5764995010338883,2.518519623546757,21.90121150195757,92.11371771257117,2.511905458738708,2.4188782356018796,0.2959262896512934,1.9270221936323297,4.139474769496326,,2.898932577022485,703.1257894646529,Yes,Cabernet Sauvignon
13.472602394327648,,2.5364464253562797,22.617125480328028,80.4517921396247,1.2834008966996544,1.1036507219493352,0.39889455196405244,0.5723901720481065,6.62591610520248,0.5549999867887965,1.2125251302174944,603.8075846189643,No,Pinot Noir
12.536341546119306,0.6555145545164565,2.221582508010906,25.303817655519794,101.6572261418294,1.4484118128864898,1.1083317193345392,0.6046528426581462,1.8440967128975054,3.784498402868645,0.9471321761866541,1.685183664187884,591.5893363253563,No,Merlot
12.138038763035725,2.4883144379301867,2.155402978075712,22.701915663856173,88.06825341309366,2.033060735241873,1.7564948402755567,0.26115648281144,1.3039973712400172,3.7319096665579243,0.51805405144381,1.5290650394178549,472.99096106590446,No,Merlot
13.622735258965598,1.7243811794427994,2.64672693227295,13.231685880567381,104.8454602839981,3.2225670633174657,3.3463762370412105,0.2595710368393806,1.6239537835392215,5.70460982322358,1.0189212737015534,2.994715631426237,1068.6418246031124,No,Cabernet Sauvignon
13.492321369910156,1.6902250016754712,2.9032655975152974,17.626115750651902,98.34166743262111,2.5218694141966105,2.24047473134788,0.3693652490794808,1.9434808611253638,3.8584692671417646,1.2444254278070266,2.861548940234136,1103.8707716846454,Yes,Cabernet Sauvignon
13.366442859313484,6.632822227759357,2.4182407465480686,21.731170926416613,94.71218817630523,1.7126780514584272,1.2841532505786146,0.40778671607424993,1.0621758660304021,7.452666459091269,0.6506855816558459,1.6114625520439612,665.0427314021777,Yes,Pinot Noir
13.510918722980305,2.1561558198376924,2.233955727637334,20.19245208049511,112.35142835271175,2.700856176648342,2.738308474480819,0.2708407202927562,1.6222139032298588,5.27290516411793,0.9799895485274955,2.282976144172301,1256.3097722301088,No,Cabernet Sauvignon
14.119244601868171,1.8226357017363894,2.413445274771059,16.37224352990772,98.96546270023777,2.748022619485238,2.427321908017061,0.34735401679418226,1.9036692992728517,6.014758469352638,1.093990259169427,2.6370124672016177,1062.3163656744089,Yes,Cabernet Sauvignon
13.535517479347131,2.968326239034977,2.5305437987553465,24.099477916714868,89.09062322286408,1.2594643976960747,0.9887305217590472,0.3799485569735011,1.3399159274737484,11.968309604705448,,1.4696141818262485,356.08073247133717,No,Pinot Noir
12.659310812695526,,2.421338850230748,19.380763342313813,98.30145340947502,0.9981596567670099,0.7674881972090499,0.6083245381954666,1.6003181245198599,2.3470542015667597,1.1245352873073937,2.4134829812964504,768.6052307227684,No,Merlot
13.248536410956486,1.8885705900339576,2.864078473644891,10.798228725038646,113.04235025261634,2.792952542793666,2.6340390631161914,0.4722538409125287,1.8534933418758537,5.088586416508196,1.2835570727181371,3.145027335381874,938.087008453509,Yes,Cabernet Sauvignon
13.935769261272569,1.7638723865520458,1.9862502648089628,15.548371493136038,113.56537244759859,3.0496478139740284,2.823911258783694,0.28681093112718214,1.6295013210545537,9.20621463383234,0.9444810668351219,2.613250645551502,1154.9149075490795,Yes,Cabernet Sauvignon
12.994652492473577,5.2312413232555475,2.658066617619984,20.2456173594267,108.20500067105137,2.2325491199571,1.7923947150175878,0.40373193576297006,1.4496506357226493,6.475907063265984,0.77815393365025,2.029988952606435,644.8678437055461,No,Pinot Noir
13.247691812738335,,2.293648468712545,16.88167859504676,107.0620803700986,2.7675491675566546,2.2061346972844427,0.17500063865008494,1.5811965354067388,5.389500615345755,1.151580186101582,2.5843223778502638,422.96497831947073,,Merlot
12.485494112469777,3.4366258123043982,2.0103998648869674,15.189395013118029,82.79585851528151,2.0309561605552906,1.720554425726239,0.4794918997996237,0.578565626385382,3.3984096016309557,1.1328082162226405,2.260742112446045,544.784445872057,No,Merlot
12.600372581442379,0.8622861562606325,2.094863495262203,18.88233949622531,82.71382813759278,1.6200600166162415,1.564439295444607,0.26157666641029514,1.0937839913321872,3.4184734127743925,1.0950298834771548,2.093876395752438,577.1206867568822,Yes,Merlot
13.029294271068585,4.202610434298473,2.4758484681883095,21.93734060786192,108.15145170945546,1.7125403899878673,1.3478925448428418,0.48290863832370945,1.2328453720459307,5.172521474865088,0.6045942528489768,1.5909575552287347,579.8776999106577,No,Pinot Noir
13.567496373049917,2.1026050543345622,2.1150834161281074,23.11649037216447,71.04032867963717,0.835329838802801,0.7665694290250119,0.29685532334470377,1.841950822359328,2.7318634661061467,1.1722784888123337,2.068977081071947,389.1922370762321,Yes,Merlot
12.914407501358303,2.390717983985611,2.9038244463390264,18.11256508005392,87.02347055868007,3.064450016193601,2.554874126336633,0.44896398371170854,2.104436456902251,0.4942114124727741,1.0227267990608573,2.4574473149070943,835.8433574106577,Yes,Merlot
13.991327620993852,1.6788116547954894,2.767927710523838,16.233585946782355,96.36279083349247,3.051578822415582,2.8844270360206896,0.3116588987831947,2.712560065911401,6.147165463531449,1.0910296679918368,3.078217120469812,1438.1280238240079,Yes,Cabernet Sauvignon
13.260923816535623,2.1648138578169513,2.6533587065812356,19.289825755698995,106.80602846044266,2.586609391940905,2.0864610788747786,0.3864415365392321,1.9258358627772885,6.546818415954123,1.1949634964079534,2.417486420611691,930.6357803063493,Yes,Cabernet Sauvignon
13.27347803621321,1.0110638812753434,2.8199996562461815,19.57548850788183,112.79009738541484,2.993701250865948,3.136106648108542,0.1793762477508125,1.6377026150270744,7.208271366718039,1.1471758152839868,3.0000078835431365,1203.7427733558795,Yes,Cabernet Sauvignon
12.601176419446261,4.339492091961745,2.163836248678439,15.63239269087185,105.137657232523,2.5434407967311765,1.971138129558447,0.37845572166434427,1.8983724208003987,2.1110287036195454,1.0434297746664907,2.327744875828696,485.66290178214547,No,Merlot
13.59777118789462,3.5620207194682134,2.525536854739172,19.13225132813573,98.68407709132124,1.8928054024644998,1.983119647704853,0.3412738799679587,1.912059708819527,9.411908999708274,0.8447998693194142,1.9334842370640124,657.0285744933498,Yes,Pinot Noir
13.622821575988896,5.732322831681847,2.742367104227225,18.261899840468587,113.86711511276987,1.616606092761734,1.4318936275617822,0.3730479547200183,1.385069288240941,6.423787385100353,,1.5477359904100194,658.3152440566308,No,Pinot Noir
12.385169385403394,2.0586633589868133,1.9786086712398547,19.868320838513146,111.33453046098404,2.1495583688464728,2.1904841742678887,0.33659401785546816,1.499922720344275,4.5964881476783805,0.8541616313457854,2.286339083611498,939.5678280696727,Yes,Merlot
13.816084944813127,3.4368794873621233,2.5401622606123127,16.48982621237891,79.19986770427946,3.2793822550551703,3.010342733362658,0.2675621735163716,1.3908190285041069,6.627304506157817,1.075045152904837,2.994150766000951,971.5435947313853,Yes,Cabernet Sauvignon
12.61774840303836,4.866200731638852,2.222061658202241,19.489205241014734,97.31816247277725,2.094588735930033,1.6726947956568183,0.684999152737382,1.898255702738369,5.89154709567131,,2.0319189364198493,644.430658781209,No,Pinot Noir
12.308252588100157,0.9667054858071535,2.084913859322974,24.882389960694503,82.27382276863,2.302619614848942,2.068968606096758,0.29059888501661457,1.8862465545581268,3.0926838673050527,0.7746973842252385,2.0393011021712377,601.810797536077,No,Merlot
12.541850696804257,2.2075217973623475,2.283743745064708,21.815766274778927,91.25119443374153,1.7021912181227932,1.6214732968855043,0.1924680964431744,2.6668096460843724,3.129724661829022,0.8236489755590757,1.8579265302080539,546.1062517225106,No,Merlot
12.04918572181405,2.589125973302898,2.879509079918698,24.32866129163019,65.49635201629809,2.299299887768436,1.9776177287211172,0.317511742875665,2.499382997464523,2.6216626115086394,1.0470582810180447,2.6501359090835046,403.7581583321715,No,Merlot
11.51809265433904,0.27265355776563416,2.1605045734492694,20.808042233935026,108.64113468563845,1.918508451301348,1.8952108999918507,0.6141851774916236,1.7488081064285357,2.5991588434714674,0.9703287079854757,2.335043619621008,478.1099334480259,No,Merlot
13.465286555881713,1.9472251436369745,2.182526554056055,19.126020520853217,101.15348674242185,1.9199326742654879,1.60359397843561,0.4061975512167493,,7.9450187273566675,0.6716526490093706,1.8552497008605302,610.6985914033402,No,Pinot Noir
12.022387027914899,1.2407463502084457,1.9505749675852657,21.353541230485796,85.50827399452236,0.856251370880071,0.8505176208530203,0.1886599640504021,0.8869725763253969,1.7546047366423096,0.8186003440694001,1.814908898969983,621.6241090569455,No,Merlot
13.205230939984068,1.378613040999808,2.472561700419779,11.573461475511472,93.89850890903264,3.0678123722908106,2.84041310675036,0.27034866194045015,2.287921794956698,3.702352269530744,1.0724707591827747,2.6366199707666933,1048.0450669180573,Yes,Cabernet Sauvignon
12.278274682745538,2.416918854951312,2.2731062927659833,16.29371961837457,103.37956822852816,3.04001666166147,2.574485813736966,0.24293661851823103,1.9369833232846212,1.1323608033081,0.7898899902508212,2.1959948646511744,543.3040851260215,Yes,Merlot
12.943585121254044,1.9253349192017826,1.6489313325055033,16.61761822477884,108.32160752708957,3.139766927996801,2.761468438408817,0.303586289307735,2.0251144324658896,2.5904757947272357,1.0364811032296934,2.7874786551900597,415.2108592134064,No,Merlot
12.133868921856463,2.3894265231261156,2.1944056241962864,21.468617144144872,92.67249737467766,3.0864148127851108,2.770753019047215,0.4013798051372456,0.13949242095489622,2.7689748188888004,0.9556905760537193,2.223286979053281,612.8531688711447,No,Merlot
13.816338105677351,0.7180157410494135,2.4472897555555515,18.93623675966343,,2.8407325852156697,2.56641816110727,0.25906629880442167,2.122364812519777,8.706116055708023,1.1631275213924734,2.816559026784877,1045.3996069044824,Yes,Cabernet Sauvignon
13.016579696229636,2.951881853085127,2.4380950881225116,17.505872322343595,99.29417535143548,1.8244997812991446,1.61365886122636,0.41363034773722157,0.5476431425400371,6.081332142775515,0.8241405789530364,2.13843689105546,571.9803530132875,No,Pinot Noir
13.456846045463333,2.316633765450197,2.3131231059440633,11.677005276999957,110.95022740764016,3.7929546796361557,3.673396201141931,0.29717306569722096,1.6864816241363165,4.083286792295811,1.0520346427286402,2.83651427158336,1025.2992302470248,Yes,Cabernet Sauvignon
11.941890442444368,1.3919435509476816,2.474951519688364,23.526565867439952,75.0417959576241,2.3787337760326173,2.3004837461331915,0.4222094355041597,1.1555400377412748,3.7614917339241725,1.0743242057021367,2.5665528781724305,367.9080678126221,No,Merlot
13.28775939215438,1.9516034456917024,2.675684105434753,17.915523994459843,114.90033442089268,2.6264995192769383,2.7258191903389104,0.44640703723383773,2.0572919107939307,3.9894322483787965,1.0349457899860524,2.7870290699580975,1044.8919200731032,No,Cabernet Sauvignon
13.337386967732122,1.4216393735452333,2.2592588436088463,11.788994612528814,94.72048859444305,3.418378780858564,3.3468296255671053,0.32998218464037327,2.0195672610336604,6.896194977167768,1.2859999604082855,3.093019213180736,1409.8559682094024,Yes,Cabernet Sauvignon
14.288705944488846,,2.40668514628514,16.18613747120117,114.219992562578,3.110829847398837,3.1786819681078042,0.23167161859239271,2.311221426159673,5.577931705060891,0.9790672810724649,2.500917352155599,1237.929627642307,No,Cabernet Sauvignon
13.85600473577562,2.480024324692263,2.558802464171028,13.35715521770111,117.48117737492544,2.8202365035854617,2.565887303144904,0.35512645003360244,,5.164934896945979,0.9200959297049027,2.558487806134269,1159.3646593795856,No,Cabernet Sauvignon
12.443655301287997,4.184634906485156,2.804317539379118,15.414408078306133,66.79618646176698,1.7970332936207456,1.825323375001463,0.3631961016571479,1.4106077746956318,3.409397787548615,1.4117768163023507,2.481823045826218,226.44256568975715,Yes,Merlot
14.194791967297427,1.3593907189078518,2.320951281284402,21.463295985561818,122.26106829287664,2.635743236528655,2.468159621349419,0.15603541856197514,1.6559604535771544,4.276498590199068,0.9859731880499789,2.519862267589362,959.5973895345256,No,Cabernet Sauvignon
11.966424743115816,,2.3537203874144312,22.684246015707842,117.5747389279967,2.018393662137574,1.824097196492066,0.4681736040402431,1.6763512181783293,2.7259888012597258,1.223208381051023,2.474216599717114,447.7763147394461,No,Merlot
13.532557485007112,2.2300634015977367,2.766310926781622,15.784514673252383,104.31671536173165,2.6386382762877094,2.2748127186212175,0.2766949828969478,2.415971879447296,4.873313824548992,1.1578280879149585,2.6424216948551438,1272.1050246817263,Yes,Cabernet Sauvignon
13.146477158978255,2.1328903749862103,2.293337550786634,18.029928955316883,94.86047763473022,2.881215535876041,2.8083362887395515,0.22646677457295794,1.5712432913827838,4.918323086141207,0.8561999352140695,2.620579815833375,1247.4170426934172,No,Cabernet Sauvignon
12.554355245700949,1.9326747441536674,2.698621849608993,18.12494585336637,113.21179867288521,3.2556939868245345,2.8051143691988365,0.24208107830741393,2.399609078749398,5.771031803579863,1.0111466400197933,2.287288466706781,1082.8549130492001,Yes,Cabernet Sauvignon
13.64825586596702,0.2046789607256032,2.5462526946963715,18.86374726631246,116.5680773835391,3.0311643484453805,2.6416096434361758,0.3228552461734542,2.3677080436280686,5.1864827307504955,1.029392085469711,2.5752731868147976,1281.021595777974,No,Cabernet Sauvignon
12.315787061140693,2.082849829066934,2.3435117067175484,25.925744076297107,150.49551984225852,2.494571964355792,2.399741895409087,0.3341093251982615,2.0271761028060427,3.735535990934011,0.8617511376000955,2.2815302065623064,630.5185368587527,Yes,Merlot
14.007989711287747,1.8005811535321976,2.056924347499023,16.787873670844977,90.86495052538294,2.404467291018281,2.1904945636244446,0.324728449566215,,7.021148272964686,1.2207979084302036,2.833517506058048,1429.8418164296454,Yes,Cabernet Sauvignon
14.698365445845893,2.6284707858873837,2.555352618474502,17.909245375857406,114.26976112419001,2.5220797005548605,2.1497297840954204,0.3331364777587319,2.129344988069178,6.252531520178999,1.1239318693193678,2.712564982243017,1129.9822119562982,Yes,Cabernet Sauvignon
12.515915137471323,3.0743833942800074,2.4607286284458776,17.2708718162908,109.74513578949315,2.4234271551626287,2.6134969013404765,0.25429946482649257,1.3696093337591444,9.59579276392946,0.5220762308875238,1.6319580354877694,607.1609843879493,No,Pinot Noir
13.588888651450613,1.939729543725266,2.458487847055802,17.932630796085444,101.75807020324523,2.719018432391529,2.545767473491517,0.1891054440186162,1.6934809612553965,5.547175679229156,0.8725490411787854,2.17562902047492,1356.8204786327683,No,Cabernet Sauvignon
12.830296235673341,3.6595369225880563,2.3403536995624825,19.328456745880462,90.22686365566648,2.2797859837089063,2.1734562615458204,0.6369164092820087,1.4943145879396929,9.497302676340256,0.7490761955832714,2.1039505899289948,720.3349393075375,No,Pinot Noir
13.066313946196564,2.4795934106781115,2.7590157209456745,13.668466826943533,116.4283939549484,2.646492731780377,2.0788798253270206,0.3381052908326559,,4.4109383498864405,,2.593097533855016,369.3087440605158,No,Merlot
14.206357908909913,1.900597749914735,2.3698235845018187,18.736676529071023,119.34172060895472,3.2615797689770085,2.8066608430103406,0.2559020507429375,2.2594221120570466,6.1191501721214125,1.0894551617241763,2.6278964859113225,1206.3615318583998,Yes,Cabernet Sauvignon
12.256020474509413,0.01,2.0724970744063507,21.932737734844817,93.53934789436505,2.3844644074521217,2.5331317546973584,0.22151187284949492,1.62137782809434,3.599319568353789,1.2902291096187657,3.0751019805686144,310.3173063073891,Yes,Merlot
13.050931534885446,4.524528910647732,2.323128433304186,20.02860495084315,93.10147492940666,1.6083924588771845,1.670040289904465,0.22490590607074137,0.8025541836585802,3.3253605744182844,0.6116598584850194,1.7381509052367516,747.4693806167454,No,Pinot Noir
13.352028694164648,0.7575265582505102,2.547638796064283,16.365093304880546,107.22485472337922,3.104938136502311,2.6285557570305746,0.3762312594002512,2.058563400882827,5.09508429507259,0.9119332539370514,2.3838225713534706,1116.1410187049844,No,Cabernet Sauvignon
11.896966263524218,1.7540789440204738,2.4391811349630292,11.269086152913726,57.91179990139818,2.5565628668858373,2.458802953032885,0.342465250630151,1.8509088169520589,2.6503579093278615,1.2844848818599646,3.1846156262980374,296.78095839329205,No,Merlot
12.502620045653217,1.0794823513045866,2.361388533210957,18.756008086952374,72.24828389349075,1.7075988102399027,1.4264391794505784,0.3807008626062089,1.3442410763933297,2.9671131953776007,0.7316403332897825,1.5190264834990268,412.74109661760474,No,Merlot
13.508406339432005,2.183425068452067,2.555056454198695,19.1913590102038,113.05089791334471,2.89351835832998,2.4575023743429263,0.31294225289663646,2.4473877575060516,4.2096539437343505,0.9962615905860132,2.529934503347561,1047.9171223933843,No,Cabernet Sauvignon
13.817200446349347,2.544437172359448,2.6994097053264747,17.806993660233122,114.02811667917082,2.9595585128407884,2.5581739233906196,0.26695534211486943,1.6476153611471476,4.41534485250295,0.9602925834795121,2.1724683347425984,1194.4635344918793,No,Cabernet Sauvignon
13.598748628090528,2.0708511518376653,2.241604084894727,22.173488192220837,117.93618872038877,1.5661331227260098,1.4998264397920569,0.2833795838333555,0.4004333932659664,8.317614095245258,0.7081447502259075,1.6481162459926053,806.6296606383248,No,Pinot Noir
12.87299515415628,2.019267447245252,2.0956061155499435,23.827860749549263,107.41207367797473,2.553754391734214,2.302996243259163,0.48898082108431284,1.8187093955637101,3.6311744436838556,1.3928232217539214,3.0200880194827535,379.29800311367217,Yes,Merlot
13.745292453450872,1.7943547558935091,2.229484324248024,18.097477573472236,98.7102845080921,2.6144395659178254,2.4907513387597557,0.3052208290712283,1.5866395784413516,5.811450118685846,,2.4574488525222944,1175.1306764381122,No,Cabernet Sauvignon
14.508104840825602,1.3539794906733127,2.2085857115996506,18.94402382569634,109.18874023510241,3.012457980939552,2.9585269921985193,0.2513582689691896,1.7938559566742982,5.4118256060915195,1.052844976000931,3.0359724535264716,1427.4061419131629,No,Cabernet Sauvignon
12.408480911807263,,1.934117571831064,22.878805024981883,106.8441939539644,2.081332143025601,1.8775887784265626,0.40704319332718947,0.9580696518512458,3.1314067875798437,,2.2248673058697763,574.9771533923856,No,Merlot
12.023986865920289,3.6168723733978236,1.9246790386976382,21.717440011333927,91.3315899127347,2.0481830462064776,2.050740250806495,0.21256917409057843,1.6914492769352532,1.9984312195551936,1.2973740897811301,2.8097219447335293,659.8903281760217,Yes,Merlot
12.400233860538126,2.617545305052352,2.013276324217946,18.016312125979123,72.48556136593466,1.751222261641975,1.5446000038811398,0.3280092763638472,2.341805897566564,3.0037901381072234,1.0691115642227191,2.2887258504635937,670.3686334877178,No,Merlot
12.749615535905555,0.6159759208319986,2.0181077340264473,24.3775809676375,67.58975786472197,2.622601843305013,2.507901572916356,0.4274213301886287,2.0531614945422385,3.9052446297280223,0.9003052534460065,2.288561811244082,405.81903477825824,No,Merlot
12.279937971098336,2.90605096049475,2.1180303015352226,18.71169594282558,100.61703632687713,2.7084147845180726,2.511220770050123,0.3237704142699701,0.8824728230370785,2.8478172755253626,1.2204444784310282,2.8316881787956416,374.53576683467054,,Merlot
13.43458538894552,4.727631085690207,2.482863933606053,24.40873141506391,107.92493001241965,1.2843017401352783,1.1674198565731038,0.33830681459630824,1.693653174061184,8.338838079666399,0.6111829749582138,1.366030943151532,634.8773186608311,Yes,Pinot Noir
13.553914407098222,1.6340969126812237,2.239762463171693,18.636648821119465,106.43662879257317,3.51360561709217,3.6693173642964427,0.16332681217579392,2.1904116132156566,4.691377974183327,1.0443756430943767,2.844628576844566,1017.9108113429498,Yes,Cabernet Sauvignon
11.915727105104295,2.9424004019163617,1.9252542409834206,22.515166057403544,96.10669538724873,2.269585524991874,2.334551339418753,0.4016025787230736,1.4809720344408426,3.403918022224637,0.8410589034227502,2.221637277135118,609.2228509555707,No,Merlot
13.910151717641325,3.1528815094632527,2.322119020811844,21.545074049061387,76.05534507801111,2.280418083888086,2.4468332946526075,0.47653188561218573,0.7386942402714531,6.562639937242056,0.9404392097102259,2.42301833473824,724.0074904468502,No,Pinot Noir
13.514042709339355,2.2941320191074563,2.540457821963512,9.610952939137325,116.25902727290232,2.8546437873482566,2.5332798272049435,0.22253573689359277,1.9455198261361184,6.085589644965505,1.1089436268799084,2.5643956287396463,1294.8965533778407,Yes,Cabernet Sauvignon
13.884178306350329,2.313469601705897,2.77722762373089,15.45926727951973,115.59127803171395,2.5079279482930135,2.4708393367199393,0.2963109779367301,2.8439087737318447,4.211557104738639,,2.3671371209013734,1027.8980478296685,No,Cabernet Sauvignon
12.88784270161551,2.0535643752571735,2.1265766412875897,16.433989689649284,87.40950013858684,2.1276635113395828,2.2349042372875547,0.2848571557049131,2.3580900065093884,1.9907409440954897,0.8093355541956743,2.4463748318673453,776.470424077899,No,Merlot
14.131914006849094,2.8762075059956365,2.349576348270561,13.523286425061858,119.43901532839352,2.879964007791316,2.727156695835948,0.2839128017075785,2.021774209125526,7.525063647383966,1.1628619637125062,2.915027077859563,943.8127547906698,No,Cabernet Sauvignon
13.401075653622911,3.0431679543400714,2.4003661903736604,19.451099337000024,98.71038121353493,1.8548188845511495,1.5327384753312776,0.2237043174619715,1.0476199981584169,5.8849896177958065,0.7548279404733012,1.710059494160203,616.5551615978112,Yes,Pinot Noir
14.11399408839853,1.4213064671581739,2.2491668429218583,20.667953126772606,112.36527797196683,2.5640826742423855,2.4171797694741044,0.17742699321519206,1.947649571746511,5.085811759308522,1.0678094186967444,2.398339518838409,937.1012966280379,No,Cabernet Sauvignon
12.366284854947827,1.68175288712977,2.742573952230085,22.113781677706637,112.53853437924386,1.7947582043259827,1.893111040361142,0.3620114948714337,1.8208520251485234,1.294092430821179,1.0183656142582462,2.156474348176213,343.5826655702195,Yes,Merlot
14.068757784233542,2.4065439667308577,2.46847582072918,15.672558738610713,118.93057234159657,2.933111957047352,2.614988911680007,0.25380900425319475,2.255650927010803,5.80623202210722,0.8855836287939719,2.2279810221515284,1064.1668704221122,Yes,Cabernet Sauvignon
13.574011310896557,2.5493908256256947,2.176813783646754,16.322679674605478,84.51902916946926,3.0896124592772907,2.896071434389422,0.4491094278185572,1.4321295995902323,5.52278942396813,1.1117495391127188,2.744222885111061,1615.8385116994798,No,Cabernet Sauvignon
12.213533443580037,0.4742052950153326,2.8034887635608348,18.55596500266658,114.58085499505486,2.083586002163047,1.8928245140734414,0.5030005722749565,0.8265078068028916,2.9585289063801152,0.8363832035346571,1.8702211571970366,357.7892385265592,Yes,Merlot
13.228837920335902,2.840144049537333,2.389299778301328,22.143954538751554,,1.8533458998549235,1.94466614188843,0.36027158469260057,,6.211045746038485,,1.6157089998590337,743.2046648674068,,Pinot Noir
13.54016439182135,0.7183659219067289,2.339129296889666,18.875304530342362,105.85767355086053,2.6341921658998158,2.6768533775735865,0.28764775920307006,,4.559029247835509,1.1205476862028265,2.6298726079812185,1038.3587400885042,Yes,Cabernet Sauvignon
14.253144355029944,1.464125305799201,2.714067376817051,13.092789136650376,80.42091487638285,2.9022878566649126,2.5627579279571,0.2067783892481676,2.192725357728355,3.2870554585989704,1.2203987888227021,2.837847382682444,814.094142264647,Yes,Cabernet Sauvignon
12.536835945408402,2.4837092541694314,2.2080494803611406,19.998541647154006,89.78499454717267,1.5146689726119718,1.5263125211167905,0.11616801719475559,0.8229761939011605,2.779046999283656,0.8124548383405443,1.9167844666275984,386.7414679451057,Yes,Merlot
13.056208124193743,1.6125341284563919,2.189804462840774,20.798585389553928,93.88151046982564,1.8234450423931938,1.598523591984215,0.16584945373665616,0.7298473834404948,7.661245459561584,0.8507167709584684,1.8974881993253692,690.1230701503504,Yes,Pinot Noir
12.024992210813723,0.26311800778847316,2.4901568729753016,18.35451976979652,,1.96843284355992,1.9956663466141247,0.09576376846329615,2.166970915101528,3.2099468921476273,1.3880565621509997,2.8662140291274643,381.2682267409309,No,Merlot
14.86382655017304,2.7952340784888,2.7334577348500155,17.525728227715366,99.60246672290235,1.8389526441169095,1.9840821246226763,0.24898572526838902,2.0947274188597134,5.578639096996061,1.0411643981498442,2.260051279861893,1002.6070405675875,No,Cabernet Sauvignon
13.404448287404447,2.1978108880435077,2.151720926352158,19.1951464472705,103.70064518369838,2.327884884678117,2.099141639501991,0.38471515042794413,1.1105269294365594,5.4718924489590215,1.1617169116446773,2.7112057701946783,1135.7504344038414,Yes,Cabernet Sauvignon
13.06103121284019,1.939034080263243,2.518116418020017,18.413651047922734,,2.868643908357767,2.454250888285367,0.2612626208389489,2.0973071175356397,6.720372457885427,,2.430457054177848,967.9655589619654,Yes,Cabernet Sauvignon
13.635585210953995,4.5737923578375455,2.4157733927808502,21.0892451684399,95.51031037430184,1.902440599934781,1.5765956501965475,0.2749523249636655,1.3408214677672823,5.640309798372436,0.7135091937420177,1.63416409552924,616.5296699416193,No,Pinot Noir
12.97777312142939,3.1274291020288376,2.234472822905721,20.96452659607055,100.77386032043763,1.70009902117289,1.4414984374210065,0.508879151449679,0.9313979990783885,10.388833777457126,0.746133743609065,1.641540000190956,550.3856681478568,No,Pinot Noir
13.580322186263487,0.9534574188409566,2.4438438595633523,15.794418803242698,103.75839952762998,3.0072789792169132,2.732822126610366,0.33120922947506054,1.495652432857473,4.662134248320913,0.9704413019815277,2.3448847741016667,1201.938091419407,No,Cabernet Sauvignon
13.651356700793254,3.167521327783664,2.339920562972682,13.080173958923753,109.01226638139302,2.7511144888617296,2.2890627782897797,0.25964607603920686,2.3712739411268737,5.2909905253345615,0.8467372110296123,1.9928261920845847,1079.7355525789358,Yes,Cabernet Sauvignon
12.444419175829688,1.4016113615474541,2.6069925616480147,18.240145414446072,88.37765291919077,1.9827120243530496,1.5286817209644108,0.26247036467451107,1.7162256796810944,3.3507406199113277,0.9344724366721566,2.013002647162946,405.3519931921196,No,Merlot
12.360620272338522,1.915075638164568,2.0608205458043036,19.07300441254138,120.78937623465288,2.486908273706157,2.371324568612575,0.3400908173878704,2.329497615848253,4.556688850916263,1.2782410181172326,3.0365754817651607,237.62853167278945,Yes,Merlot
12.984184142649497,4.241939874651068,2.1594783383969394,22.605725057180035,87.65164142945359,1.528426827925558,1.2836322837865417,0.45785536506699664,0.8320964753188074,6.8056789524233166,0.8837154922196152,1.9146947002453778,630.9232434840651,Yes,Pinot Noir
12.960727931179521,2.693810011396921,2.54762844970938,20.454540212360317,93.26348280384508,1.617583458102795,1.3143139729620525,0.518713027460789,0.9406513011595039,4.386951788368407,,1.549674409861885,567.6510292418626,,Pinot Noir
12.813899792507385,3.6339096598094724,2.3780343291560584,22.205784379238374,85.52482937213509,1.4472798101862259,1.4557424495949867,0.44931357837936514,1.161432707819778,10.040325374632918,0.601467539546785,1.5443978179221793,605.4162106931507,No,Pinot Noir
12.865712185251365,,2.2258927561255053,19.382876990689393,102.63077191241302,2.1035811430942672,1.8627862108467788,0.5247906169968569,,5.02333067920646,0.9219790183895734,2.0447667244749756,228.24473670269845,Yes,Merlot
14.12091003344503,3.434128955604301,2.7539756705431153,12.00633326777535,82.28374653195021,3.1497697880982107,2.9622916822328804,0.2321233626224848,2.0428514705085283,5.070324796514591,1.1394421879863104,2.9403548043908456,950.8371542174491,No,Cabernet Sauvignon
11.536707071656158,2.9301340049446427,1.5350881975969186,23.400662389062862,81.0633928874022,2.2246048674372,1.9107182518197772,0.18213954013433742,1.7282858227823992,2.8015510745098933,1.0616195622697717,2.402531258003123,209.5172991350343,No,Merlot
12.7762386892032,2.831786650077155,2.417784052062055,21.841993103722146,85.9151656114139,1.8696944612519584,2.0568814075323014,0.39684654236281847,0.8448893324200855,5.790396923194468,0.7025260871329448,1.6866155461043404,614.699019085693,Yes,Pinot Noir
12.259800803047064,2.036212240291067,2.3383714452780877,22.38507942891899,89.5842052270196,1.6543408537073128,1.4804078995033,0.2601735660403421,,2.88716118957433,1.3413348417921953,2.6497261630615805,689.0597176306927,No,Merlot
12.360591290037325,3.6800902874953194,2.120502117550946,21.38363837200223,101.60526722275428,1.376342029147012,1.3671682988264866,0.5895622897006416,0.8023650562090345,12.379892912464676,0.4975904360651603,1.3499371592444964,560.2059340998053,No,Pinot Noir
14.379593787620218,0.9482475807713722,2.1921662495618253,15.882105856675134,113.13233412362584,2.8269664006984945,2.4937581667632958,0.2411709955382584,2.3263910518972537,6.31193746213183,1.1044999712394772,2.5468061383182494,1261.4832815174775,Yes,Cabernet Sauvignon
14.263620603484016,2.321570040201628,2.7471375266095848,15.596292433042791,93.18689093892856,1.8873372393699683,1.5557531299552676,0.260137651185863,2.0940792925910827,5.409074228248211,1.0717870580123257,2.325023883333031,1060.9896722581898,No,Cabernet Sauvignon
13.493327145840132,2.743147739302379,2.459163038981832,23.127199501475122,96.86651784283814,1.8857863312445884,1.8157901120697055,0.3698895958984588,,5.832728696473137,0.6344665411745634,1.789950982724089,585.7006264363772,Yes,Pinot Noir
13.296155529001839,3.392657076298665,2.272888917470084,21.87520099376241,101.8808218159862,1.7443892433218406,1.8690864790069848,0.5728303975950009,1.8692009880408849,7.851602617342733,,1.6974834192350627,634.6448242933651,No,Pinot Noir
13.577361077028945,1.7826612166628393,2.2200903838910135,12.321954709847532,118.31450748883208,2.9240181113699264,3.033527391262771,0.2777522374300075,2.0429459888622694,4.800407339603119,0.9102881379301784,2.544418506683376,1240.861059191666,Yes,Cabernet Sauvignon
11.768425644922289,1.8898382377352527,2.2465627404852273,22.317645141745714,86.90083918149847,2.010207422464974,1.7473877524370638,0.11442843605419414,1.280444199447135,2.3464926805717456,,1.9812996260418916,741.3549584340423,Yes,Merlot
12.005364570468002,2.1452973606743204,2.5114900636681083,22.132498617972278,88.75676536704555,3.176213538105525,3.0336901715158593,0.5167542463823164,1.4717738596316177,3.303200338100642,0.8304317543699229,2.381005392797463,647.0602437523988,No,Merlot
12.422163750438575,3.0185732971354855,2.4554602893512096,20.028298285498092,100.76473337651356,1.5879754646505357,1.2694363455193753,0.4740186906106231,1.0252614612662803,7.373157819342913,,1.2958139534720954,729.6810235309306,No,Pinot Noir
12.626355485130672,2.4996740955376797,2.6187010317925337,18.39018818455788,124.80938349413279,2.932148190430897,2.9200560620938365,0.2907688024807681,2.29153653649488,6.6533121833442594,,2.729569770375279,1598.746527766113,Yes,Cabernet Sauvignon
12.679909461946655,2.8149739612028135,2.270477638488819,23.41005798462781,,1.9672000593052155,1.8494255495922132,0.3839733898275853,,6.32584044131655,0.5765590467320727,1.4573602967001456,655.4539736549282,No,Pinot Noir
13.14478465779276,1.9428885612204154,2.2822888392339165,17.45328554465355,107.01589442079904,2.275634013620821,2.2710946211514838,0.36934980920129373,,6.592121793927726,1.1174596235217915,2.5763370410034834,1340.76172698351,Yes,Cabernet Sauvignon
13.464237596275025,0.8060434487891381,2.2609746759133746,14.721390942156773,84.869924815153,2.8557204276199317,2.724192407065732,0.2240923678439139,1.9908651193549862,5.840687201410568,,2.738839737904824,1110.6532708361126,No,Cabernet Sauvignon
13.71310474113414,3.7748966047475134,2.460745667998019,20.68435630989748,89.04134081710966,1.4830382590390563,1.6874436627705578,0.6797240732468506,1.0716898137504065,11.622544694319503,0.6916446168488256,1.6231040743925265,421.5159754474024,,Pinot Noir
12.958010671252213,4.92611304832294,2.213830434114856,20.555819256359733,100.95523514209476,1.4330695497885382,1.370508898236347,0.38015439814655083,1.5175276267140183,9.292150340396567,0.8309218890336387,1.8821953009110646,846.6779294007612,No,Pinot Noir
11.803157540078669,3.3785633519678644,2.250638885230292,21.101210548584117,85.58559666205426,2.8629816343272676,2.748630538336974,0.531245934988705,0.5073126490674942,4.056127914775056,,2.5683987521710616,453.206055978116,Yes,Merlot
11.69799154308197,0.8160697463193605,1.8945354494920796,18.883416241421173,90.19576072829511,1.6586544709279658,1.6718207962720624,0.5504915193769376,1.1083426140410215,1.906863964289742,0.7496027693747828,1.5265712960650069,415.28786216722847,No,Merlot
12.755862389480953,3.6372605607644046,2.502517939684076,23.896703518208884,76.74303952607806,1.5765428058738196,1.3311747636537357,0.4662635355843597,1.6076985032582485,4.008562299327534,0.736268885467696,1.4622762954881314,564.4984957032367,No,Pinot Noir
14.117555622957289,0.01,2.209468751264776,16.876102906121044,89.5868358097971,2.409953474817714,2.2190015999553387,0.22938420813173996,,4.726167632035205,,2.3283962065047485,1117.7530270727366,No,Cabernet Sauvignon
12.397966032221985,4.787344822524846,2.316666766126567,25.149428430855075,93.78350416688426,2.6859766851022275,2.5511997312994317,0.43087716959962485,1.6629179595651318,2.149810003123988,0.8405869922262886,2.4449404221327895,719.7950981327679,No,Merlot
14.199912123455146,1.2855638863406638,2.2850410655774063,20.312866822187097,100.9750902118747,2.8956076926865824,2.330455470559966,0.22214209955829653,2.060771313231525,4.644343501970424,,2.3733655595818064,1232.315444667028,Yes,Cabernet Sauvignon
12.890346823260245,3.459221751884153,2.439178302184787,21.424877994671828,95.22224936823835,2.7032751751616306,2.74413076756187,0.2635731285864212,1.464642141509925,10.170909091818725,0.6604429887598791,1.7889856087547065,665.05047499227,No,Pinot Noir
13.832419473548748,5.245665984568523,2.3543192605955476,21.560285571840506,100.90057207894779,1.5848259874164559,1.7011872684906832,0.5900564841133875,0.7936503439254414,8.411934592947713,,1.7549441666626682,661.3222121964027,No,Pinot Noir
14.139225150653635,2.3710452939210267,2.463284904253372,10.872819678649783,95.76708844002944,2.7452953806666947,2.1583171570968056,0.2544819596519702,1.1906341844761275,4.693782712286553,1.0287491094103138,2.329841444737672,1458.2772045723807,No,Cabernet Sauvignon
13.233712340509399,3.166847593071458,2.5210611853810625,22.7013666157997,100.62501180252421,1.8149958700889974,1.6568966705392492,0.2651001277949709,1.2204258654863371,5.13628968320166,0.732650324832579,1.9868765462016127,391.5882429755838,No,Pinot Noir
12.496570451573714,1.8544986677308246,2.0545216103436084,15.679516564799922,97.66340919273507,1.2621501353050746,1.2550077919624045,0.2924661114381947,,4.14785110454799,1.1910651949158357,2.4600599222504416,669.4865188720248,No,Merlot
13.530483462049718,2.301210951270287,2.3604723752700374,12.480757850562668,123.49497527707625,2.483392738578812,2.1623088717673937,0.3367988740279715,2.6010590218203755,5.363300328336299,0.9144052868458472,2.3391430158830073,884.4751518486396,Yes,Cabernet Sauvignon
13.536163452819018,1.1032515552079176,2.2300633096927363,21.78238701932938,100.31838183623084,3.0114966998496753,2.561434923973735,0.3663461955261692,1.9467920936095546,5.055555268406671,1.0411405185363427,2.526773472092991,1152.6101774812512,No,Cabernet Sauvignon
13.509131053000834,0.5489115948060959,2.429474297076232,18.9563970642879,90.36059985720969,2.7668192709168924,2.7016733229382535,0.32362340071169654,1.1894529444615114,6.155334197070936,,2.429213132251109,1386.872236458711,Yes,Cabernet Sauvignon
12.513410594375738,1.60976876974127,2.7616529085742654,20.50844094859425,91.1850166239816,1.4445976705861756,1.6142229068746128,0.5290007354893933,1.2659921993973986,6.31891816202946,0.7303435875745389,1.8578842172786598,774.7142692728861,Yes,Pinot Noir
11.529463501749303,3.698460085007201,2.4117815861113177,17.43778894436116,95.83399132900921,2.005809081984186,1.9570076011619602,0.34072546318550767,1.4042119267172537,2.7945091123401027,0.8613028130387164,2.1168648917257773,358.80836777988134,Yes,Merlot
14.170282358195607,1.1238469501257025,2.590119382341886,15.642072922359716,103.92777460009178,2.8070913997054983,3.0065719004167257,0.30938710726535557,1.3284738263094886,4.909303493481536,0.9523715031954423,2.541974426117461,1181.2448967621526,No,Cabernet Sauvignon
12.750507173747634,5.613453486729551,2.640964653734277,21.843620984758015,85.35794833977633,2.0989973978845042,1.961945657271059,0.48338280352348456,0.42276824655941103,7.988900646615994,,1.8716410689621454,697.0936245979071,No,Pinot Noir
13.393951600470094,3.0185319033894977,2.4004050811698185,13.684009741703628,108.46364171210793,3.0679460469609845,3.010622003042908,0.4374819313294702,2.590452949867804,4.322680759038143,1.1389083303369545,2.939299028819761,1402.7414372315645,No,Cabernet Sauvignon
13.180007946879751,2.9166854794023687,2.5897816514294814,11.200973183121954,75.75356378406367,3.2035304978467734,2.9615067666237764,0.29093489140805706,,5.35716579207985,1.047313150571193,2.602117389010701,950.2750827241981,Yes,Cabernet Sauvignon
13.328205885593718,3.25831616570402,2.8396950732988904,11.73201913167578,94.3008429762181,3.0507890730217944,2.321805475995403,0.4048247865728818,2.1942933441120656,6.351594238765451,1.0237669308846036,2.6300566327710224,864.7293210202084,No,Cabernet Sauvignon
12.096346663840759,1.9231070082921993,2.2007436092432897,21.59601871661032,86.68654353674326,1.3148836489831217,1.1038098240862455,0.5005829411021732,1.8911271685871778,4.457777550304,1.3827501696478,2.4303826542537825,634.242167435032,No,Merlot
14.032692554486392,2.24339591671567,2.370396841841445,15.626118447174793,109.17040969399356,2.9789392586093357,2.511799269136356,0.21295371150359477,2.0565984149392427,6.302101222343211,,2.523320153280563,847.5893710539472,Yes,Cabernet Sauvignon
